kulfan_upper_weights_0,kulfan_upper_weights_1,kulfan_upper_weights_2,kulfan_upper_weights_3,kulfan_upper_weights_4,kulfan_upper_weights_5,kulfan_upper_weights_6,kulfan_upper_weights_7,kulfan_lower_weights_0,kulfan_lower_weights_1,kulfan_lower_weights_2,kulfan_lower_weights_3,kulfan_lower_weights_4,kulfan_lower_weights_5,kulfan_lower_weights_6,kulfan_lower_weights_7,leading_edge_weight,TE_thickness,alpha,Re,Mach,n_crit,xtr_upper,xtr_lower,C_mu,x_jet,theta_jet,CL,CD,CM,Top_Xtr,Bot_Xtr,converged,source,confidence_label
0.25932660326889856,0.22734437731436383,0.2606445849659313,0.19152118611392158,0.24722769683735676,0.1895640050889689,0.21884683823785184,0.20879942136857782,-0.25932660326889784,-0.22734437731436563,-0.2606445849659272,-0.1915211861139278,-0.2472276968373516,-0.18956400508897223,-0.21884683823785064,-0.20879942136857804,3.2271094574302454e-16,0.0038218495999859836,-2.0,150000.0,0.019472303206997086,9.0,1.0,1.0,0.0,0.1,30.0,-0.179,0.095,-0.007,1.0,1.0,True,FlowControlLab_NACA0018_quasi_steady_pressure,0.85
0.25932660326889856,0.22734437731436383,0.2606445849659313,0.19152118611392158,0.24722769683735676,0.1895640050889689,0.21884683823785184,0.20879942136857782,-0.25932660326889784,-0.22734437731436563,-0.2606445849659272,-0.1915211861139278,-0.2472276968373516,-0.18956400508897223,-0.21884683823785064,-0.20879942136857804,3.2271094574302454e-16,0.0038218495999859836,-1.5,150000.0,0.019475218658892127,9.0,1.0,1.0,0.0,0.1,30.0,-0.129,0.095,-0.006,1.0,1.0,True,FlowControlLab_NACA0018_quasi_steady_pressure,0.85
0.25932660326889856,0.22734437731436383,0.2606445849659313,0.19152118611392158,0.24722769683735676,0.1895640050889689,0.21884683823785184,0.20879942136857782,-0.25932660326889784,-0.22734437731436563,-0.2606445849659272,-0.1915211861139278,-0.2472276968373516,-0.18956400508897223,-0.21884683823785064,-0.20879942136857804,3.2271094574302454e-16,0.0038218495999859836,-1.0,150000.0,0.019478134110787172,9.0,1.0,1.0,0.0,0.1,30.0,-0.081,0.095,-0.005,1.0,1.0,True,FlowControlLab_NACA0018_quasi_steady_pressure,0.85
0.25932660326889856,0.22734437731436383,0.2606445849659313,0.19152118611392158,0.24722769683735676,0.1895640050889689,0.21884683823785184,0.20879942136857782,-0.25932660326889784,-0.22734437731436563,-0.2606445849659272,-0.1915211861139278,-0.2472276968373516,-0.18956400508897223,-0.21884683823785064,-0.20879942136857804,3.2271094574302454e-16,0.0038218495999859836,-0.5,150000.0,0.019472303206997086,9.0,1.0,1.0,0.0,0.1,30.0,-0.031,0.096,-0.005,1.0,1.0,True,FlowControlLab_NACA0018_quasi_steady_pressure,0.85
0.25932660326889856,0.22734437731436383,0.2606445849659313,0.19152118611392158,0.24722769683735676,0.1895640050889689,0.21884683823785184,0.20879942136857782,-0.25932660326889784,-0.22734437731436563,-0.2606445849659272,-0.1915211861139278,-0.2472276968373516,-0.18956400508897223,-0.21884683823785064,-0.20879942136857804,3.2271094574302454e-16,0.0038218495999859836,0.0,150000.0,0.01946064139941691,9.0,1.0,1.0,0.0,0.1,30.0,0.018,0.096,-0.003,1.0,1.0,True,FlowControlLab_NACA0018_quasi_steady_pressure,0.85
0.25932660326889856,0.22734437731436383,0.2606445849659313,0.19152118611392158,0.24722769683735676,0.1895640050889689,0.21884683823785184,0.20879942136857782,-0.25932660326889784,-0.22734437731436563,-0.2606445849659272,-0.1915211861139278,-0.2472276968373516,-0.18956400508897223,-0.21884683823785064,-0.20879942136857804,3.2271094574302454e-16,0.0038218495999859836,0.5,150000.0,0.01945189504373178,9.0,1.0,1.0,0.0,0.1,30.0,0.065,0.096,-0.002,1.0,1.0,True,FlowControlLab_NACA0018_quasi_steady_pressure,0.85
0.25932660326889856,0.22734437731436383,0.2606445849659313,0.19152118611392158,0.24722769683735676,0.1895640050889689,0.21884683823785184,0.20879942136857782,-0.25932660326889784,-0.22734437731436563,-0.2606445849659272,-0.1915211861139278,-0.2472276968373516,-0.18956400508897223,-0.21884683823785064,-0.20879942136857804,3.2271094574302454e-16,0.0038218495999859836,1.0,150000.0,0.019475218658892127,9.0,1.0,1.0,0.0,0.1,30.0,0.112,0.096,0.0,1.0,1.0,True,FlowControlLab_NACA0018_quasi_steady_pressure,0.85
0.25932660326889856,0.22734437731436383,0.2606445849659313,0.19152118611392158,0.24722769683735676,0.1895640050889689,0.21884683823785184,0.20879942136857782,-0.25932660326889784,-0.22734437731436563,-0.2606445849659272,-0.1915211861139278,-0.2472276968373516,-0.18956400508897223,-0.21884683823785064,-0.20879942136857804,3.2271094574302454e-16,0.0038218495999859836,1.5,150000.0,0.019478134110787172,9.0,1.0,1.0,0.0,0.1,30.0,0.158,0.096,0.003,1.0,1.0,True,FlowControlLab_NACA0018_quasi_steady_pressure,0.85
0.25932660326889856,0.22734437731436383,0.2606445849659313,0.19152118611392158,0.24722769683735676,0.1895640050889689,0.21884683823785184,0.20879942136857782,-0.25932660326889784,-0.22734437731436563,-0.2606445849659272,-0.1915211861139278,-0.2472276968373516,-0.18956400508897223,-0.21884683823785064,-0.20879942136857804,3.2271094574302454e-16,0.0038218495999859836,2.0,150000.0,0.019481049562682217,9.0,1.0,1.0,0.0,0.1,30.0,0.204,0.096,0.005,1.0,1.0,True,FlowControlLab_NACA0018_quasi_steady_pressure,0.85
0.25932660326889856,0.22734437731436383,0.2606445849659313,0.19152118611392158,0.24722769683735676,0.1895640050889689,0.21884683823785184,0.20879942136857782,-0.25932660326889784,-0.22734437731436563,-0.2606445849659272,-0.1915211861139278,-0.2472276968373516,-0.18956400508897223,-0.21884683823785064,-0.20879942136857804,3.2271094574302454e-16,0.0038218495999859836,2.5,150000.0,0.019475218658892127,9.0,1.0,1.0,0.0,0.1,30.0,0.254,0.097,0.006,1.0,1.0,True,FlowControlLab_NACA0018_quasi_steady_pressure,0.85
0.25932660326889856,0.22734437731436383,0.2606445849659313,0.19152118611392158,0.24722769683735676,0.1895640050889689,0.21884683823785184,0.20879942136857782,-0.25932660326889784,-0.22734437731436563,-0.2606445849659272,-0.1915211861139278,-0.2472276968373516,-0.18956400508897223,-0.21884683823785064,-0.20879942136857804,3.2271094574302454e-16,0.0038218495999859836,3.0,150000.0,0.01945772594752187,9.0,1.0,1.0,0.0,0.1,30.0,0.307,0.098,0.007,1.0,1.0,True,FlowControlLab_NACA0018_quasi_steady_pressure,0.85
0.25932660326889856,0.22734437731436383,0.2606445849659313,0.19152118611392158,0.24722769683735676,0.1895640050889689,0.21884683823785184,0.20879942136857782,-0.25932660326889784,-0.22734437731436563,-0.2606445849659272,-0.1915211861139278,-0.2472276968373516,-0.18956400508897223,-0.21884683823785064,-0.20879942136857804,3.2271094574302454e-16,0.0038218495999859836,3.5,150000.0,0.019472303206997086,9.0,1.0,1.0,0.0,0.1,30.0,0.367,0.099,0.005,1.0,1.0,True,FlowControlLab_NACA0018_quasi_steady_pressure,0.85
0.25932660326889856,0.22734437731436383,0.2606445849659313,0.19152118611392158,0.24722769683735676,0.1895640050889689,0.21884683823785184,0.20879942136857782,-0.25932660326889784,-0.22734437731436563,-0.2606445849659272,-0.1915211861139278,-0.2472276968373516,-0.18956400508897223,-0.21884683823785064,-0.20879942136857804,3.2271094574302454e-16,0.0038218495999859836,4.0,150000.0,0.019495626822157434,9.0,1.0,1.0,0.0,0.1,30.0,0.442,0.1,-0.0,1.0,1.0,True,FlowControlLab_NACA0018_quasi_steady_pressure,0.85
0.25932660326889856,0.22734437731436383,0.2606445849659313,0.19152118611392158,0.24722769683735676,0.1895640050889689,0.21884683823785184,0.20879942136857782,-0.25932660326889784,-0.22734437731436563,-0.2606445849659272,-0.1915211861139278,-0.2472276968373516,-0.18956400508897223,-0.21884683823785064,-0.20879942136857804,3.2271094574302454e-16,0.0038218495999859836,4.5,150000.0,0.019495626822157434,9.0,1.0,1.0,0.0,0.1,30.0,0.527,0.101,-0.008,1.0,1.0,True,FlowControlLab_NACA0018_quasi_steady_pressure,0.85
0.25932660326889856,0.22734437731436383,0.2606445849659313,0.19152118611392158,0.24722769683735676,0.1895640050889689,0.21884683823785184,0.20879942136857782,-0.25932660326889784,-0.22734437731436563,-0.2606445849659272,-0.1915211861139278,-0.2472276968373516,-0.18956400508897223,-0.21884683823785064,-0.20879942136857804,3.2271094574302454e-16,0.0038218495999859836,5.0,150000.0,0.019475218658892127,9.0,1.0,1.0,0.0,0.1,30.0,0.613,0.103,-0.016,1.0,1.0,True,FlowControlLab_NACA0018_quasi_steady_pressure,0.85
0.25932660326889856,0.22734437731436383,0.2606445849659313,0.19152118611392158,0.24722769683735676,0.1895640050889689,0.21884683823785184,0.20879942136857782,-0.25932660326889784,-0.22734437731436563,-0.2606445849659272,-0.1915211861139278,-0.2472276968373516,-0.18956400508897223,-0.21884683823785064,-0.20879942136857804,3.2271094574302454e-16,0.0038218495999859836,5.5,150000.0,0.01946064139941691,9.0,1.0,1.0,0.0,0.1,30.0,0.685,0.104,-0.02,1.0,1.0,True,FlowControlLab_NACA0018_quasi_steady_pressure,0.85
0.25932660326889856,0.22734437731436383,0.2606445849659313,0.19152118611392158,0.24722769683735676,0.1895640050889689,0.21884683823785184,0.20879942136857782,-0.25932660326889784,-0.22734437731436563,-0.2606445849659272,-0.1915211861139278,-0.2472276968373516,-0.18956400508897223,-0.21884683823785064,-0.20879942136857804,3.2271094574302454e-16,0.0038218495999859836,6.0,150000.0,0.019463556851311955,9.0,1.0,1.0,0.0,0.1,30.0,0.737,0.104,-0.021,1.0,1.0,True,FlowControlLab_NACA0018_quasi_steady_pressure,0.85
0.25932660326889856,0.22734437731436383,0.2606445849659313,0.19152118611392158,0.24722769683735676,0.1895640050889689,0.21884683823785184,0.20879942136857782,-0.25932660326889784,-0.22734437731436563,-0.2606445849659272,-0.1915211861139278,-0.2472276968373516,-0.18956400508897223,-0.21884683823785064,-0.20879942136857804,3.2271094574302454e-16,0.0038218495999859836,6.5,150000.0,0.019466472303206996,9.0,1.0,1.0,0.0,0.1,30.0,0.773,0.105,-0.02,1.0,1.0,True,FlowControlLab_NACA0018_quasi_steady_pressure,0.85
0.25932660326889856,0.22734437731436383,0.2606445849659313,0.19152118611392158,0.24722769683735676,0.1895640050889689,0.21884683823785184,0.20879942136857782,-0.25932660326889784,-0.22734437731436563,-0.2606445849659272,-0.1915211861139278,-0.2472276968373516,-0.18956400508897223,-0.21884683823785064,-0.20879942136857804,3.2271094574302454e-16,0.0038218495999859836,7.0,150000.0,0.01946064139941691,9.0,1.0,1.0,0.0,0.1,30.0,0.802,0.105,-0.016,1.0,1.0,True,FlowControlLab_NACA0018_quasi_steady_pressure,0.85
0.25932660326889856,0.22734437731436383,0.2606445849659313,0.19152118611392158,0.24722769683735676,0.1895640050889689,0.21884683823785184,0.20879942136857782,-0.25932660326889784,-0.22734437731436563,-0.2606445849659272,-0.1915211861139278,-0.2472276968373516,-0.18956400508897223,-0.21884683823785064,-0.20879942136857804,3.2271094574302454e-16,0.0038218495999859836,7.5,150000.0,0.01945189504373178,9.0,1.0,1.0,0.0,0.1,30.0,0.828,0.106,-0.013,1.0,1.0,True,FlowControlLab_NACA0018_quasi_steady_pressure,0.85
0.25932660326889856,0.22734437731436383,0.2606445849659313,0.19152118611392158,0.24722769683735676,0.1895640050889689,0.21884683823785184,0.20879942136857782,-0.25932660326889784,-0.22734437731436563,-0.2606445849659272,-0.1915211861139278,-0.2472276968373516,-0.18956400508897223,-0.21884683823785064,-0.20879942136857804,3.2271094574302454e-16,0.0038218495999859836,8.0,150000.0,0.01945772594752187,9.0,1.0,1.0,0.0,0.1,30.0,0.852,0.107,-0.008,1.0,1.0,True,FlowControlLab_NACA0018_quasi_steady_pressure,0.85
0.25932660326889856,0.22734437731436383,0.2606445849659313,0.19152118611392158,0.24722769683735676,0.1895640050889689,0.21884683823785184,0.20879942136857782,-0.25932660326889784,-0.22734437731436563,-0.2606445849659272,-0.1915211861139278,-0.2472276968373516,-0.18956400508897223,-0.21884683823785064,-0.20879942136857804,3.2271094574302454e-16,0.0038218495999859836,8.5,150000.0,0.019472303206997086,9.0,1.0,1.0,0.0,0.1,30.0,0.872,0.108,-0.004,1.0,1.0,True,FlowControlLab_NACA0018_quasi_steady_pressure,0.85
0.25932660326889856,0.22734437731436383,0.2606445849659313,0.19152118611392158,0.24722769683735676,0.1895640050889689,0.21884683823785184,0.20879942136857782,-0.25932660326889784,-0.22734437731436563,-0.2606445849659272,-0.1915211861139278,-0.2472276968373516,-0.18956400508897223,-0.21884683823785064,-0.20879942136857804,3.2271094574302454e-16,0.0038218495999859836,9.0,150000.0,0.019478134110787172,9.0,1.0,1.0,0.0,0.1,30.0,0.894,0.108,0.001,1.0,1.0,True,FlowControlLab_NACA0018_quasi_steady_pressure,0.85
0.25932660326889856,0.22734437731436383,0.2606445849659313,0.19152118611392158,0.24722769683735676,0.1895640050889689,0.21884683823785184,0.20879942136857782,-0.25932660326889784,-0.22734437731436563,-0.2606445849659272,-0.1915211861139278,-0.2472276968373516,-0.18956400508897223,-0.21884683823785064,-0.20879942136857804,3.2271094574302454e-16,0.0038218495999859836,9.5,150000.0,0.01948396501457726,9.0,1.0,1.0,0.0,0.1,30.0,0.918,0.11,0.005,1.0,1.0,True,FlowControlLab_NACA0018_quasi_steady_pressure,0.85
0.25932660326889856,0.22734437731436383,0.2606445849659313,0.19152118611392158,0.24722769683735676,0.1895640050889689,0.21884683823785184,0.20879942136857782,-0.25932660326889784,-0.22734437731436563,-0.2606445849659272,-0.1915211861139278,-0.2472276968373516,-0.18956400508897223,-0.21884683823785064,-0.20879942136857804,3.2271094574302454e-16,0.0038218495999859836,10.0,150000.0,0.019498542274052476,9.0,1.0,1.0,0.0,0.1,30.0,0.941,0.11,0.009,1.0,1.0,True,FlowControlLab_NACA0018_quasi_steady_pressure,0.85
0.25932660326889856,0.22734437731436383,0.2606445849659313,0.19152118611392158,0.24722769683735676,0.1895640050889689,0.21884683823785184,0.20879942136857782,-0.25932660326889784,-0.22734437731436563,-0.2606445849659272,-0.1915211861139278,-0.2472276968373516,-0.18956400508897223,-0.21884683823785064,-0.20879942136857804,3.2271094574302454e-16,0.0038218495999859836,10.5,150000.0,0.01950728862973761,9.0,1.0,1.0,0.0,0.1,30.0,0.966,0.112,0.012,1.0,1.0,True,FlowControlLab_NACA0018_quasi_steady_pressure,0.85
0.25932660326889856,0.22734437731436383,0.2606445849659313,0.19152118611392158,0.24722769683735676,0.1895640050889689,0.21884683823785184,0.20879942136857782,-0.25932660326889784,-0.22734437731436563,-0.2606445849659272,-0.1915211861139278,-0.2472276968373516,-0.18956400508897223,-0.21884683823785064,-0.20879942136857804,3.2271094574302454e-16,0.0038218495999859836,11.0,150000.0,0.019489795918367345,9.0,1.0,1.0,0.0,0.1,30.0,0.995,0.114,0.015,1.0,1.0,True,FlowControlLab_NACA0018_quasi_steady_pressure,0.85
0.25932660326889856,0.22734437731436383,0.2606445849659313,0.19152118611392158,0.24722769683735676,0.1895640050889689,0.21884683823785184,0.20879942136857782,-0.25932660326889784,-0.22734437731436563,-0.2606445849659272,-0.1915211861139278,-0.2472276968373516,-0.18956400508897223,-0.21884683823785064,-0.20879942136857804,3.2271094574302454e-16,0.0038218495999859836,11.5,150000.0,0.01946938775510204,9.0,1.0,1.0,0.0,0.1,30.0,1.024,0.116,0.017,1.0,1.0,True,FlowControlLab_NACA0018_quasi_steady_pressure,0.85
0.25932660326889856,0.22734437731436383,0.2606445849659313,0.19152118611392158,0.24722769683735676,0.1895640050889689,0.21884683823785184,0.20879942136857782,-0.25932660326889784,-0.22734437731436563,-0.2606445849659272,-0.1915211861139278,-0.2472276968373516,-0.18956400508897223,-0.21884683823785064,-0.20879942136857804,3.2271094574302454e-16,0.0038218495999859836,12.0,150000.0,0.019472303206997086,9.0,1.0,1.0,0.0,0.1,30.0,1.052,0.119,0.019,1.0,1.0,True,FlowControlLab_NACA0018_quasi_steady_pressure,0.85
0.25932660326889856,0.22734437731436383,0.2606445849659313,0.19152118611392158,0.24722769683735676,0.1895640050889689,0.21884683823785184,0.20879942136857782,-0.25932660326889784,-0.22734437731436563,-0.2606445849659272,-0.1915211861139278,-0.2472276968373516,-0.18956400508897223,-0.21884683823785064,-0.20879942136857804,3.2271094574302454e-16,0.0038218495999859836,12.5,150000.0,0.019478134110787172,9.0,1.0,1.0,0.0,0.1,30.0,1.073,0.122,0.02,1.0,1.0,True,FlowControlLab_NACA0018_quasi_steady_pressure,0.85
0.25932660326889856,0.22734437731436383,0.2606445849659313,0.19152118611392158,0.24722769683735676,0.1895640050889689,0.21884683823785184,0.20879942136857782,-0.25932660326889784,-0.22734437731436563,-0.2606445849659272,-0.1915211861139278,-0.2472276968373516,-0.18956400508897223,-0.21884683823785064,-0.20879942136857804,3.2271094574302454e-16,0.0038218495999859836,13.0,150000.0,0.01946938775510204,9.0,1.0,1.0,0.0,0.1,30.0,1.09,0.127,0.021,1.0,1.0,True,FlowControlLab_NACA0018_quasi_steady_pressure,0.85
0.25932660326889856,0.22734437731436383,0.2606445849659313,0.19152118611392158,0.24722769683735676,0.1895640050889689,0.21884683823785184,0.20879942136857782,-0.25932660326889784,-0.22734437731436563,-0.2606445849659272,-0.1915211861139278,-0.2472276968373516,-0.18956400508897223,-0.21884683823785064,-0.20879942136857804,3.2271094574302454e-16,0.0038218495999859836,13.5,150000.0,0.01946938775510204,9.0,1.0,1.0,0.0,0.1,30.0,1.106,0.133,0.021,1.0,1.0,True,FlowControlLab_NACA0018_quasi_steady_pressure,0.85
0.25932660326889856,0.22734437731436383,0.2606445849659313,0.19152118611392158,0.24722769683735676,0.1895640050889689,0.21884683823785184,0.20879942136857782,-0.25932660326889784,-0.22734437731436563,-0.2606445849659272,-0.1915211861139278,-0.2472276968373516,-0.18956400508897223,-0.21884683823785064,-0.20879942136857804,3.2271094574302454e-16,0.0038218495999859836,14.0,150000.0,0.019466472303206996,9.0,1.0,1.0,0.0,0.1,30.0,1.119,0.139,0.022,1.0,1.0,True,FlowControlLab_NACA0018_quasi_steady_pressure,0.85
0.25932660326889856,0.22734437731436383,0.2606445849659313,0.19152118611392158,0.24722769683735676,0.1895640050889689,0.21884683823785184,0.20879942136857782,-0.25932660326889784,-0.22734437731436563,-0.2606445849659272,-0.1915211861139278,-0.2472276968373516,-0.18956400508897223,-0.21884683823785064,-0.20879942136857804,3.2271094574302454e-16,0.0038218495999859836,14.5,150000.0,0.01944606413994169,9.0,1.0,1.0,0.0,0.1,30.0,1.117,0.146,0.025,1.0,1.0,True,FlowControlLab_NACA0018_quasi_steady_pressure,0.85
0.25932660326889856,0.22734437731436383,0.2606445849659313,0.19152118611392158,0.24722769683735676,0.1895640050889689,0.21884683823785184,0.20879942136857782,-0.25932660326889784,-0.22734437731436563,-0.2606445849659272,-0.1915211861139278,-0.2472276968373516,-0.18956400508897223,-0.21884683823785064,-0.20879942136857804,3.2271094574302454e-16,0.0038218495999859836,15.0,150000.0,0.019448979591836734,9.0,1.0,1.0,0.0,0.1,30.0,1.102,0.151,0.028,1.0,1.0,True,FlowControlLab_NACA0018_quasi_steady_pressure,0.85
0.25932660326889856,0.22734437731436383,0.2606445849659313,0.19152118611392158,0.24722769683735676,0.1895640050889689,0.21884683823785184,0.20879942136857782,-0.25932660326889784,-0.22734437731436563,-0.2606445849659272,-0.1915211861139278,-0.2472276968373516,-0.18956400508897223,-0.21884683823785064,-0.20879942136857804,3.2271094574302454e-16,0.0038218495999859836,15.5,150000.0,0.019463556851311955,9.0,1.0,1.0,0.0,0.1,30.0,1.097,0.158,0.029,1.0,1.0,True,FlowControlLab_NACA0018_quasi_steady_pressure,0.85
0.25932660326889856,0.22734437731436383,0.2606445849659313,0.19152118611392158,0.24722769683735676,0.1895640050889689,0.21884683823785184,0.20879942136857782,-0.25932660326889784,-0.22734437731436563,-0.2606445849659272,-0.1915211861139278,-0.2472276968373516,-0.18956400508897223,-0.21884683823785064,-0.20879942136857804,3.2271094574302454e-16,0.0038218495999859836,16.0,150000.0,0.019478134110787172,9.0,1.0,1.0,0.0,0.1,30.0,1.098,0.166,0.027,1.0,1.0,True,FlowControlLab_NACA0018_quasi_steady_pressure,0.85
0.25932660326889856,0.22734437731436383,0.2606445849659313,0.19152118611392158,0.24722769683735676,0.1895640050889689,0.21884683823785184,0.20879942136857782,-0.25932660326889784,-0.22734437731436563,-0.2606445849659272,-0.1915211861139278,-0.2472276968373516,-0.18956400508897223,-0.21884683823785064,-0.20879942136857804,3.2271094574302454e-16,0.0038218495999859836,16.5,150000.0,0.019475218658892127,9.0,1.0,1.0,0.0,0.1,30.0,1.096,0.174,0.025,1.0,1.0,True,FlowControlLab_NACA0018_quasi_steady_pressure,0.85
0.25932660326889856,0.22734437731436383,0.2606445849659313,0.19152118611392158,0.24722769683735676,0.1895640050889689,0.21884683823785184,0.20879942136857782,-0.25932660326889784,-0.22734437731436563,-0.2606445849659272,-0.1915211861139278,-0.2472276968373516,-0.18956400508897223,-0.21884683823785064,-0.20879942136857804,3.2271094574302454e-16,0.0038218495999859836,17.0,150000.0,0.019466472303206996,9.0,1.0,1.0,0.0,0.1,30.0,1.096,0.183,0.023,1.0,1.0,True,FlowControlLab_NACA0018_quasi_steady_pressure,0.85
0.25932660326889856,0.22734437731436383,0.2606445849659313,0.19152118611392158,0.24722769683735676,0.1895640050889689,0.21884683823785184,0.20879942136857782,-0.25932660326889784,-0.22734437731436563,-0.2606445849659272,-0.1915211861139278,-0.2472276968373516,-0.18956400508897223,-0.21884683823785064,-0.20879942136857804,3.2271094574302454e-16,0.0038218495999859836,17.5,150000.0,0.019481049562682217,9.0,1.0,1.0,0.0,0.1,30.0,1.089,0.193,0.019,1.0,1.0,True,FlowControlLab_NACA0018_quasi_steady_pressure,0.85
0.25932660326889856,0.22734437731436383,0.2606445849659313,0.19152118611392158,0.24722769683735676,0.1895640050889689,0.21884683823785184,0.20879942136857782,-0.25932660326889784,-0.22734437731436563,-0.2606445849659272,-0.1915211861139278,-0.2472276968373516,-0.18956400508897223,-0.21884683823785064,-0.20879942136857804,3.2271094574302454e-16,0.0038218495999859836,18.0,150000.0,0.01949271137026239,9.0,1.0,1.0,0.0,0.1,30.0,1.066,0.203,0.014,1.0,1.0,True,FlowControlLab_NACA0018_quasi_steady_pressure,0.85
0.25932660326889856,0.22734437731436383,0.2606445849659313,0.19152118611392158,0.24722769683735676,0.1895640050889689,0.21884683823785184,0.20879942136857782,-0.25932660326889784,-0.22734437731436563,-0.2606445849659272,-0.1915211861139278,-0.2472276968373516,-0.18956400508897223,-0.21884683823785064,-0.20879942136857804,3.2271094574302454e-16,0.0038218495999859836,18.5,150000.0,0.019486880466472303,9.0,1.0,1.0,0.0,0.1,30.0,1.027,0.244,-0.006,1.0,1.0,True,FlowControlLab_NACA0018_quasi_steady_pressure,0.85
0.25932660326889856,0.22734437731436383,0.2606445849659313,0.19152118611392158,0.24722769683735676,0.1895640050889689,0.21884683823785184,0.20879942136857782,-0.25932660326889784,-0.22734437731436563,-0.2606445849659272,-0.1915211861139278,-0.2472276968373516,-0.18956400508897223,-0.21884683823785064,-0.20879942136857804,3.2271094574302454e-16,0.0038218495999859836,19.0,150000.0,0.019475218658892127,9.0,1.0,1.0,0.0,0.1,30.0,0.821,0.342,-0.053,1.0,1.0,True,FlowControlLab_NACA0018_quasi_steady_pressure,0.85
0.25932660326889856,0.22734437731436383,0.2606445849659313,0.19152118611392158,0.24722769683735676,0.1895640050889689,0.21884683823785184,0.20879942136857782,-0.25932660326889784,-0.22734437731436563,-0.2606445849659272,-0.1915211861139278,-0.2472276968373516,-0.18956400508897223,-0.21884683823785064,-0.20879942136857804,3.2271094574302454e-16,0.0038218495999859836,19.5,150000.0,0.01948396501457726,9.0,1.0,1.0,0.0,0.1,30.0,0.649,0.41,-0.083,1.0,1.0,True,FlowControlLab_NACA0018_quasi_steady_pressure,0.85
0.25932660326889856,0.22734437731436383,0.2606445849659313,0.19152118611392158,0.24722769683735676,0.1895640050889689,0.21884683823785184,0.20879942136857782,-0.25932660326889784,-0.22734437731436563,-0.2606445849659272,-0.1915211861139278,-0.2472276968373516,-0.18956400508897223,-0.21884683823785064,-0.20879942136857804,3.2271094574302454e-16,0.0038218495999859836,20.0,150000.0,0.019489795918367345,9.0,1.0,1.0,0.0,0.1,30.0,0.677,0.427,-0.089,1.0,1.0,True,FlowControlLab_NACA0018_quasi_steady_pressure,0.85
0.25932660326889856,0.22734437731436383,0.2606445849659313,0.19152118611392158,0.24722769683735676,0.1895640050889689,0.21884683823785184,0.20879942136857782,-0.25932660326889784,-0.22734437731436563,-0.2606445849659272,-0.1915211861139278,-0.2472276968373516,-0.18956400508897223,-0.21884683823785064,-0.20879942136857804,3.2271094574302454e-16,0.0038218495999859836,20.5,150000.0,0.019489795918367345,9.0,1.0,1.0,0.0,0.1,30.0,0.68,0.436,-0.089,1.0,1.0,True,FlowControlLab_NACA0018_quasi_steady_pressure,0.85
0.25932660326889856,0.22734437731436383,0.2606445849659313,0.19152118611392158,0.24722769683735676,0.1895640050889689,0.21884683823785184,0.20879942136857782,-0.25932660326889784,-0.22734437731436563,-0.2606445849659272,-0.1915211861139278,-0.2472276968373516,-0.18956400508897223,-0.21884683823785064,-0.20879942136857804,3.2271094574302454e-16,0.0038218495999859836,21.0,150000.0,0.019486880466472303,9.0,1.0,1.0,0.0,0.1,30.0,0.669,0.439,-0.086,1.0,1.0,True,FlowControlLab_NACA0018_quasi_steady_pressure,0.85
0.25932660326889856,0.22734437731436383,0.2606445849659313,0.19152118611392158,0.24722769683735676,0.1895640050889689,0.21884683823785184,0.20879942136857782,-0.25932660326889784,-0.22734437731436563,-0.2606445849659272,-0.1915211861139278,-0.2472276968373516,-0.18956400508897223,-0.21884683823785064,-0.20879942136857804,3.2271094574302454e-16,0.0038218495999859836,21.5,150000.0,0.01948396501457726,9.0,1.0,1.0,0.0,0.1,30.0,0.676,0.449,-0.087,1.0,1.0,True,FlowControlLab_NACA0018_quasi_steady_pressure,0.85
0.25932660326889856,0.22734437731436383,0.2606445849659313,0.19152118611392158,0.24722769683735676,0.1895640050889689,0.21884683823785184,0.20879942136857782,-0.25932660326889784,-0.22734437731436563,-0.2606445849659272,-0.1915211861139278,-0.2472276968373516,-0.18956400508897223,-0.21884683823785064,-0.20879942136857804,3.2271094574302454e-16,0.0038218495999859836,22.0,150000.0,0.019495626822157434,9.0,1.0,1.0,0.0,0.1,30.0,0.7,0.466,-0.092,1.0,1.0,True,FlowControlLab_NACA0018_quasi_steady_pressure,0.85
0.25932660326889856,0.22734437731436383,0.2606445849659313,0.19152118611392158,0.24722769683735676,0.1895640050889689,0.21884683823785184,0.20879942136857782,-0.25932660326889784,-0.22734437731436563,-0.2606445849659272,-0.1915211861139278,-0.2472276968373516,-0.18956400508897223,-0.21884683823785064,-0.20879942136857804,3.2271094574302454e-16,0.0038218495999859836,22.5,150000.0,0.01950145772594752,9.0,1.0,1.0,0.0,0.1,30.0,0.705,0.476,-0.093,1.0,1.0,True,FlowControlLab_NACA0018_quasi_steady_pressure,0.85
0.25932660326889856,0.22734437731436383,0.2606445849659313,0.19152118611392158,0.24722769683735676,0.1895640050889689,0.21884683823785184,0.20879942136857782,-0.25932660326889784,-0.22734437731436563,-0.2606445849659272,-0.1915211861139278,-0.2472276968373516,-0.18956400508897223,-0.21884683823785064,-0.20879942136857804,3.2271094574302454e-16,0.0038218495999859836,23.0,150000.0,0.019513119533527697,9.0,1.0,1.0,0.0,0.1,30.0,0.708,0.484,-0.092,1.0,1.0,True,FlowControlLab_NACA0018_quasi_steady_pressure,0.85
0.25932660326889856,0.22734437731436383,0.2606445849659313,0.19152118611392158,0.24722769683735676,0.1895640050889689,0.21884683823785184,0.20879942136857782,-0.25932660326889784,-0.22734437731436563,-0.2606445849659272,-0.1915211861139278,-0.2472276968373516,-0.18956400508897223,-0.21884683823785064,-0.20879942136857804,3.2271094574302454e-16,0.0038218495999859836,23.5,150000.0,0.01950728862973761,9.0,1.0,1.0,0.0,0.1,30.0,0.728,0.501,-0.097,1.0,1.0,True,FlowControlLab_NACA0018_quasi_steady_pressure,0.85
0.25932660326889856,0.22734437731436383,0.2606445849659313,0.19152118611392158,0.24722769683735676,0.1895640050889689,0.21884683823785184,0.20879942136857782,-0.25932660326889784,-0.22734437731436563,-0.2606445849659272,-0.1915211861139278,-0.2472276968373516,-0.18956400508897223,-0.21884683823785064,-0.20879942136857804,3.2271094574302454e-16,0.0038218495999859836,24.0,150000.0,0.019481049562682217,9.0,1.0,1.0,0.0,0.1,30.0,0.751,0.519,-0.103,1.0,1.0,True,FlowControlLab_NACA0018_quasi_steady_pressure,0.85
0.25932660326889856,0.22734437731436383,0.2606445849659313,0.19152118611392158,0.24722769683735676,0.1895640050889689,0.21884683823785184,0.20879942136857782,-0.25932660326889784,-0.22734437731436563,-0.2606445849659272,-0.1915211861139278,-0.2472276968373516,-0.18956400508897223,-0.21884683823785064,-0.20879942136857804,3.2271094574302454e-16,0.0038218495999859836,24.5,150000.0,0.019486880466472303,9.0,1.0,1.0,0.0,0.1,30.0,0.774,0.538,-0.108,1.0,1.0,True,FlowControlLab_NACA0018_quasi_steady_pressure,0.85
0.25932660326889856,0.22734437731436383,0.2606445849659313,0.19152118611392158,0.24722769683735676,0.1895640050889689,0.21884683823785184,0.20879942136857782,-0.25932660326889784,-0.22734437731436563,-0.2606445849659272,-0.1915211861139278,-0.2472276968373516,-0.18956400508897223,-0.21884683823785064,-0.20879942136857804,3.2271094574302454e-16,0.0038218495999859836,25.0,150000.0,0.01949271137026239,9.0,1.0,1.0,0.0,0.1,30.0,0.788,0.552,-0.111,1.0,1.0,True,FlowControlLab_NACA0018_quasi_steady_pressure,0.85
0.25932660326889856,0.22734437731436383,0.2606445849659313,0.19152118611392158,0.24722769683735676,0.1895640050889689,0.21884683823785184,0.20879942136857782,-0.25932660326889784,-0.22734437731436563,-0.2606445849659272,-0.1915211861139278,-0.2472276968373516,-0.18956400508897223,-0.21884683823785064,-0.20879942136857804,3.2271094574302454e-16,0.0038218495999859836,25.5,150000.0,0.01949271137026239,9.0,1.0,1.0,0.0,0.1,30.0,0.815,0.573,-0.118,1.0,1.0,True,FlowControlLab_NACA0018_quasi_steady_pressure,0.85
0.25932660326889856,0.22734437731436383,0.2606445849659313,0.19152118611392158,0.24722769683735676,0.1895640050889689,0.21884683823785184,0.20879942136857782,-0.25932660326889784,-0.22734437731436563,-0.2606445849659272,-0.1915211861139278,-0.2472276968373516,-0.18956400508897223,-0.21884683823785064,-0.20879942136857804,3.2271094574302454e-16,0.0038218495999859836,26.0,150000.0,0.019495626822157434,9.0,1.0,1.0,0.0,0.1,30.0,0.834,0.591,-0.122,1.0,1.0,True,FlowControlLab_NACA0018_quasi_steady_pressure,0.85
0.25932660326889856,0.22734437731436383,0.2606445849659313,0.19152118611392158,0.24722769683735676,0.1895640050889689,0.21884683823785184,0.20879942136857782,-0.25932660326889784,-0.22734437731436563,-0.2606445849659272,-0.1915211861139278,-0.2472276968373516,-0.18956400508897223,-0.21884683823785064,-0.20879942136857804,3.2271094574302454e-16,0.0038218495999859836,26.5,150000.0,0.019504373177842566,9.0,1.0,1.0,0.0,0.1,30.0,0.856,0.61,-0.127,1.0,1.0,True,FlowControlLab_NACA0018_quasi_steady_pressure,0.85
0.25932660326889856,0.22734437731436383,0.2606445849659313,0.19152118611392158,0.24722769683735676,0.1895640050889689,0.21884683823785184,0.20879942136857782,-0.25932660326889784,-0.22734437731436563,-0.2606445849659272,-0.1915211861139278,-0.2472276968373516,-0.18956400508897223,-0.21884683823785064,-0.20879942136857804,3.2271094574302454e-16,0.0038218495999859836,27.0,150000.0,0.01950728862973761,9.0,1.0,1.0,0.0,0.1,30.0,0.884,0.633,-0.134,1.0,1.0,True,FlowControlLab_NACA0018_quasi_steady_pressure,0.85
0.25932660326889856,0.22734437731436383,0.2606445849659313,0.19152118611392158,0.24722769683735676,0.1895640050889689,0.21884683823785184,0.20879942136857782,-0.25932660326889784,-0.22734437731436563,-0.2606445849659272,-0.1915211861139278,-0.2472276968373516,-0.18956400508897223,-0.21884683823785064,-0.20879942136857804,3.2271094574302454e-16,0.0038218495999859836,27.5,150000.0,0.01950145772594752,9.0,1.0,1.0,0.0,0.1,30.0,0.902,0.652,-0.139,1.0,1.0,True,FlowControlLab_NACA0018_quasi_steady_pressure,0.85
0.25932660326889856,0.22734437731436383,0.2606445849659313,0.19152118611392158,0.24722769683735676,0.1895640050889689,0.21884683823785184,0.20879942136857782,-0.25932660326889784,-0.22734437731436563,-0.2606445849659272,-0.1915211861139278,-0.2472276968373516,-0.18956400508897223,-0.21884683823785064,-0.20879942136857804,3.2271094574302454e-16,0.0038218495999859836,28.0,150000.0,0.019504373177842566,9.0,1.0,1.0,0.0,0.1,30.0,0.917,0.67,-0.143,1.0,1.0,True,FlowControlLab_NACA0018_quasi_steady_pressure,0.85
0.25932660326889856,0.22734437731436383,0.2606445849659313,0.19152118611392158,0.24722769683735676,0.1895640050889689,0.21884683823785184,0.20879942136857782,-0.25932660326889784,-0.22734437731436563,-0.2606445849659272,-0.1915211861139278,-0.2472276968373516,-0.18956400508897223,-0.21884683823785064,-0.20879942136857804,3.2271094574302454e-16,0.0038218495999859836,28.5,150000.0,0.01950728862973761,9.0,1.0,1.0,0.0,0.1,30.0,0.938,0.691,-0.149,1.0,1.0,True,FlowControlLab_NACA0018_quasi_steady_pressure,0.85
0.25932660326889856,0.22734437731436383,0.2606445849659313,0.19152118611392158,0.24722769683735676,0.1895640050889689,0.21884683823785184,0.20879942136857782,-0.25932660326889784,-0.22734437731436563,-0.2606445849659272,-0.1915211861139278,-0.2472276968373516,-0.18956400508897223,-0.21884683823785064,-0.20879942136857804,3.2271094574302454e-16,0.0038218495999859836,29.0,150000.0,0.019495626822157434,9.0,1.0,1.0,0.0,0.1,30.0,0.966,0.716,-0.157,1.0,1.0,True,FlowControlLab_NACA0018_quasi_steady_pressure,0.85
0.25932660326889856,0.22734437731436383,0.2606445849659313,0.19152118611392158,0.24722769683735676,0.1895640050889689,0.21884683823785184,0.20879942136857782,-0.25932660326889784,-0.22734437731436563,-0.2606445849659272,-0.1915211861139278,-0.2472276968373516,-0.18956400508897223,-0.21884683823785064,-0.20879942136857804,3.2271094574302454e-16,0.0038218495999859836,29.5,150000.0,0.019475218658892127,9.0,1.0,1.0,0.0,0.1,30.0,0.987,0.739,-0.163,1.0,1.0,True,FlowControlLab_NACA0018_quasi_steady_pressure,0.85
0.25932660326889856,0.22734437731436383,0.2606445849659313,0.19152118611392158,0.24722769683735676,0.1895640050889689,0.21884683823785184,0.20879942136857782,-0.25932660326889784,-0.22734437731436563,-0.2606445849659272,-0.1915211861139278,-0.2472276968373516,-0.18956400508897223,-0.21884683823785064,-0.20879942136857804,3.2271094574302454e-16,0.0038218495999859836,30.0,150000.0,0.019489795918367345,9.0,1.0,1.0,0.0,0.1,30.0,0.997,0.757,-0.166,1.0,1.0,True,FlowControlLab_NACA0018_quasi_steady_pressure,0.85
0.25932660326889856,0.22734437731436383,0.2606445849659313,0.19152118611392158,0.24722769683735676,0.1895640050889689,0.21884683823785184,0.20879942136857782,-0.25932660326889784,-0.22734437731436563,-0.2606445849659272,-0.1915211861139278,-0.2472276968373516,-0.18956400508897223,-0.21884683823785064,-0.20879942136857804,3.2271094574302454e-16,0.0038218495999859836,30.5,150000.0,0.019510204081632655,9.0,1.0,1.0,0.0,0.1,30.0,1.019,0.78,-0.173,1.0,1.0,True,FlowControlLab_NACA0018_quasi_steady_pressure,0.85
0.25932660326889856,0.22734437731436383,0.2606445849659313,0.19152118611392158,0.24722769683735676,0.1895640050889689,0.21884683823785184,0.20879942136857782,-0.25932660326889784,-0.22734437731436563,-0.2606445849659272,-0.1915211861139278,-0.2472276968373516,-0.18956400508897223,-0.21884683823785064,-0.20879942136857804,3.2271094574302454e-16,0.0038218495999859836,31.0,150000.0,0.01950145772594752,9.0,1.0,1.0,0.0,0.1,30.0,1.065,0.818,-0.186,1.0,1.0,True,FlowControlLab_NACA0018_quasi_steady_pressure,0.85
0.25932660326889856,0.22734437731436383,0.2606445849659313,0.19152118611392158,0.24722769683735676,0.1895640050889689,0.21884683823785184,0.20879942136857782,-0.25932660326889784,-0.22734437731436563,-0.2606445849659272,-0.1915211861139278,-0.2472276968373516,-0.18956400508897223,-0.21884683823785064,-0.20879942136857804,3.2271094574302454e-16,0.0038218495999859836,31.5,150000.0,0.019481049562682217,9.0,1.0,1.0,0.0,0.1,30.0,1.102,0.853,-0.197,1.0,1.0,True,FlowControlLab_NACA0018_quasi_steady_pressure,0.85
0.25932660326889856,0.22734437731436383,0.2606445849659313,0.19152118611392158,0.24722769683735676,0.1895640050889689,0.21884683823785184,0.20879942136857782,-0.25932660326889784,-0.22734437731436563,-0.2606445849659272,-0.1915211861139278,-0.2472276968373516,-0.18956400508897223,-0.21884683823785064,-0.20879942136857804,3.2271094574302454e-16,0.0038218495999859836,32.0,150000.0,0.01949271137026239,9.0,1.0,1.0,0.0,0.1,30.0,1.122,0.878,-0.204,1.0,1.0,True,FlowControlLab_NACA0018_quasi_steady_pressure,0.85
0.25932660326889856,0.22734437731436383,0.2606445849659313,0.19152118611392158,0.24722769683735676,0.1895640050889689,0.21884683823785184,0.20879942136857782,-0.25932660326889784,-0.22734437731436563,-0.2606445849659272,-0.1915211861139278,-0.2472276968373516,-0.18956400508897223,-0.21884683823785064,-0.20879942136857804,3.2271094574302454e-16,0.0038218495999859836,-2.0,150000.0,0.019472303206997086,9.0,1.0,1.0,0.0,0.1,30.0,-0.175,0.096,-0.007,1.0,1.0,True,FlowControlLab_NACA0018_quasi_steady_pressure,0.85
0.25932660326889856,0.22734437731436383,0.2606445849659313,0.19152118611392158,0.24722769683735676,0.1895640050889689,0.21884683823785184,0.20879942136857782,-0.25932660326889784,-0.22734437731436563,-0.2606445849659272,-0.1915211861139278,-0.2472276968373516,-0.18956400508897223,-0.21884683823785064,-0.20879942136857804,3.2271094574302454e-16,0.0038218495999859836,-1.5,150000.0,0.019475218658892127,9.0,1.0,1.0,0.0,0.1,30.0,-0.126,0.096,-0.006,1.0,1.0,True,FlowControlLab_NACA0018_quasi_steady_pressure,0.85
0.25932660326889856,0.22734437731436383,0.2606445849659313,0.19152118611392158,0.24722769683735676,0.1895640050889689,0.21884683823785184,0.20879942136857782,-0.25932660326889784,-0.22734437731436563,-0.2606445849659272,-0.1915211861139278,-0.2472276968373516,-0.18956400508897223,-0.21884683823785064,-0.20879942136857804,3.2271094574302454e-16,0.0038218495999859836,-1.0,150000.0,0.019478134110787172,9.0,1.0,1.0,0.0,0.1,30.0,-0.077,0.096,-0.005,1.0,1.0,True,FlowControlLab_NACA0018_quasi_steady_pressure,0.85
0.25932660326889856,0.22734437731436383,0.2606445849659313,0.19152118611392158,0.24722769683735676,0.1895640050889689,0.21884683823785184,0.20879942136857782,-0.25932660326889784,-0.22734437731436563,-0.2606445849659272,-0.1915211861139278,-0.2472276968373516,-0.18956400508897223,-0.21884683823785064,-0.20879942136857804,3.2271094574302454e-16,0.0038218495999859836,-0.5,150000.0,0.019472303206997086,9.0,1.0,1.0,0.0,0.1,30.0,-0.027,0.097,-0.004,1.0,1.0,True,FlowControlLab_NACA0018_quasi_steady_pressure,0.85
0.25932660326889856,0.22734437731436383,0.2606445849659313,0.19152118611392158,0.24722769683735676,0.1895640050889689,0.21884683823785184,0.20879942136857782,-0.25932660326889784,-0.22734437731436563,-0.2606445849659272,-0.1915211861139278,-0.2472276968373516,-0.18956400508897223,-0.21884683823785064,-0.20879942136857804,3.2271094574302454e-16,0.0038218495999859836,0.0,150000.0,0.01946064139941691,9.0,1.0,1.0,0.0,0.1,30.0,0.022,0.097,-0.003,1.0,1.0,True,FlowControlLab_NACA0018_quasi_steady_pressure,0.85
0.25932660326889856,0.22734437731436383,0.2606445849659313,0.19152118611392158,0.24722769683735676,0.1895640050889689,0.21884683823785184,0.20879942136857782,-0.25932660326889784,-0.22734437731436563,-0.2606445849659272,-0.1915211861139278,-0.2472276968373516,-0.18956400508897223,-0.21884683823785064,-0.20879942136857804,3.2271094574302454e-16,0.0038218495999859836,0.5,150000.0,0.01945189504373178,9.0,1.0,1.0,0.0,0.1,30.0,0.07,0.097,-0.001,1.0,1.0,True,FlowControlLab_NACA0018_quasi_steady_pressure,0.85
0.25932660326889856,0.22734437731436383,0.2606445849659313,0.19152118611392158,0.24722769683735676,0.1895640050889689,0.21884683823785184,0.20879942136857782,-0.25932660326889784,-0.22734437731436563,-0.2606445849659272,-0.1915211861139278,-0.2472276968373516,-0.18956400508897223,-0.21884683823785064,-0.20879942136857804,3.2271094574302454e-16,0.0038218495999859836,1.0,150000.0,0.019475218658892127,9.0,1.0,1.0,0.0,0.1,30.0,0.116,0.096,0.001,1.0,1.0,True,FlowControlLab_NACA0018_quasi_steady_pressure,0.85
0.25932660326889856,0.22734437731436383,0.2606445849659313,0.19152118611392158,0.24722769683735676,0.1895640050889689,0.21884683823785184,0.20879942136857782,-0.25932660326889784,-0.22734437731436563,-0.2606445849659272,-0.1915211861139278,-0.2472276968373516,-0.18956400508897223,-0.21884683823785064,-0.20879942136857804,3.2271094574302454e-16,0.0038218495999859836,1.5,150000.0,0.019478134110787172,9.0,1.0,1.0,0.0,0.1,30.0,0.163,0.097,0.003,1.0,1.0,True,FlowControlLab_NACA0018_quasi_steady_pressure,0.85
0.25932660326889856,0.22734437731436383,0.2606445849659313,0.19152118611392158,0.24722769683735676,0.1895640050889689,0.21884683823785184,0.20879942136857782,-0.25932660326889784,-0.22734437731436563,-0.2606445849659272,-0.1915211861139278,-0.2472276968373516,-0.18956400508897223,-0.21884683823785064,-0.20879942136857804,3.2271094574302454e-16,0.0038218495999859836,2.0,150000.0,0.019481049562682217,9.0,1.0,1.0,0.0,0.1,30.0,0.209,0.097,0.005,1.0,1.0,True,FlowControlLab_NACA0018_quasi_steady_pressure,0.85
0.25932660326889856,0.22734437731436383,0.2606445849659313,0.19152118611392158,0.24722769683735676,0.1895640050889689,0.21884683823785184,0.20879942136857782,-0.25932660326889784,-0.22734437731436563,-0.2606445849659272,-0.1915211861139278,-0.2472276968373516,-0.18956400508897223,-0.21884683823785064,-0.20879942136857804,3.2271094574302454e-16,0.0038218495999859836,2.5,150000.0,0.019475218658892127,9.0,1.0,1.0,0.0,0.1,30.0,0.259,0.098,0.006,1.0,1.0,True,FlowControlLab_NACA0018_quasi_steady_pressure,0.85
0.25932660326889856,0.22734437731436383,0.2606445849659313,0.19152118611392158,0.24722769683735676,0.1895640050889689,0.21884683823785184,0.20879942136857782,-0.25932660326889784,-0.22734437731436563,-0.2606445849659272,-0.1915211861139278,-0.2472276968373516,-0.18956400508897223,-0.21884683823785064,-0.20879942136857804,3.2271094574302454e-16,0.0038218495999859836,3.0,150000.0,0.01945772594752187,9.0,1.0,1.0,0.0,0.1,30.0,0.314,0.099,0.007,1.0,1.0,True,FlowControlLab_NACA0018_quasi_steady_pressure,0.85
0.25932660326889856,0.22734437731436383,0.2606445849659313,0.19152118611392158,0.24722769683735676,0.1895640050889689,0.21884683823785184,0.20879942136857782,-0.25932660326889784,-0.22734437731436563,-0.2606445849659272,-0.1915211861139278,-0.2472276968373516,-0.18956400508897223,-0.21884683823785064,-0.20879942136857804,3.2271094574302454e-16,0.0038218495999859836,3.5,150000.0,0.019472303206997086,9.0,1.0,1.0,0.0,0.1,30.0,0.378,0.099,0.005,1.0,1.0,True,FlowControlLab_NACA0018_quasi_steady_pressure,0.85
0.25932660326889856,0.22734437731436383,0.2606445849659313,0.19152118611392158,0.24722769683735676,0.1895640050889689,0.21884683823785184,0.20879942136857782,-0.25932660326889784,-0.22734437731436563,-0.2606445849659272,-0.1915211861139278,-0.2472276968373516,-0.18956400508897223,-0.21884683823785064,-0.20879942136857804,3.2271094574302454e-16,0.0038218495999859836,4.0,150000.0,0.019495626822157434,9.0,1.0,1.0,0.0,0.1,30.0,0.457,0.1,-0.002,1.0,1.0,True,FlowControlLab_NACA0018_quasi_steady_pressure,0.85
0.25932660326889856,0.22734437731436383,0.2606445849659313,0.19152118611392158,0.24722769683735676,0.1895640050889689,0.21884683823785184,0.20879942136857782,-0.25932660326889784,-0.22734437731436563,-0.2606445849659272,-0.1915211861139278,-0.2472276968373516,-0.18956400508897223,-0.21884683823785064,-0.20879942136857804,3.2271094574302454e-16,0.0038218495999859836,4.5,150000.0,0.019495626822157434,9.0,1.0,1.0,0.0,0.1,30.0,0.546,0.101,-0.01,1.0,1.0,True,FlowControlLab_NACA0018_quasi_steady_pressure,0.85
0.25932660326889856,0.22734437731436383,0.2606445849659313,0.19152118611392158,0.24722769683735676,0.1895640050889689,0.21884683823785184,0.20879942136857782,-0.25932660326889784,-0.22734437731436563,-0.2606445849659272,-0.1915211861139278,-0.2472276968373516,-0.18956400508897223,-0.21884683823785064,-0.20879942136857804,3.2271094574302454e-16,0.0038218495999859836,5.0,150000.0,0.019475218658892127,9.0,1.0,1.0,0.0,0.1,30.0,0.628,0.103,-0.017,1.0,1.0,True,FlowControlLab_NACA0018_quasi_steady_pressure,0.85
0.25932660326889856,0.22734437731436383,0.2606445849659313,0.19152118611392158,0.24722769683735676,0.1895640050889689,0.21884683823785184,0.20879942136857782,-0.25932660326889784,-0.22734437731436563,-0.2606445849659272,-0.1915211861139278,-0.2472276968373516,-0.18956400508897223,-0.21884683823785064,-0.20879942136857804,3.2271094574302454e-16,0.0038218495999859836,5.5,150000.0,0.01946064139941691,9.0,1.0,1.0,0.0,0.1,30.0,0.693,0.104,-0.021,1.0,1.0,True,FlowControlLab_NACA0018_quasi_steady_pressure,0.85
0.25932660326889856,0.22734437731436383,0.2606445849659313,0.19152118611392158,0.24722769683735676,0.1895640050889689,0.21884683823785184,0.20879942136857782,-0.25932660326889784,-0.22734437731436563,-0.2606445849659272,-0.1915211861139278,-0.2472276968373516,-0.18956400508897223,-0.21884683823785064,-0.20879942136857804,3.2271094574302454e-16,0.0038218495999859836,6.0,150000.0,0.019463556851311955,9.0,1.0,1.0,0.0,0.1,30.0,0.74,0.104,-0.021,1.0,1.0,True,FlowControlLab_NACA0018_quasi_steady_pressure,0.85
0.25932660326889856,0.22734437731436383,0.2606445849659313,0.19152118611392158,0.24722769683735676,0.1895640050889689,0.21884683823785184,0.20879942136857782,-0.25932660326889784,-0.22734437731436563,-0.2606445849659272,-0.1915211861139278,-0.2472276968373516,-0.18956400508897223,-0.21884683823785064,-0.20879942136857804,3.2271094574302454e-16,0.0038218495999859836,6.5,150000.0,0.019466472303206996,9.0,1.0,1.0,0.0,0.1,30.0,0.773,0.105,-0.019,1.0,1.0,True,FlowControlLab_NACA0018_quasi_steady_pressure,0.85
0.25932660326889856,0.22734437731436383,0.2606445849659313,0.19152118611392158,0.24722769683735676,0.1895640050889689,0.21884683823785184,0.20879942136857782,-0.25932660326889784,-0.22734437731436563,-0.2606445849659272,-0.1915211861139278,-0.2472276968373516,-0.18956400508897223,-0.21884683823785064,-0.20879942136857804,3.2271094574302454e-16,0.0038218495999859836,7.0,150000.0,0.01946064139941691,9.0,1.0,1.0,0.0,0.1,30.0,0.801,0.105,-0.016,1.0,1.0,True,FlowControlLab_NACA0018_quasi_steady_pressure,0.85
0.25932660326889856,0.22734437731436383,0.2606445849659313,0.19152118611392158,0.24722769683735676,0.1895640050889689,0.21884683823785184,0.20879942136857782,-0.25932660326889784,-0.22734437731436563,-0.2606445849659272,-0.1915211861139278,-0.2472276968373516,-0.18956400508897223,-0.21884683823785064,-0.20879942136857804,3.2271094574302454e-16,0.0038218495999859836,7.5,150000.0,0.01945189504373178,9.0,1.0,1.0,0.0,0.1,30.0,0.827,0.106,-0.012,1.0,1.0,True,FlowControlLab_NACA0018_quasi_steady_pressure,0.85
0.25932660326889856,0.22734437731436383,0.2606445849659313,0.19152118611392158,0.24722769683735676,0.1895640050889689,0.21884683823785184,0.20879942136857782,-0.25932660326889784,-0.22734437731436563,-0.2606445849659272,-0.1915211861139278,-0.2472276968373516,-0.18956400508897223,-0.21884683823785064,-0.20879942136857804,3.2271094574302454e-16,0.0038218495999859836,8.0,150000.0,0.01945772594752187,9.0,1.0,1.0,0.0,0.1,30.0,0.848,0.107,-0.007,1.0,1.0,True,FlowControlLab_NACA0018_quasi_steady_pressure,0.85
0.25932660326889856,0.22734437731436383,0.2606445849659313,0.19152118611392158,0.24722769683735676,0.1895640050889689,0.21884683823785184,0.20879942136857782,-0.25932660326889784,-0.22734437731436563,-0.2606445849659272,-0.1915211861139278,-0.2472276968373516,-0.18956400508897223,-0.21884683823785064,-0.20879942136857804,3.2271094574302454e-16,0.0038218495999859836,8.5,150000.0,0.019472303206997086,9.0,1.0,1.0,0.0,0.1,30.0,0.867,0.107,-0.002,1.0,1.0,True,FlowControlLab_NACA0018_quasi_steady_pressure,0.85
0.25932660326889856,0.22734437731436383,0.2606445849659313,0.19152118611392158,0.24722769683735676,0.1895640050889689,0.21884683823785184,0.20879942136857782,-0.25932660326889784,-0.22734437731436563,-0.2606445849659272,-0.1915211861139278,-0.2472276968373516,-0.18956400508897223,-0.21884683823785064,-0.20879942136857804,3.2271094574302454e-16,0.0038218495999859836,9.0,150000.0,0.019478134110787172,9.0,1.0,1.0,0.0,0.1,30.0,0.892,0.108,0.002,1.0,1.0,True,FlowControlLab_NACA0018_quasi_steady_pressure,0.85
0.25932660326889856,0.22734437731436383,0.2606445849659313,0.19152118611392158,0.24722769683735676,0.1895640050889689,0.21884683823785184,0.20879942136857782,-0.25932660326889784,-0.22734437731436563,-0.2606445849659272,-0.1915211861139278,-0.2472276968373516,-0.18956400508897223,-0.21884683823785064,-0.20879942136857804,3.2271094574302454e-16,0.0038218495999859836,9.5,150000.0,0.01948396501457726,9.0,1.0,1.0,0.0,0.1,30.0,0.918,0.11,0.006,1.0,1.0,True,FlowControlLab_NACA0018_quasi_steady_pressure,0.85
0.25932660326889856,0.22734437731436383,0.2606445849659313,0.19152118611392158,0.24722769683735676,0.1895640050889689,0.21884683823785184,0.20879942136857782,-0.25932660326889784,-0.22734437731436563,-0.2606445849659272,-0.1915211861139278,-0.2472276968373516,-0.18956400508897223,-0.21884683823785064,-0.20879942136857804,3.2271094574302454e-16,0.0038218495999859836,10.0,150000.0,0.019498542274052476,9.0,1.0,1.0,0.0,0.1,30.0,0.942,0.111,0.01,1.0,1.0,True,FlowControlLab_NACA0018_quasi_steady_pressure,0.85
0.25932660326889856,0.22734437731436383,0.2606445849659313,0.19152118611392158,0.24722769683735676,0.1895640050889689,0.21884683823785184,0.20879942136857782,-0.25932660326889784,-0.22734437731436563,-0.2606445849659272,-0.1915211861139278,-0.2472276968373516,-0.18956400508897223,-0.21884683823785064,-0.20879942136857804,3.2271094574302454e-16,0.0038218495999859836,10.5,150000.0,0.01950728862973761,9.0,1.0,1.0,0.0,0.1,30.0,0.968,0.112,0.013,1.0,1.0,True,FlowControlLab_NACA0018_quasi_steady_pressure,0.85
0.25932660326889856,0.22734437731436383,0.2606445849659313,0.19152118611392158,0.24722769683735676,0.1895640050889689,0.21884683823785184,0.20879942136857782,-0.25932660326889784,-0.22734437731436563,-0.2606445849659272,-0.1915211861139278,-0.2472276968373516,-0.18956400508897223,-0.21884683823785064,-0.20879942136857804,3.2271094574302454e-16,0.0038218495999859836,11.0,150000.0,0.019489795918367345,9.0,1.0,1.0,0.0,0.1,30.0,0.997,0.114,0.015,1.0,1.0,True,FlowControlLab_NACA0018_quasi_steady_pressure,0.85
0.25932660326889856,0.22734437731436383,0.2606445849659313,0.19152118611392158,0.24722769683735676,0.1895640050889689,0.21884683823785184,0.20879942136857782,-0.25932660326889784,-0.22734437731436563,-0.2606445849659272,-0.1915211861139278,-0.2472276968373516,-0.18956400508897223,-0.21884683823785064,-0.20879942136857804,3.2271094574302454e-16,0.0038218495999859836,11.5,150000.0,0.01946938775510204,9.0,1.0,1.0,0.0,0.1,30.0,1.022,0.116,0.018,1.0,1.0,True,FlowControlLab_NACA0018_quasi_steady_pressure,0.85
0.25932660326889856,0.22734437731436383,0.2606445849659313,0.19152118611392158,0.24722769683735676,0.1895640050889689,0.21884683823785184,0.20879942136857782,-0.25932660326889784,-0.22734437731436563,-0.2606445849659272,-0.1915211861139278,-0.2472276968373516,-0.18956400508897223,-0.21884683823785064,-0.20879942136857804,3.2271094574302454e-16,0.0038218495999859836,12.0,150000.0,0.019472303206997086,9.0,1.0,1.0,0.0,0.1,30.0,1.045,0.119,0.02,1.0,1.0,True,FlowControlLab_NACA0018_quasi_steady_pressure,0.85
0.25932660326889856,0.22734437731436383,0.2606445849659313,0.19152118611392158,0.24722769683735676,0.1895640050889689,0.21884683823785184,0.20879942136857782,-0.25932660326889784,-0.22734437731436563,-0.2606445849659272,-0.1915211861139278,-0.2472276968373516,-0.18956400508897223,-0.21884683823785064,-0.20879942136857804,3.2271094574302454e-16,0.0038218495999859836,12.5,150000.0,0.019478134110787172,9.0,1.0,1.0,0.0,0.1,30.0,1.066,0.123,0.021,1.0,1.0,True,FlowControlLab_NACA0018_quasi_steady_pressure,0.85
0.25932660326889856,0.22734437731436383,0.2606445849659313,0.19152118611392158,0.24722769683735676,0.1895640050889689,0.21884683823785184,0.20879942136857782,-0.25932660326889784,-0.22734437731436563,-0.2606445849659272,-0.1915211861139278,-0.2472276968373516,-0.18956400508897223,-0.21884683823785064,-0.20879942136857804,3.2271094574302454e-16,0.0038218495999859836,13.0,150000.0,0.01946938775510204,9.0,1.0,1.0,0.0,0.1,30.0,1.082,0.128,0.022,1.0,1.0,True,FlowControlLab_NACA0018_quasi_steady_pressure,0.85
0.25932660326889856,0.22734437731436383,0.2606445849659313,0.19152118611392158,0.24722769683735676,0.1895640050889689,0.21884683823785184,0.20879942136857782,-0.25932660326889784,-0.22734437731436563,-0.2606445849659272,-0.1915211861139278,-0.2472276968373516,-0.18956400508897223,-0.21884683823785064,-0.20879942136857804,3.2271094574302454e-16,0.0038218495999859836,13.5,150000.0,0.01946938775510204,9.0,1.0,1.0,0.0,0.1,30.0,1.098,0.133,0.023,1.0,1.0,True,FlowControlLab_NACA0018_quasi_steady_pressure,0.85
0.25932660326889856,0.22734437731436383,0.2606445849659313,0.19152118611392158,0.24722769683735676,0.1895640050889689,0.21884683823785184,0.20879942136857782,-0.25932660326889784,-0.22734437731436563,-0.2606445849659272,-0.1915211861139278,-0.2472276968373516,-0.18956400508897223,-0.21884683823785064,-0.20879942136857804,3.2271094574302454e-16,0.0038218495999859836,14.0,150000.0,0.019466472303206996,9.0,1.0,1.0,0.0,0.1,30.0,1.104,0.138,0.025,1.0,1.0,True,FlowControlLab_NACA0018_quasi_steady_pressure,0.85
0.25932660326889856,0.22734437731436383,0.2606445849659313,0.19152118611392158,0.24722769683735676,0.1895640050889689,0.21884683823785184,0.20879942136857782,-0.25932660326889784,-0.22734437731436563,-0.2606445849659272,-0.1915211861139278,-0.2472276968373516,-0.18956400508897223,-0.21884683823785064,-0.20879942136857804,3.2271094574302454e-16,0.0038218495999859836,14.5,150000.0,0.01944606413994169,9.0,1.0,1.0,0.0,0.1,30.0,1.096,0.143,0.029,1.0,1.0,True,FlowControlLab_NACA0018_quasi_steady_pressure,0.85
0.25932660326889856,0.22734437731436383,0.2606445849659313,0.19152118611392158,0.24722769683735676,0.1895640050889689,0.21884683823785184,0.20879942136857782,-0.25932660326889784,-0.22734437731436563,-0.2606445849659272,-0.1915211861139278,-0.2472276968373516,-0.18956400508897223,-0.21884683823785064,-0.20879942136857804,3.2271094574302454e-16,0.0038218495999859836,15.0,150000.0,0.019448979591836734,9.0,1.0,1.0,0.0,0.1,30.0,1.091,0.149,0.03,1.0,1.0,True,FlowControlLab_NACA0018_quasi_steady_pressure,0.85
0.25932660326889856,0.22734437731436383,0.2606445849659313,0.19152118611392158,0.24722769683735676,0.1895640050889689,0.21884683823785184,0.20879942136857782,-0.25932660326889784,-0.22734437731436563,-0.2606445849659272,-0.1915211861139278,-0.2472276968373516,-0.18956400508897223,-0.21884683823785064,-0.20879942136857804,3.2271094574302454e-16,0.0038218495999859836,15.5,150000.0,0.019463556851311955,9.0,1.0,1.0,0.0,0.1,30.0,0.895,0.208,0.001,1.0,1.0,True,FlowControlLab_NACA0018_quasi_steady_pressure,0.85
0.25932660326889856,0.22734437731436383,0.2606445849659313,0.19152118611392158,0.24722769683735676,0.1895640050889689,0.21884683823785184,0.20879942136857782,-0.25932660326889784,-0.22734437731436563,-0.2606445849659272,-0.1915211861139278,-0.2472276968373516,-0.18956400508897223,-0.21884683823785064,-0.20879942136857804,3.2271094574302454e-16,0.0038218495999859836,16.0,150000.0,0.019478134110787172,9.0,1.0,1.0,0.0,0.1,30.0,0.609,0.291,-0.042,1.0,1.0,True,FlowControlLab_NACA0018_quasi_steady_pressure,0.85
0.25932660326889856,0.22734437731436383,0.2606445849659313,0.19152118611392158,0.24722769683735676,0.1895640050889689,0.21884683823785184,0.20879942136857782,-0.25932660326889784,-0.22734437731436563,-0.2606445849659272,-0.1915211861139278,-0.2472276968373516,-0.18956400508897223,-0.21884683823785064,-0.20879942136857804,3.2271094574302454e-16,0.0038218495999859836,16.5,150000.0,0.019475218658892127,9.0,1.0,1.0,0.0,0.1,30.0,0.523,0.326,-0.058,1.0,1.0,True,FlowControlLab_NACA0018_quasi_steady_pressure,0.85
0.25932660326889856,0.22734437731436383,0.2606445849659313,0.19152118611392158,0.24722769683735676,0.1895640050889689,0.21884683823785184,0.20879942136857782,-0.25932660326889784,-0.22734437731436563,-0.2606445849659272,-0.1915211861139278,-0.2472276968373516,-0.18956400508897223,-0.21884683823785064,-0.20879942136857804,3.2271094574302454e-16,0.0038218495999859836,17.0,150000.0,0.019466472303206996,9.0,1.0,1.0,0.0,0.1,30.0,0.527,0.335,-0.059,1.0,1.0,True,FlowControlLab_NACA0018_quasi_steady_pressure,0.85
0.25932660326889856,0.22734437731436383,0.2606445849659313,0.19152118611392158,0.24722769683735676,0.1895640050889689,0.21884683823785184,0.20879942136857782,-0.25932660326889784,-0.22734437731436563,-0.2606445849659272,-0.1915211861139278,-0.2472276968373516,-0.18956400508897223,-0.21884683823785064,-0.20879942136857804,3.2271094574302454e-16,0.0038218495999859836,17.5,150000.0,0.019481049562682217,9.0,1.0,1.0,0.0,0.1,30.0,0.552,0.35,-0.063,1.0,1.0,True,FlowControlLab_NACA0018_quasi_steady_pressure,0.85
0.25932660326889856,0.22734437731436383,0.2606445849659313,0.19152118611392158,0.24722769683735676,0.1895640050889689,0.21884683823785184,0.20879942136857782,-0.25932660326889784,-0.22734437731436563,-0.2606445849659272,-0.1915211861139278,-0.2472276968373516,-0.18956400508897223,-0.21884683823785064,-0.20879942136857804,3.2271094574302454e-16,0.0038218495999859836,18.0,150000.0,0.01949271137026239,9.0,1.0,1.0,0.0,0.1,30.0,0.579,0.365,-0.07,1.0,1.0,True,FlowControlLab_NACA0018_quasi_steady_pressure,0.85
0.25932660326889856,0.22734437731436383,0.2606445849659313,0.19152118611392158,0.24722769683735676,0.1895640050889689,0.21884683823785184,0.20879942136857782,-0.25932660326889784,-0.22734437731436563,-0.2606445849659272,-0.1915211861139278,-0.2472276968373516,-0.18956400508897223,-0.21884683823785064,-0.20879942136857804,3.2271094574302454e-16,0.0038218495999859836,18.5,150000.0,0.019486880466472303,9.0,1.0,1.0,0.0,0.1,30.0,0.596,0.378,-0.073,1.0,1.0,True,FlowControlLab_NACA0018_quasi_steady_pressure,0.85
0.25932660326889856,0.22734437731436383,0.2606445849659313,0.19152118611392158,0.24722769683735676,0.1895640050889689,0.21884683823785184,0.20879942136857782,-0.25932660326889784,-0.22734437731436563,-0.2606445849659272,-0.1915211861139278,-0.2472276968373516,-0.18956400508897223,-0.21884683823785064,-0.20879942136857804,3.2271094574302454e-16,0.0038218495999859836,19.0,150000.0,0.019475218658892127,9.0,1.0,1.0,0.0,0.1,30.0,0.622,0.394,-0.078,1.0,1.0,True,FlowControlLab_NACA0018_quasi_steady_pressure,0.85
0.25932660326889856,0.22734437731436383,0.2606445849659313,0.19152118611392158,0.24722769683735676,0.1895640050889689,0.21884683823785184,0.20879942136857782,-0.25932660326889784,-0.22734437731436563,-0.2606445849659272,-0.1915211861139278,-0.2472276968373516,-0.18956400508897223,-0.21884683823785064,-0.20879942136857804,3.2271094574302454e-16,0.0038218495999859836,19.5,150000.0,0.01948396501457726,9.0,1.0,1.0,0.0,0.1,30.0,0.641,0.408,-0.082,1.0,1.0,True,FlowControlLab_NACA0018_quasi_steady_pressure,0.85
0.25932660326889856,0.22734437731436383,0.2606445849659313,0.19152118611392158,0.24722769683735676,0.1895640050889689,0.21884683823785184,0.20879942136857782,-0.25932660326889784,-0.22734437731436563,-0.2606445849659272,-0.1915211861139278,-0.2472276968373516,-0.18956400508897223,-0.21884683823785064,-0.20879942136857804,3.2271094574302454e-16,0.0038218495999859836,20.0,150000.0,0.019489795918367345,9.0,1.0,1.0,0.0,0.1,30.0,0.637,0.414,-0.079,1.0,1.0,True,FlowControlLab_NACA0018_quasi_steady_pressure,0.85
0.25932660326889856,0.22734437731436383,0.2606445849659313,0.19152118611392158,0.24722769683735676,0.1895640050889689,0.21884683823785184,0.20879942136857782,-0.25932660326889784,-0.22734437731436563,-0.2606445849659272,-0.1915211861139278,-0.2472276968373516,-0.18956400508897223,-0.21884683823785064,-0.20879942136857804,3.2271094574302454e-16,0.0038218495999859836,20.5,150000.0,0.019489795918367345,9.0,1.0,1.0,0.0,0.1,30.0,0.642,0.422,-0.08,1.0,1.0,True,FlowControlLab_NACA0018_quasi_steady_pressure,0.85
0.25932660326889856,0.22734437731436383,0.2606445849659313,0.19152118611392158,0.24722769683735676,0.1895640050889689,0.21884683823785184,0.20879942136857782,-0.25932660326889784,-0.22734437731436563,-0.2606445849659272,-0.1915211861139278,-0.2472276968373516,-0.18956400508897223,-0.21884683823785064,-0.20879942136857804,3.2271094574302454e-16,0.0038218495999859836,21.0,150000.0,0.019486880466472303,9.0,1.0,1.0,0.0,0.1,30.0,0.665,0.439,-0.085,1.0,1.0,True,FlowControlLab_NACA0018_quasi_steady_pressure,0.85
0.25932660326889856,0.22734437731436383,0.2606445849659313,0.19152118611392158,0.24722769683735676,0.1895640050889689,0.21884683823785184,0.20879942136857782,-0.25932660326889784,-0.22734437731436563,-0.2606445849659272,-0.1915211861139278,-0.2472276968373516,-0.18956400508897223,-0.21884683823785064,-0.20879942136857804,3.2271094574302454e-16,0.0038218495999859836,21.5,150000.0,0.01948396501457726,9.0,1.0,1.0,0.0,0.1,30.0,0.676,0.45,-0.087,1.0,1.0,True,FlowControlLab_NACA0018_quasi_steady_pressure,0.85
0.25932660326889856,0.22734437731436383,0.2606445849659313,0.19152118611392158,0.24722769683735676,0.1895640050889689,0.21884683823785184,0.20879942136857782,-0.25932660326889784,-0.22734437731436563,-0.2606445849659272,-0.1915211861139278,-0.2472276968373516,-0.18956400508897223,-0.21884683823785064,-0.20879942136857804,3.2271094574302454e-16,0.0038218495999859836,22.0,150000.0,0.019495626822157434,9.0,1.0,1.0,0.0,0.1,30.0,0.693,0.464,-0.09,1.0,1.0,True,FlowControlLab_NACA0018_quasi_steady_pressure,0.85
0.25932660326889856,0.22734437731436383,0.2606445849659313,0.19152118611392158,0.24722769683735676,0.1895640050889689,0.21884683823785184,0.20879942136857782,-0.25932660326889784,-0.22734437731436563,-0.2606445849659272,-0.1915211861139278,-0.2472276968373516,-0.18956400508897223,-0.21884683823785064,-0.20879942136857804,3.2271094574302454e-16,0.0038218495999859836,22.5,150000.0,0.01950145772594752,9.0,1.0,1.0,0.0,0.1,30.0,0.716,0.481,-0.095,1.0,1.0,True,FlowControlLab_NACA0018_quasi_steady_pressure,0.85
0.25932660326889856,0.22734437731436383,0.2606445849659313,0.19152118611392158,0.24722769683735676,0.1895640050889689,0.21884683823785184,0.20879942136857782,-0.25932660326889784,-0.22734437731436563,-0.2606445849659272,-0.1915211861139278,-0.2472276968373516,-0.18956400508897223,-0.21884683823785064,-0.20879942136857804,3.2271094574302454e-16,0.0038218495999859836,23.0,150000.0,0.019513119533527697,9.0,1.0,1.0,0.0,0.1,30.0,0.734,0.496,-0.099,1.0,1.0,True,FlowControlLab_NACA0018_quasi_steady_pressure,0.85
0.25932660326889856,0.22734437731436383,0.2606445849659313,0.19152118611392158,0.24722769683735676,0.1895640050889689,0.21884683823785184,0.20879942136857782,-0.25932660326889784,-0.22734437731436563,-0.2606445849659272,-0.1915211861139278,-0.2472276968373516,-0.18956400508897223,-0.21884683823785064,-0.20879942136857804,3.2271094574302454e-16,0.0038218495999859836,23.5,150000.0,0.01950728862973761,9.0,1.0,1.0,0.0,0.1,30.0,0.743,0.508,-0.101,1.0,1.0,True,FlowControlLab_NACA0018_quasi_steady_pressure,0.85
0.25932660326889856,0.22734437731436383,0.2606445849659313,0.19152118611392158,0.24722769683735676,0.1895640050889689,0.21884683823785184,0.20879942136857782,-0.25932660326889784,-0.22734437731436563,-0.2606445849659272,-0.1915211861139278,-0.2472276968373516,-0.18956400508897223,-0.21884683823785064,-0.20879942136857804,3.2271094574302454e-16,0.0038218495999859836,24.0,150000.0,0.019481049562682217,9.0,1.0,1.0,0.0,0.1,30.0,0.764,0.525,-0.105,1.0,1.0,True,FlowControlLab_NACA0018_quasi_steady_pressure,0.85
0.25932660326889856,0.22734437731436383,0.2606445849659313,0.19152118611392158,0.24722769683735676,0.1895640050889689,0.21884683823785184,0.20879942136857782,-0.25932660326889784,-0.22734437731436563,-0.2606445849659272,-0.1915211861139278,-0.2472276968373516,-0.18956400508897223,-0.21884683823785064,-0.20879942136857804,3.2271094574302454e-16,0.0038218495999859836,24.5,150000.0,0.019486880466472303,9.0,1.0,1.0,0.0,0.1,30.0,0.768,0.535,-0.106,1.0,1.0,True,FlowControlLab_NACA0018_quasi_steady_pressure,0.85
0.25932660326889856,0.22734437731436383,0.2606445849659313,0.19152118611392158,0.24722769683735676,0.1895640050889689,0.21884683823785184,0.20879942136857782,-0.25932660326889784,-0.22734437731436563,-0.2606445849659272,-0.1915211861139278,-0.2472276968373516,-0.18956400508897223,-0.21884683823785064,-0.20879942136857804,3.2271094574302454e-16,0.0038218495999859836,25.0,150000.0,0.01949271137026239,9.0,1.0,1.0,0.0,0.1,30.0,0.761,0.541,-0.105,1.0,1.0,True,FlowControlLab_NACA0018_quasi_steady_pressure,0.85
0.25932660326889856,0.22734437731436383,0.2606445849659313,0.19152118611392158,0.24722769683735676,0.1895640050889689,0.21884683823785184,0.20879942136857782,-0.25932660326889784,-0.22734437731436563,-0.2606445849659272,-0.1915211861139278,-0.2472276968373516,-0.18956400508897223,-0.21884683823785064,-0.20879942136857804,3.2271094574302454e-16,0.0038218495999859836,25.5,150000.0,0.01949271137026239,9.0,1.0,1.0,0.0,0.1,30.0,0.799,0.566,-0.113,1.0,1.0,True,FlowControlLab_NACA0018_quasi_steady_pressure,0.85
0.25932660326889856,0.22734437731436383,0.2606445849659313,0.19152118611392158,0.24722769683735676,0.1895640050889689,0.21884683823785184,0.20879942136857782,-0.25932660326889784,-0.22734437731436563,-0.2606445849659272,-0.1915211861139278,-0.2472276968373516,-0.18956400508897223,-0.21884683823785064,-0.20879942136857804,3.2271094574302454e-16,0.0038218495999859836,26.0,150000.0,0.019495626822157434,9.0,1.0,1.0,0.0,0.1,30.0,0.823,0.587,-0.12,1.0,1.0,True,FlowControlLab_NACA0018_quasi_steady_pressure,0.85
0.25932660326889856,0.22734437731436383,0.2606445849659313,0.19152118611392158,0.24722769683735676,0.1895640050889689,0.21884683823785184,0.20879942136857782,-0.25932660326889784,-0.22734437731436563,-0.2606445849659272,-0.1915211861139278,-0.2472276968373516,-0.18956400508897223,-0.21884683823785064,-0.20879942136857804,3.2271094574302454e-16,0.0038218495999859836,26.5,150000.0,0.019504373177842566,9.0,1.0,1.0,0.0,0.1,30.0,0.846,0.607,-0.125,1.0,1.0,True,FlowControlLab_NACA0018_quasi_steady_pressure,0.85
0.25932660326889856,0.22734437731436383,0.2606445849659313,0.19152118611392158,0.24722769683735676,0.1895640050889689,0.21884683823785184,0.20879942136857782,-0.25932660326889784,-0.22734437731436563,-0.2606445849659272,-0.1915211861139278,-0.2472276968373516,-0.18956400508897223,-0.21884683823785064,-0.20879942136857804,3.2271094574302454e-16,0.0038218495999859836,27.0,150000.0,0.01950728862973761,9.0,1.0,1.0,0.0,0.1,30.0,0.868,0.626,-0.13,1.0,1.0,True,FlowControlLab_NACA0018_quasi_steady_pressure,0.85
0.25932660326889856,0.22734437731436383,0.2606445849659313,0.19152118611392158,0.24722769683735676,0.1895640050889689,0.21884683823785184,0.20879942136857782,-0.25932660326889784,-0.22734437731436563,-0.2606445849659272,-0.1915211861139278,-0.2472276968373516,-0.18956400508897223,-0.21884683823785064,-0.20879942136857804,3.2271094574302454e-16,0.0038218495999859836,27.5,150000.0,0.01950145772594752,9.0,1.0,1.0,0.0,0.1,30.0,0.898,0.651,-0.138,1.0,1.0,True,FlowControlLab_NACA0018_quasi_steady_pressure,0.85
0.25932660326889856,0.22734437731436383,0.2606445849659313,0.19152118611392158,0.24722769683735676,0.1895640050889689,0.21884683823785184,0.20879942136857782,-0.25932660326889784,-0.22734437731436563,-0.2606445849659272,-0.1915211861139278,-0.2472276968373516,-0.18956400508897223,-0.21884683823785064,-0.20879942136857804,3.2271094574302454e-16,0.0038218495999859836,28.0,150000.0,0.019504373177842566,9.0,1.0,1.0,0.0,0.1,30.0,0.933,0.679,-0.147,1.0,1.0,True,FlowControlLab_NACA0018_quasi_steady_pressure,0.85
0.25932660326889856,0.22734437731436383,0.2606445849659313,0.19152118611392158,0.24722769683735676,0.1895640050889689,0.21884683823785184,0.20879942136857782,-0.25932660326889784,-0.22734437731436563,-0.2606445849659272,-0.1915211861139278,-0.2472276968373516,-0.18956400508897223,-0.21884683823785064,-0.20879942136857804,3.2271094574302454e-16,0.0038218495999859836,28.5,150000.0,0.01950728862973761,9.0,1.0,1.0,0.0,0.1,30.0,0.946,0.696,-0.151,1.0,1.0,True,FlowControlLab_NACA0018_quasi_steady_pressure,0.85
0.25932660326889856,0.22734437731436383,0.2606445849659313,0.19152118611392158,0.24722769683735676,0.1895640050889689,0.21884683823785184,0.20879942136857782,-0.25932660326889784,-0.22734437731436563,-0.2606445849659272,-0.1915211861139278,-0.2472276968373516,-0.18956400508897223,-0.21884683823785064,-0.20879942136857804,3.2271094574302454e-16,0.0038218495999859836,29.0,150000.0,0.019495626822157434,9.0,1.0,1.0,0.0,0.1,30.0,0.963,0.716,-0.156,1.0,1.0,True,FlowControlLab_NACA0018_quasi_steady_pressure,0.85
0.25932660326889856,0.22734437731436383,0.2606445849659313,0.19152118611392158,0.24722769683735676,0.1895640050889689,0.21884683823785184,0.20879942136857782,-0.25932660326889784,-0.22734437731436563,-0.2606445849659272,-0.1915211861139278,-0.2472276968373516,-0.18956400508897223,-0.21884683823785064,-0.20879942136857804,3.2271094574302454e-16,0.0038218495999859836,29.5,150000.0,0.019475218658892127,9.0,1.0,1.0,0.0,0.1,30.0,1.0,0.747,-0.166,1.0,1.0,True,FlowControlLab_NACA0018_quasi_steady_pressure,0.85
0.25932660326889856,0.22734437731436383,0.2606445849659313,0.19152118611392158,0.24722769683735676,0.1895640050889689,0.21884683823785184,0.20879942136857782,-0.25932660326889784,-0.22734437731436563,-0.2606445849659272,-0.1915211861139278,-0.2472276968373516,-0.18956400508897223,-0.21884683823785064,-0.20879942136857804,3.2271094574302454e-16,0.0038218495999859836,30.0,150000.0,0.019489795918367345,9.0,1.0,1.0,0.0,0.1,30.0,1.032,0.777,-0.176,1.0,1.0,True,FlowControlLab_NACA0018_quasi_steady_pressure,0.85
0.25932660326889856,0.22734437731436383,0.2606445849659313,0.19152118611392158,0.24722769683735676,0.1895640050889689,0.21884683823785184,0.20879942136857782,-0.25932660326889784,-0.22734437731436563,-0.2606445849659272,-0.1915211861139278,-0.2472276968373516,-0.18956400508897223,-0.21884683823785064,-0.20879942136857804,3.2271094574302454e-16,0.0038218495999859836,30.5,150000.0,0.019510204081632655,9.0,1.0,1.0,0.0,0.1,30.0,1.064,0.808,-0.186,1.0,1.0,True,FlowControlLab_NACA0018_quasi_steady_pressure,0.85
0.25932660326889856,0.22734437731436383,0.2606445849659313,0.19152118611392158,0.24722769683735676,0.1895640050889689,0.21884683823785184,0.20879942136857782,-0.25932660326889784,-0.22734437731436563,-0.2606445849659272,-0.1915211861139278,-0.2472276968373516,-0.18956400508897223,-0.21884683823785064,-0.20879942136857804,3.2271094574302454e-16,0.0038218495999859836,31.0,150000.0,0.01950145772594752,9.0,1.0,1.0,0.0,0.1,30.0,1.098,0.84,-0.195,1.0,1.0,True,FlowControlLab_NACA0018_quasi_steady_pressure,0.85
0.25932660326889856,0.22734437731436383,0.2606445849659313,0.19152118611392158,0.24722769683735676,0.1895640050889689,0.21884683823785184,0.20879942136857782,-0.25932660326889784,-0.22734437731436563,-0.2606445849659272,-0.1915211861139278,-0.2472276968373516,-0.18956400508897223,-0.21884683823785064,-0.20879942136857804,3.2271094574302454e-16,0.0038218495999859836,31.5,150000.0,0.019481049562682217,9.0,1.0,1.0,0.0,0.1,30.0,1.126,0.87,-0.205,1.0,1.0,True,FlowControlLab_NACA0018_quasi_steady_pressure,0.85
0.25932660326889856,0.22734437731436383,0.2606445849659313,0.19152118611392158,0.24722769683735676,0.1895640050889689,0.21884683823785184,0.20879942136857782,-0.25932660326889784,-0.22734437731436563,-0.2606445849659272,-0.1915211861139278,-0.2472276968373516,-0.18956400508897223,-0.21884683823785064,-0.20879942136857804,3.2271094574302454e-16,0.0038218495999859836,32.0,150000.0,0.01949271137026239,9.0,1.0,1.0,0.0,0.1,30.0,1.143,0.894,-0.212,1.0,1.0,True,FlowControlLab_NACA0018_quasi_steady_pressure,0.85
0.25932660326889856,0.22734437731436383,0.2606445849659313,0.19152118611392158,0.24722769683735676,0.1895640050889689,0.21884683823785184,0.20879942136857782,-0.25932660326889784,-0.22734437731436563,-0.2606445849659272,-0.1915211861139278,-0.2472276968373516,-0.18956400508897223,-0.21884683823785064,-0.20879942136857804,3.2271094574302454e-16,0.0038218495999859836,-2.0,250000.0,0.019472303206997086,9.0,1.0,1.0,0.0,0.1,30.0,-0.196,0.031,-0.003,1.0,1.0,True,FlowControlLab_NACA0018_quasi_steady_pressure,0.85
0.25932660326889856,0.22734437731436383,0.2606445849659313,0.19152118611392158,0.24722769683735676,0.1895640050889689,0.21884683823785184,0.20879942136857782,-0.25932660326889784,-0.22734437731436563,-0.2606445849659272,-0.1915211861139278,-0.2472276968373516,-0.18956400508897223,-0.21884683823785064,-0.20879942136857804,3.2271094574302454e-16,0.0038218495999859836,-1.5,250000.0,0.019475218658892127,9.0,1.0,1.0,0.0,0.1,30.0,-0.141,0.03,-0.004,1.0,1.0,True,FlowControlLab_NACA0018_quasi_steady_pressure,0.85
0.25932660326889856,0.22734437731436383,0.2606445849659313,0.19152118611392158,0.24722769683735676,0.1895640050889689,0.21884683823785184,0.20879942136857782,-0.25932660326889784,-0.22734437731436563,-0.2606445849659272,-0.1915211861139278,-0.2472276968373516,-0.18956400508897223,-0.21884683823785064,-0.20879942136857804,3.2271094574302454e-16,0.0038218495999859836,-1.0,250000.0,0.019478134110787172,9.0,1.0,1.0,0.0,0.1,30.0,-0.088,0.03,-0.004,1.0,1.0,True,FlowControlLab_NACA0018_quasi_steady_pressure,0.85
0.25932660326889856,0.22734437731436383,0.2606445849659313,0.19152118611392158,0.24722769683735676,0.1895640050889689,0.21884683823785184,0.20879942136857782,-0.25932660326889784,-0.22734437731436563,-0.2606445849659272,-0.1915211861139278,-0.2472276968373516,-0.18956400508897223,-0.21884683823785064,-0.20879942136857804,3.2271094574302454e-16,0.0038218495999859836,-0.5,250000.0,0.019472303206997086,9.0,1.0,1.0,0.0,0.1,30.0,-0.038,0.03,-0.003,1.0,1.0,True,FlowControlLab_NACA0018_quasi_steady_pressure,0.85
0.25932660326889856,0.22734437731436383,0.2606445849659313,0.19152118611392158,0.24722769683735676,0.1895640050889689,0.21884683823785184,0.20879942136857782,-0.25932660326889784,-0.22734437731436563,-0.2606445849659272,-0.1915211861139278,-0.2472276968373516,-0.18956400508897223,-0.21884683823785064,-0.20879942136857804,3.2271094574302454e-16,0.0038218495999859836,0.0,250000.0,0.01946064139941691,9.0,1.0,1.0,0.0,0.1,30.0,0.011,0.029,-0.001,1.0,1.0,True,FlowControlLab_NACA0018_quasi_steady_pressure,0.85
0.25932660326889856,0.22734437731436383,0.2606445849659313,0.19152118611392158,0.24722769683735676,0.1895640050889689,0.21884683823785184,0.20879942136857782,-0.25932660326889784,-0.22734437731436563,-0.2606445849659272,-0.1915211861139278,-0.2472276968373516,-0.18956400508897223,-0.21884683823785064,-0.20879942136857804,3.2271094574302454e-16,0.0038218495999859836,0.5,250000.0,0.01945189504373178,9.0,1.0,1.0,0.0,0.1,30.0,0.061,0.03,-0.0,1.0,1.0,True,FlowControlLab_NACA0018_quasi_steady_pressure,0.85
0.25932660326889856,0.22734437731436383,0.2606445849659313,0.19152118611392158,0.24722769683735676,0.1895640050889689,0.21884683823785184,0.20879942136857782,-0.25932660326889784,-0.22734437731436563,-0.2606445849659272,-0.1915211861139278,-0.2472276968373516,-0.18956400508897223,-0.21884683823785064,-0.20879942136857804,3.2271094574302454e-16,0.0038218495999859836,1.0,250000.0,0.019475218658892127,9.0,1.0,1.0,0.0,0.1,30.0,0.111,0.03,0.0,1.0,1.0,True,FlowControlLab_NACA0018_quasi_steady_pressure,0.85
0.25932660326889856,0.22734437731436383,0.2606445849659313,0.19152118611392158,0.24722769683735676,0.1895640050889689,0.21884683823785184,0.20879942136857782,-0.25932660326889784,-0.22734437731436563,-0.2606445849659272,-0.1915211861139278,-0.2472276968373516,-0.18956400508897223,-0.21884683823785064,-0.20879942136857804,3.2271094574302454e-16,0.0038218495999859836,1.5,250000.0,0.019478134110787172,9.0,1.0,1.0,0.0,0.1,30.0,0.16,0.03,0.001,1.0,1.0,True,FlowControlLab_NACA0018_quasi_steady_pressure,0.85
0.25932660326889856,0.22734437731436383,0.2606445849659313,0.19152118611392158,0.24722769683735676,0.1895640050889689,0.21884683823785184,0.20879942136857782,-0.25932660326889784,-0.22734437731436563,-0.2606445849659272,-0.1915211861139278,-0.2472276968373516,-0.18956400508897223,-0.21884683823785064,-0.20879942136857804,3.2271094574302454e-16,0.0038218495999859836,2.0,250000.0,0.019481049562682217,9.0,1.0,1.0,0.0,0.1,30.0,0.208,0.031,0.003,1.0,1.0,True,FlowControlLab_NACA0018_quasi_steady_pressure,0.85
0.25932660326889856,0.22734437731436383,0.2606445849659313,0.19152118611392158,0.24722769683735676,0.1895640050889689,0.21884683823785184,0.20879942136857782,-0.25932660326889784,-0.22734437731436563,-0.2606445849659272,-0.1915211861139278,-0.2472276968373516,-0.18956400508897223,-0.21884683823785064,-0.20879942136857804,3.2271094574302454e-16,0.0038218495999859836,2.5,250000.0,0.019475218658892127,9.0,1.0,1.0,0.0,0.1,30.0,0.255,0.031,0.005,1.0,1.0,True,FlowControlLab_NACA0018_quasi_steady_pressure,0.85
0.25932660326889856,0.22734437731436383,0.2606445849659313,0.19152118611392158,0.24722769683735676,0.1895640050889689,0.21884683823785184,0.20879942136857782,-0.25932660326889784,-0.22734437731436563,-0.2606445849659272,-0.1915211861139278,-0.2472276968373516,-0.18956400508897223,-0.21884683823785064,-0.20879942136857804,3.2271094574302454e-16,0.0038218495999859836,3.0,250000.0,0.01945772594752187,9.0,1.0,1.0,0.0,0.1,30.0,0.3,0.032,0.007,1.0,1.0,True,FlowControlLab_NACA0018_quasi_steady_pressure,0.85
0.25932660326889856,0.22734437731436383,0.2606445849659313,0.19152118611392158,0.24722769683735676,0.1895640050889689,0.21884683823785184,0.20879942136857782,-0.25932660326889784,-0.22734437731436563,-0.2606445849659272,-0.1915211861139278,-0.2472276968373516,-0.18956400508897223,-0.21884683823785064,-0.20879942136857804,3.2271094574302454e-16,0.0038218495999859836,3.5,250000.0,0.019472303206997086,9.0,1.0,1.0,0.0,0.1,30.0,0.346,0.032,0.008,1.0,1.0,True,FlowControlLab_NACA0018_quasi_steady_pressure,0.85
0.25932660326889856,0.22734437731436383,0.2606445849659313,0.19152118611392158,0.24722769683735676,0.1895640050889689,0.21884683823785184,0.20879942136857782,-0.25932660326889784,-0.22734437731436563,-0.2606445849659272,-0.1915211861139278,-0.2472276968373516,-0.18956400508897223,-0.21884683823785064,-0.20879942136857804,3.2271094574302454e-16,0.0038218495999859836,4.0,250000.0,0.019495626822157434,9.0,1.0,1.0,0.0,0.1,30.0,0.399,0.033,0.01,1.0,1.0,True,FlowControlLab_NACA0018_quasi_steady_pressure,0.85
0.25932660326889856,0.22734437731436383,0.2606445849659313,0.19152118611392158,0.24722769683735676,0.1895640050889689,0.21884683823785184,0.20879942136857782,-0.25932660326889784,-0.22734437731436563,-0.2606445849659272,-0.1915211861139278,-0.2472276968373516,-0.18956400508897223,-0.21884683823785064,-0.20879942136857804,3.2271094574302454e-16,0.0038218495999859836,4.5,250000.0,0.019495626822157434,9.0,1.0,1.0,0.0,0.1,30.0,0.46,0.034,0.008,1.0,1.0,True,FlowControlLab_NACA0018_quasi_steady_pressure,0.85
0.25932660326889856,0.22734437731436383,0.2606445849659313,0.19152118611392158,0.24722769683735676,0.1895640050889689,0.21884683823785184,0.20879942136857782,-0.25932660326889784,-0.22734437731436563,-0.2606445849659272,-0.1915211861139278,-0.2472276968373516,-0.18956400508897223,-0.21884683823785064,-0.20879942136857804,3.2271094574302454e-16,0.0038218495999859836,5.0,250000.0,0.019475218658892127,9.0,1.0,1.0,0.0,0.1,30.0,0.529,0.035,0.003,1.0,1.0,True,FlowControlLab_NACA0018_quasi_steady_pressure,0.85
0.25932660326889856,0.22734437731436383,0.2606445849659313,0.19152118611392158,0.24722769683735676,0.1895640050889689,0.21884683823785184,0.20879942136857782,-0.25932660326889784,-0.22734437731436563,-0.2606445849659272,-0.1915211861139278,-0.2472276968373516,-0.18956400508897223,-0.21884683823785064,-0.20879942136857804,3.2271094574302454e-16,0.0038218495999859836,5.5,250000.0,0.01946064139941691,9.0,1.0,1.0,0.0,0.1,30.0,0.608,0.037,-0.003,1.0,1.0,True,FlowControlLab_NACA0018_quasi_steady_pressure,0.85
0.25932660326889856,0.22734437731436383,0.2606445849659313,0.19152118611392158,0.24722769683735676,0.1895640050889689,0.21884683823785184,0.20879942136857782,-0.25932660326889784,-0.22734437731436563,-0.2606445849659272,-0.1915211861139278,-0.2472276968373516,-0.18956400508897223,-0.21884683823785064,-0.20879942136857804,3.2271094574302454e-16,0.0038218495999859836,6.0,250000.0,0.019463556851311955,9.0,1.0,1.0,0.0,0.1,30.0,0.683,0.038,-0.009,1.0,1.0,True,FlowControlLab_NACA0018_quasi_steady_pressure,0.85
0.25932660326889856,0.22734437731436383,0.2606445849659313,0.19152118611392158,0.24722769683735676,0.1895640050889689,0.21884683823785184,0.20879942136857782,-0.25932660326889784,-0.22734437731436563,-0.2606445849659272,-0.1915211861139278,-0.2472276968373516,-0.18956400508897223,-0.21884683823785064,-0.20879942136857804,3.2271094574302454e-16,0.0038218495999859836,6.5,250000.0,0.019466472303206996,9.0,1.0,1.0,0.0,0.1,30.0,0.756,0.039,-0.013,1.0,1.0,True,FlowControlLab_NACA0018_quasi_steady_pressure,0.85
0.25932660326889856,0.22734437731436383,0.2606445849659313,0.19152118611392158,0.24722769683735676,0.1895640050889689,0.21884683823785184,0.20879942136857782,-0.25932660326889784,-0.22734437731436563,-0.2606445849659272,-0.1915211861139278,-0.2472276968373516,-0.18956400508897223,-0.21884683823785064,-0.20879942136857804,3.2271094574302454e-16,0.0038218495999859836,7.0,250000.0,0.01946064139941691,9.0,1.0,1.0,0.0,0.1,30.0,0.81,0.04,-0.014,1.0,1.0,True,FlowControlLab_NACA0018_quasi_steady_pressure,0.85
0.25932660326889856,0.22734437731436383,0.2606445849659313,0.19152118611392158,0.24722769683735676,0.1895640050889689,0.21884683823785184,0.20879942136857782,-0.25932660326889784,-0.22734437731436563,-0.2606445849659272,-0.1915211861139278,-0.2472276968373516,-0.18956400508897223,-0.21884683823785064,-0.20879942136857804,3.2271094574302454e-16,0.0038218495999859836,7.5,250000.0,0.01945189504373178,9.0,1.0,1.0,0.0,0.1,30.0,0.842,0.04,-0.012,1.0,1.0,True,FlowControlLab_NACA0018_quasi_steady_pressure,0.85
0.25932660326889856,0.22734437731436383,0.2606445849659313,0.19152118611392158,0.24722769683735676,0.1895640050889689,0.21884683823785184,0.20879942136857782,-0.25932660326889784,-0.22734437731436563,-0.2606445849659272,-0.1915211861139278,-0.2472276968373516,-0.18956400508897223,-0.21884683823785064,-0.20879942136857804,3.2271094574302454e-16,0.0038218495999859836,8.0,250000.0,0.01945772594752187,9.0,1.0,1.0,0.0,0.1,30.0,0.88,0.041,-0.008,1.0,1.0,True,FlowControlLab_NACA0018_quasi_steady_pressure,0.85
0.25932660326889856,0.22734437731436383,0.2606445849659313,0.19152118611392158,0.24722769683735676,0.1895640050889689,0.21884683823785184,0.20879942136857782,-0.25932660326889784,-0.22734437731436563,-0.2606445849659272,-0.1915211861139278,-0.2472276968373516,-0.18956400508897223,-0.21884683823785064,-0.20879942136857804,3.2271094574302454e-16,0.0038218495999859836,8.5,250000.0,0.019472303206997086,9.0,1.0,1.0,0.0,0.1,30.0,0.896,0.042,-0.002,1.0,1.0,True,FlowControlLab_NACA0018_quasi_steady_pressure,0.85
0.25932660326889856,0.22734437731436383,0.2606445849659313,0.19152118611392158,0.24722769683735676,0.1895640050889689,0.21884683823785184,0.20879942136857782,-0.25932660326889784,-0.22734437731436563,-0.2606445849659272,-0.1915211861139278,-0.2472276968373516,-0.18956400508897223,-0.21884683823785064,-0.20879942136857804,3.2271094574302454e-16,0.0038218495999859836,9.0,250000.0,0.019478134110787172,9.0,1.0,1.0,0.0,0.1,30.0,0.903,0.041,0.003,1.0,1.0,True,FlowControlLab_NACA0018_quasi_steady_pressure,0.85
0.25932660326889856,0.22734437731436383,0.2606445849659313,0.19152118611392158,0.24722769683735676,0.1895640050889689,0.21884683823785184,0.20879942136857782,-0.25932660326889784,-0.22734437731436563,-0.2606445849659272,-0.1915211861139278,-0.2472276968373516,-0.18956400508897223,-0.21884683823785064,-0.20879942136857804,3.2271094574302454e-16,0.0038218495999859836,9.5,250000.0,0.01948396501457726,9.0,1.0,1.0,0.0,0.1,30.0,0.936,0.043,0.008,1.0,1.0,True,FlowControlLab_NACA0018_quasi_steady_pressure,0.85
0.25932660326889856,0.22734437731436383,0.2606445849659313,0.19152118611392158,0.24722769683735676,0.1895640050889689,0.21884683823785184,0.20879942136857782,-0.25932660326889784,-0.22734437731436563,-0.2606445849659272,-0.1915211861139278,-0.2472276968373516,-0.18956400508897223,-0.21884683823785064,-0.20879942136857804,3.2271094574302454e-16,0.0038218495999859836,10.0,250000.0,0.019498542274052476,9.0,1.0,1.0,0.0,0.1,30.0,0.976,0.045,0.012,1.0,1.0,True,FlowControlLab_NACA0018_quasi_steady_pressure,0.85
0.25932660326889856,0.22734437731436383,0.2606445849659313,0.19152118611392158,0.24722769683735676,0.1895640050889689,0.21884683823785184,0.20879942136857782,-0.25932660326889784,-0.22734437731436563,-0.2606445849659272,-0.1915211861139278,-0.2472276968373516,-0.18956400508897223,-0.21884683823785064,-0.20879942136857804,3.2271094574302454e-16,0.0038218495999859836,10.5,250000.0,0.01950728862973761,9.0,1.0,1.0,0.0,0.1,30.0,0.999,0.046,0.016,1.0,1.0,True,FlowControlLab_NACA0018_quasi_steady_pressure,0.85
0.25932660326889856,0.22734437731436383,0.2606445849659313,0.19152118611392158,0.24722769683735676,0.1895640050889689,0.21884683823785184,0.20879942136857782,-0.25932660326889784,-0.22734437731436563,-0.2606445849659272,-0.1915211861139278,-0.2472276968373516,-0.18956400508897223,-0.21884683823785064,-0.20879942136857804,3.2271094574302454e-16,0.0038218495999859836,11.0,250000.0,0.019489795918367345,9.0,1.0,1.0,0.0,0.1,30.0,1.017,0.047,0.018,1.0,1.0,True,FlowControlLab_NACA0018_quasi_steady_pressure,0.85
0.25932660326889856,0.22734437731436383,0.2606445849659313,0.19152118611392158,0.24722769683735676,0.1895640050889689,0.21884683823785184,0.20879942136857782,-0.25932660326889784,-0.22734437731436563,-0.2606445849659272,-0.1915211861139278,-0.2472276968373516,-0.18956400508897223,-0.21884683823785064,-0.20879942136857804,3.2271094574302454e-16,0.0038218495999859836,11.5,250000.0,0.01946938775510204,9.0,1.0,1.0,0.0,0.1,30.0,1.05,0.049,0.02,1.0,1.0,True,FlowControlLab_NACA0018_quasi_steady_pressure,0.85
0.25932660326889856,0.22734437731436383,0.2606445849659313,0.19152118611392158,0.24722769683735676,0.1895640050889689,0.21884683823785184,0.20879942136857782,-0.25932660326889784,-0.22734437731436563,-0.2606445849659272,-0.1915211861139278,-0.2472276968373516,-0.18956400508897223,-0.21884683823785064,-0.20879942136857804,3.2271094574302454e-16,0.0038218495999859836,12.0,250000.0,0.019472303206997086,9.0,1.0,1.0,0.0,0.1,30.0,1.091,0.052,0.023,1.0,1.0,True,FlowControlLab_NACA0018_quasi_steady_pressure,0.85
0.25932660326889856,0.22734437731436383,0.2606445849659313,0.19152118611392158,0.24722769683735676,0.1895640050889689,0.21884683823785184,0.20879942136857782,-0.25932660326889784,-0.22734437731436563,-0.2606445849659272,-0.1915211861139278,-0.2472276968373516,-0.18956400508897223,-0.21884683823785064,-0.20879942136857804,3.2271094574302454e-16,0.0038218495999859836,12.5,250000.0,0.019478134110787172,9.0,1.0,1.0,0.0,0.1,30.0,1.113,0.056,0.025,1.0,1.0,True,FlowControlLab_NACA0018_quasi_steady_pressure,0.85
0.25932660326889856,0.22734437731436383,0.2606445849659313,0.19152118611392158,0.24722769683735676,0.1895640050889689,0.21884683823785184,0.20879942136857782,-0.25932660326889784,-0.22734437731436563,-0.2606445849659272,-0.1915211861139278,-0.2472276968373516,-0.18956400508897223,-0.21884683823785064,-0.20879942136857804,3.2271094574302454e-16,0.0038218495999859836,13.0,250000.0,0.01946938775510204,9.0,1.0,1.0,0.0,0.1,30.0,1.11,0.059,0.028,1.0,1.0,True,FlowControlLab_NACA0018_quasi_steady_pressure,0.85
0.25932660326889856,0.22734437731436383,0.2606445849659313,0.19152118611392158,0.24722769683735676,0.1895640050889689,0.21884683823785184,0.20879942136857782,-0.25932660326889784,-0.22734437731436563,-0.2606445849659272,-0.1915211861139278,-0.2472276968373516,-0.18956400508897223,-0.21884683823785064,-0.20879942136857804,3.2271094574302454e-16,0.0038218495999859836,13.5,250000.0,0.01946938775510204,9.0,1.0,1.0,0.0,0.1,30.0,1.103,0.063,0.031,1.0,1.0,True,FlowControlLab_NACA0018_quasi_steady_pressure,0.85
0.25932660326889856,0.22734437731436383,0.2606445849659313,0.19152118611392158,0.24722769683735676,0.1895640050889689,0.21884683823785184,0.20879942136857782,-0.25932660326889784,-0.22734437731436563,-0.2606445849659272,-0.1915211861139278,-0.2472276968373516,-0.18956400508897223,-0.21884683823785064,-0.20879942136857804,3.2271094574302454e-16,0.0038218495999859836,14.0,250000.0,0.019466472303206996,9.0,1.0,1.0,0.0,0.1,30.0,1.12,0.07,0.033,1.0,1.0,True,FlowControlLab_NACA0018_quasi_steady_pressure,0.85
0.25932660326889856,0.22734437731436383,0.2606445849659313,0.19152118611392158,0.24722769683735676,0.1895640050889689,0.21884683823785184,0.20879942136857782,-0.25932660326889784,-0.22734437731436563,-0.2606445849659272,-0.1915211861139278,-0.2472276968373516,-0.18956400508897223,-0.21884683823785064,-0.20879942136857804,3.2271094574302454e-16,0.0038218495999859836,14.5,250000.0,0.01944606413994169,9.0,1.0,1.0,0.0,0.1,30.0,1.138,0.079,0.032,1.0,1.0,True,FlowControlLab_NACA0018_quasi_steady_pressure,0.85
0.25932660326889856,0.22734437731436383,0.2606445849659313,0.19152118611392158,0.24722769683735676,0.1895640050889689,0.21884683823785184,0.20879942136857782,-0.25932660326889784,-0.22734437731436563,-0.2606445849659272,-0.1915211861139278,-0.2472276968373516,-0.18956400508897223,-0.21884683823785064,-0.20879942136857804,3.2271094574302454e-16,0.0038218495999859836,15.0,250000.0,0.019448979591836734,9.0,1.0,1.0,0.0,0.1,30.0,1.149,0.089,0.029,1.0,1.0,True,FlowControlLab_NACA0018_quasi_steady_pressure,0.85
0.25932660326889856,0.22734437731436383,0.2606445849659313,0.19152118611392158,0.24722769683735676,0.1895640050889689,0.21884683823785184,0.20879942136857782,-0.25932660326889784,-0.22734437731436563,-0.2606445849659272,-0.1915211861139278,-0.2472276968373516,-0.18956400508897223,-0.21884683823785064,-0.20879942136857804,3.2271094574302454e-16,0.0038218495999859836,15.5,250000.0,0.019463556851311955,9.0,1.0,1.0,0.0,0.1,30.0,1.158,0.098,0.026,1.0,1.0,True,FlowControlLab_NACA0018_quasi_steady_pressure,0.85
0.25932660326889856,0.22734437731436383,0.2606445849659313,0.19152118611392158,0.24722769683735676,0.1895640050889689,0.21884683823785184,0.20879942136857782,-0.25932660326889784,-0.22734437731436563,-0.2606445849659272,-0.1915211861139278,-0.2472276968373516,-0.18956400508897223,-0.21884683823785064,-0.20879942136857804,3.2271094574302454e-16,0.0038218495999859836,16.0,250000.0,0.019478134110787172,9.0,1.0,1.0,0.0,0.1,30.0,1.144,0.104,0.024,1.0,1.0,True,FlowControlLab_NACA0018_quasi_steady_pressure,0.85
0.25932660326889856,0.22734437731436383,0.2606445849659313,0.19152118611392158,0.24722769683735676,0.1895640050889689,0.21884683823785184,0.20879942136857782,-0.25932660326889784,-0.22734437731436563,-0.2606445849659272,-0.1915211861139278,-0.2472276968373516,-0.18956400508897223,-0.21884683823785064,-0.20879942136857804,3.2271094574302454e-16,0.0038218495999859836,16.5,250000.0,0.019475218658892127,9.0,1.0,1.0,0.0,0.1,30.0,1.127,0.11,0.022,1.0,1.0,True,FlowControlLab_NACA0018_quasi_steady_pressure,0.85
0.25932660326889856,0.22734437731436383,0.2606445849659313,0.19152118611392158,0.24722769683735676,0.1895640050889689,0.21884683823785184,0.20879942136857782,-0.25932660326889784,-0.22734437731436563,-0.2606445849659272,-0.1915211861139278,-0.2472276968373516,-0.18956400508897223,-0.21884683823785064,-0.20879942136857804,3.2271094574302454e-16,0.0038218495999859836,17.0,250000.0,0.019466472303206996,9.0,1.0,1.0,0.0,0.1,30.0,1.095,0.114,0.019,1.0,1.0,True,FlowControlLab_NACA0018_quasi_steady_pressure,0.85
0.25932660326889856,0.22734437731436383,0.2606445849659313,0.19152118611392158,0.24722769683735676,0.1895640050889689,0.21884683823785184,0.20879942136857782,-0.25932660326889784,-0.22734437731436563,-0.2606445849659272,-0.1915211861139278,-0.2472276968373516,-0.18956400508897223,-0.21884683823785064,-0.20879942136857804,3.2271094574302454e-16,0.0038218495999859836,17.5,250000.0,0.019481049562682217,9.0,1.0,1.0,0.0,0.1,30.0,1.066,0.117,0.017,1.0,1.0,True,FlowControlLab_NACA0018_quasi_steady_pressure,0.85
0.25932660326889856,0.22734437731436383,0.2606445849659313,0.19152118611392158,0.24722769683735676,0.1895640050889689,0.21884683823785184,0.20879942136857782,-0.25932660326889784,-0.22734437731436563,-0.2606445849659272,-0.1915211861139278,-0.2472276968373516,-0.18956400508897223,-0.21884683823785064,-0.20879942136857804,3.2271094574302454e-16,0.0038218495999859836,18.0,250000.0,0.01949271137026239,9.0,1.0,1.0,0.0,0.1,30.0,1.062,0.125,0.015,1.0,1.0,True,FlowControlLab_NACA0018_quasi_steady_pressure,0.85
0.25932660326889856,0.22734437731436383,0.2606445849659313,0.19152118611392158,0.24722769683735676,0.1895640050889689,0.21884683823785184,0.20879942136857782,-0.25932660326889784,-0.22734437731436563,-0.2606445849659272,-0.1915211861139278,-0.2472276968373516,-0.18956400508897223,-0.21884683823785064,-0.20879942136857804,3.2271094574302454e-16,0.0038218495999859836,18.5,250000.0,0.019486880466472303,9.0,1.0,1.0,0.0,0.1,30.0,1.058,0.138,0.011,1.0,1.0,True,FlowControlLab_NACA0018_quasi_steady_pressure,0.85
0.25932660326889856,0.22734437731436383,0.2606445849659313,0.19152118611392158,0.24722769683735676,0.1895640050889689,0.21884683823785184,0.20879942136857782,-0.25932660326889784,-0.22734437731436563,-0.2606445849659272,-0.1915211861139278,-0.2472276968373516,-0.18956400508897223,-0.21884683823785064,-0.20879942136857804,3.2271094574302454e-16,0.0038218495999859836,19.0,250000.0,0.019475218658892127,9.0,1.0,1.0,0.0,0.1,30.0,1.03,0.152,0.005,1.0,1.0,True,FlowControlLab_NACA0018_quasi_steady_pressure,0.85
0.25932660326889856,0.22734437731436383,0.2606445849659313,0.19152118611392158,0.24722769683735676,0.1895640050889689,0.21884683823785184,0.20879942136857782,-0.25932660326889784,-0.22734437731436563,-0.2606445849659272,-0.1915211861139278,-0.2472276968373516,-0.18956400508897223,-0.21884683823785064,-0.20879942136857804,3.2271094574302454e-16,0.0038218495999859836,19.5,250000.0,0.01948396501457726,9.0,1.0,1.0,0.0,0.1,30.0,0.908,0.225,-0.027,1.0,1.0,True,FlowControlLab_NACA0018_quasi_steady_pressure,0.85
0.25932660326889856,0.22734437731436383,0.2606445849659313,0.19152118611392158,0.24722769683735676,0.1895640050889689,0.21884683823785184,0.20879942136857782,-0.25932660326889784,-0.22734437731436563,-0.2606445849659272,-0.1915211861139278,-0.2472276968373516,-0.18956400508897223,-0.21884683823785064,-0.20879942136857804,3.2271094574302454e-16,0.0038218495999859836,20.0,250000.0,0.019489795918367345,9.0,1.0,1.0,0.0,0.1,30.0,0.733,0.327,-0.068,1.0,1.0,True,FlowControlLab_NACA0018_quasi_steady_pressure,0.85
0.25932660326889856,0.22734437731436383,0.2606445849659313,0.19152118611392158,0.24722769683735676,0.1895640050889689,0.21884683823785184,0.20879942136857782,-0.25932660326889784,-0.22734437731436563,-0.2606445849659272,-0.1915211861139278,-0.2472276968373516,-0.18956400508897223,-0.21884683823785064,-0.20879942136857804,3.2271094574302454e-16,0.0038218495999859836,20.5,250000.0,0.019489795918367345,9.0,1.0,1.0,0.0,0.1,30.0,0.667,0.366,-0.083,1.0,1.0,True,FlowControlLab_NACA0018_quasi_steady_pressure,0.85
0.25932660326889856,0.22734437731436383,0.2606445849659313,0.19152118611392158,0.24722769683735676,0.1895640050889689,0.21884683823785184,0.20879942136857782,-0.25932660326889784,-0.22734437731436563,-0.2606445849659272,-0.1915211861139278,-0.2472276968373516,-0.18956400508897223,-0.21884683823785064,-0.20879942136857804,3.2271094574302454e-16,0.0038218495999859836,21.0,250000.0,0.019486880466472303,9.0,1.0,1.0,0.0,0.1,30.0,0.683,0.38,-0.086,1.0,1.0,True,FlowControlLab_NACA0018_quasi_steady_pressure,0.85
0.25932660326889856,0.22734437731436383,0.2606445849659313,0.19152118611392158,0.24722769683735676,0.1895640050889689,0.21884683823785184,0.20879942136857782,-0.25932660326889784,-0.22734437731436563,-0.2606445849659272,-0.1915211861139278,-0.2472276968373516,-0.18956400508897223,-0.21884683823785064,-0.20879942136857804,3.2271094574302454e-16,0.0038218495999859836,21.5,250000.0,0.01948396501457726,9.0,1.0,1.0,0.0,0.1,30.0,0.699,0.395,-0.087,1.0,1.0,True,FlowControlLab_NACA0018_quasi_steady_pressure,0.85
0.25932660326889856,0.22734437731436383,0.2606445849659313,0.19152118611392158,0.24722769683735676,0.1895640050889689,0.21884683823785184,0.20879942136857782,-0.25932660326889784,-0.22734437731436563,-0.2606445849659272,-0.1915211861139278,-0.2472276968373516,-0.18956400508897223,-0.21884683823785064,-0.20879942136857804,3.2271094574302454e-16,0.0038218495999859836,22.0,250000.0,0.019495626822157434,9.0,1.0,1.0,0.0,0.1,30.0,0.715,0.408,-0.091,1.0,1.0,True,FlowControlLab_NACA0018_quasi_steady_pressure,0.85
0.25932660326889856,0.22734437731436383,0.2606445849659313,0.19152118611392158,0.24722769683735676,0.1895640050889689,0.21884683823785184,0.20879942136857782,-0.25932660326889784,-0.22734437731436563,-0.2606445849659272,-0.1915211861139278,-0.2472276968373516,-0.18956400508897223,-0.21884683823785064,-0.20879942136857804,3.2271094574302454e-16,0.0038218495999859836,22.5,250000.0,0.01950145772594752,9.0,1.0,1.0,0.0,0.1,30.0,0.719,0.416,-0.091,1.0,1.0,True,FlowControlLab_NACA0018_quasi_steady_pressure,0.85
0.25932660326889856,0.22734437731436383,0.2606445849659313,0.19152118611392158,0.24722769683735676,0.1895640050889689,0.21884683823785184,0.20879942136857782,-0.25932660326889784,-0.22734437731436563,-0.2606445849659272,-0.1915211861139278,-0.2472276968373516,-0.18956400508897223,-0.21884683823785064,-0.20879942136857804,3.2271094574302454e-16,0.0038218495999859836,23.0,250000.0,0.019513119533527697,9.0,1.0,1.0,0.0,0.1,30.0,0.734,0.43,-0.094,1.0,1.0,True,FlowControlLab_NACA0018_quasi_steady_pressure,0.85
0.25932660326889856,0.22734437731436383,0.2606445849659313,0.19152118611392158,0.24722769683735676,0.1895640050889689,0.21884683823785184,0.20879942136857782,-0.25932660326889784,-0.22734437731436563,-0.2606445849659272,-0.1915211861139278,-0.2472276968373516,-0.18956400508897223,-0.21884683823785064,-0.20879942136857804,3.2271094574302454e-16,0.0038218495999859836,23.5,250000.0,0.01950728862973761,9.0,1.0,1.0,0.0,0.1,30.0,0.769,0.452,-0.102,1.0,1.0,True,FlowControlLab_NACA0018_quasi_steady_pressure,0.85
0.25932660326889856,0.22734437731436383,0.2606445849659313,0.19152118611392158,0.24722769683735676,0.1895640050889689,0.21884683823785184,0.20879942136857782,-0.25932660326889784,-0.22734437731436563,-0.2606445849659272,-0.1915211861139278,-0.2472276968373516,-0.18956400508897223,-0.21884683823785064,-0.20879942136857804,3.2271094574302454e-16,0.0038218495999859836,24.0,250000.0,0.019481049562682217,9.0,1.0,1.0,0.0,0.1,30.0,0.793,0.471,-0.107,1.0,1.0,True,FlowControlLab_NACA0018_quasi_steady_pressure,0.85
0.25932660326889856,0.22734437731436383,0.2606445849659313,0.19152118611392158,0.24722769683735676,0.1895640050889689,0.21884683823785184,0.20879942136857782,-0.25932660326889784,-0.22734437731436563,-0.2606445849659272,-0.1915211861139278,-0.2472276968373516,-0.18956400508897223,-0.21884683823785064,-0.20879942136857804,3.2271094574302454e-16,0.0038218495999859836,24.5,250000.0,0.019486880466472303,9.0,1.0,1.0,0.0,0.1,30.0,0.801,0.483,-0.109,1.0,1.0,True,FlowControlLab_NACA0018_quasi_steady_pressure,0.85
0.25932660326889856,0.22734437731436383,0.2606445849659313,0.19152118611392158,0.24722769683735676,0.1895640050889689,0.21884683823785184,0.20879942136857782,-0.25932660326889784,-0.22734437731436563,-0.2606445849659272,-0.1915211861139278,-0.2472276968373516,-0.18956400508897223,-0.21884683823785064,-0.20879942136857804,3.2271094574302454e-16,0.0038218495999859836,25.0,250000.0,0.01949271137026239,9.0,1.0,1.0,0.0,0.1,30.0,0.813,0.496,-0.112,1.0,1.0,True,FlowControlLab_NACA0018_quasi_steady_pressure,0.85
0.25932660326889856,0.22734437731436383,0.2606445849659313,0.19152118611392158,0.24722769683735676,0.1895640050889689,0.21884683823785184,0.20879942136857782,-0.25932660326889784,-0.22734437731436563,-0.2606445849659272,-0.1915211861139278,-0.2472276968373516,-0.18956400508897223,-0.21884683823785064,-0.20879942136857804,3.2271094574302454e-16,0.0038218495999859836,25.5,250000.0,0.01949271137026239,9.0,1.0,1.0,0.0,0.1,30.0,0.841,0.518,-0.118,1.0,1.0,True,FlowControlLab_NACA0018_quasi_steady_pressure,0.85
0.25932660326889856,0.22734437731436383,0.2606445849659313,0.19152118611392158,0.24722769683735676,0.1895640050889689,0.21884683823785184,0.20879942136857782,-0.25932660326889784,-0.22734437731436563,-0.2606445849659272,-0.1915211861139278,-0.2472276968373516,-0.18956400508897223,-0.21884683823785064,-0.20879942136857804,3.2271094574302454e-16,0.0038218495999859836,26.0,250000.0,0.019495626822157434,9.0,1.0,1.0,0.0,0.1,30.0,0.863,0.537,-0.122,1.0,1.0,True,FlowControlLab_NACA0018_quasi_steady_pressure,0.85
0.25932660326889856,0.22734437731436383,0.2606445849659313,0.19152118611392158,0.24722769683735676,0.1895640050889689,0.21884683823785184,0.20879942136857782,-0.25932660326889784,-0.22734437731436563,-0.2606445849659272,-0.1915211861139278,-0.2472276968373516,-0.18956400508897223,-0.21884683823785064,-0.20879942136857804,3.2271094574302454e-16,0.0038218495999859836,26.5,250000.0,0.019504373177842566,9.0,1.0,1.0,0.0,0.1,30.0,0.88,0.555,-0.127,1.0,1.0,True,FlowControlLab_NACA0018_quasi_steady_pressure,0.85
0.25932660326889856,0.22734437731436383,0.2606445849659313,0.19152118611392158,0.24722769683735676,0.1895640050889689,0.21884683823785184,0.20879942136857782,-0.25932660326889784,-0.22734437731436563,-0.2606445849659272,-0.1915211861139278,-0.2472276968373516,-0.18956400508897223,-0.21884683823785064,-0.20879942136857804,3.2271094574302454e-16,0.0038218495999859836,27.0,250000.0,0.01950728862973761,9.0,1.0,1.0,0.0,0.1,30.0,0.912,0.58,-0.135,1.0,1.0,True,FlowControlLab_NACA0018_quasi_steady_pressure,0.85
0.25932660326889856,0.22734437731436383,0.2606445849659313,0.19152118611392158,0.24722769683735676,0.1895640050889689,0.21884683823785184,0.20879942136857782,-0.25932660326889784,-0.22734437731436563,-0.2606445849659272,-0.1915211861139278,-0.2472276968373516,-0.18956400508897223,-0.21884683823785064,-0.20879942136857804,3.2271094574302454e-16,0.0038218495999859836,27.5,250000.0,0.01950145772594752,9.0,1.0,1.0,0.0,0.1,30.0,0.945,0.606,-0.143,1.0,1.0,True,FlowControlLab_NACA0018_quasi_steady_pressure,0.85
0.25932660326889856,0.22734437731436383,0.2606445849659313,0.19152118611392158,0.24722769683735676,0.1895640050889689,0.21884683823785184,0.20879942136857782,-0.25932660326889784,-0.22734437731436563,-0.2606445849659272,-0.1915211861139278,-0.2472276968373516,-0.18956400508897223,-0.21884683823785064,-0.20879942136857804,3.2271094574302454e-16,0.0038218495999859836,28.0,250000.0,0.019504373177842566,9.0,1.0,1.0,0.0,0.1,30.0,0.976,0.633,-0.151,1.0,1.0,True,FlowControlLab_NACA0018_quasi_steady_pressure,0.85
0.25932660326889856,0.22734437731436383,0.2606445849659313,0.19152118611392158,0.24722769683735676,0.1895640050889689,0.21884683823785184,0.20879942136857782,-0.25932660326889784,-0.22734437731436563,-0.2606445849659272,-0.1915211861139278,-0.2472276968373516,-0.18956400508897223,-0.21884683823785064,-0.20879942136857804,3.2271094574302454e-16,0.0038218495999859836,28.5,250000.0,0.01950728862973761,9.0,1.0,1.0,0.0,0.1,30.0,1.002,0.656,-0.158,1.0,1.0,True,FlowControlLab_NACA0018_quasi_steady_pressure,0.85
0.25932660326889856,0.22734437731436383,0.2606445849659313,0.19152118611392158,0.24722769683735676,0.1895640050889689,0.21884683823785184,0.20879942136857782,-0.25932660326889784,-0.22734437731436563,-0.2606445849659272,-0.1915211861139278,-0.2472276968373516,-0.18956400508897223,-0.21884683823785064,-0.20879942136857804,3.2271094574302454e-16,0.0038218495999859836,29.0,250000.0,0.019495626822157434,9.0,1.0,1.0,0.0,0.1,30.0,1.029,0.682,-0.164,1.0,1.0,True,FlowControlLab_NACA0018_quasi_steady_pressure,0.85
0.25932660326889856,0.22734437731436383,0.2606445849659313,0.19152118611392158,0.24722769683735676,0.1895640050889689,0.21884683823785184,0.20879942136857782,-0.25932660326889784,-0.22734437731436563,-0.2606445849659272,-0.1915211861139278,-0.2472276968373516,-0.18956400508897223,-0.21884683823785064,-0.20879942136857804,3.2271094574302454e-16,0.0038218495999859836,29.5,250000.0,0.019475218658892127,9.0,1.0,1.0,0.0,0.1,30.0,1.052,0.705,-0.171,1.0,1.0,True,FlowControlLab_NACA0018_quasi_steady_pressure,0.85
0.25932660326889856,0.22734437731436383,0.2606445849659313,0.19152118611392158,0.24722769683735676,0.1895640050889689,0.21884683823785184,0.20879942136857782,-0.25932660326889784,-0.22734437731436563,-0.2606445849659272,-0.1915211861139278,-0.2472276968373516,-0.18956400508897223,-0.21884683823785064,-0.20879942136857804,3.2271094574302454e-16,0.0038218495999859836,30.0,250000.0,0.019489795918367345,9.0,1.0,1.0,0.0,0.1,30.0,1.076,0.73,-0.179,1.0,1.0,True,FlowControlLab_NACA0018_quasi_steady_pressure,0.85
0.25932660326889856,0.22734437731436383,0.2606445849659313,0.19152118611392158,0.24722769683735676,0.1895640050889689,0.21884683823785184,0.20879942136857782,-0.25932660326889784,-0.22734437731436563,-0.2606445849659272,-0.1915211861139278,-0.2472276968373516,-0.18956400508897223,-0.21884683823785064,-0.20879942136857804,3.2271094574302454e-16,0.0038218495999859836,30.5,250000.0,0.019510204081632655,9.0,1.0,1.0,0.0,0.1,30.0,1.093,0.753,-0.184,1.0,1.0,True,FlowControlLab_NACA0018_quasi_steady_pressure,0.85
0.25932660326889856,0.22734437731436383,0.2606445849659313,0.19152118611392158,0.24722769683735676,0.1895640050889689,0.21884683823785184,0.20879942136857782,-0.25932660326889784,-0.22734437731436563,-0.2606445849659272,-0.1915211861139278,-0.2472276968373516,-0.18956400508897223,-0.21884683823785064,-0.20879942136857804,3.2271094574302454e-16,0.0038218495999859836,31.0,250000.0,0.01950145772594752,9.0,1.0,1.0,0.0,0.1,30.0,1.101,0.77,-0.187,1.0,1.0,True,FlowControlLab_NACA0018_quasi_steady_pressure,0.85
0.25932660326889856,0.22734437731436383,0.2606445849659313,0.19152118611392158,0.24722769683735676,0.1895640050889689,0.21884683823785184,0.20879942136857782,-0.25932660326889784,-0.22734437731436563,-0.2606445849659272,-0.1915211861139278,-0.2472276968373516,-0.18956400508897223,-0.21884683823785064,-0.20879942136857804,3.2271094574302454e-16,0.0038218495999859836,31.5,250000.0,0.019481049562682217,9.0,1.0,1.0,0.0,0.1,30.0,1.119,0.792,-0.193,1.0,1.0,True,FlowControlLab_NACA0018_quasi_steady_pressure,0.85
0.25932660326889856,0.22734437731436383,0.2606445849659313,0.19152118611392158,0.24722769683735676,0.1895640050889689,0.21884683823785184,0.20879942136857782,-0.25932660326889784,-0.22734437731436563,-0.2606445849659272,-0.1915211861139278,-0.2472276968373516,-0.18956400508897223,-0.21884683823785064,-0.20879942136857804,3.2271094574302454e-16,0.0038218495999859836,32.0,250000.0,0.01949271137026239,9.0,1.0,1.0,0.0,0.1,30.0,1.137,0.816,-0.199,1.0,1.0,True,FlowControlLab_NACA0018_quasi_steady_pressure,0.85
0.25932660326889856,0.22734437731436383,0.2606445849659313,0.19152118611392158,0.24722769683735676,0.1895640050889689,0.21884683823785184,0.20879942136857782,-0.25932660326889784,-0.22734437731436563,-0.2606445849659272,-0.1915211861139278,-0.2472276968373516,-0.18956400508897223,-0.21884683823785064,-0.20879942136857804,3.2271094574302454e-16,0.0038218495999859836,-2.0,250000.0,0.019472303206997086,9.0,1.0,1.0,0.0,0.1,30.0,-0.193,0.031,-0.003,1.0,1.0,True,FlowControlLab_NACA0018_quasi_steady_pressure,0.85
0.25932660326889856,0.22734437731436383,0.2606445849659313,0.19152118611392158,0.24722769683735676,0.1895640050889689,0.21884683823785184,0.20879942136857782,-0.25932660326889784,-0.22734437731436563,-0.2606445849659272,-0.1915211861139278,-0.2472276968373516,-0.18956400508897223,-0.21884683823785064,-0.20879942136857804,3.2271094574302454e-16,0.0038218495999859836,-1.5,250000.0,0.019475218658892127,9.0,1.0,1.0,0.0,0.1,30.0,-0.136,0.03,-0.004,1.0,1.0,True,FlowControlLab_NACA0018_quasi_steady_pressure,0.85
0.25932660326889856,0.22734437731436383,0.2606445849659313,0.19152118611392158,0.24722769683735676,0.1895640050889689,0.21884683823785184,0.20879942136857782,-0.25932660326889784,-0.22734437731436563,-0.2606445849659272,-0.1915211861139278,-0.2472276968373516,-0.18956400508897223,-0.21884683823785064,-0.20879942136857804,3.2271094574302454e-16,0.0038218495999859836,-1.0,250000.0,0.019478134110787172,9.0,1.0,1.0,0.0,0.1,30.0,-0.084,0.03,-0.003,1.0,1.0,True,FlowControlLab_NACA0018_quasi_steady_pressure,0.85
0.25932660326889856,0.22734437731436383,0.2606445849659313,0.19152118611392158,0.24722769683735676,0.1895640050889689,0.21884683823785184,0.20879942136857782,-0.25932660326889784,-0.22734437731436563,-0.2606445849659272,-0.1915211861139278,-0.2472276968373516,-0.18956400508897223,-0.21884683823785064,-0.20879942136857804,3.2271094574302454e-16,0.0038218495999859836,-0.5,250000.0,0.019472303206997086,9.0,1.0,1.0,0.0,0.1,30.0,-0.035,0.03,-0.002,1.0,1.0,True,FlowControlLab_NACA0018_quasi_steady_pressure,0.85
0.25932660326889856,0.22734437731436383,0.2606445849659313,0.19152118611392158,0.24722769683735676,0.1895640050889689,0.21884683823785184,0.20879942136857782,-0.25932660326889784,-0.22734437731436563,-0.2606445849659272,-0.1915211861139278,-0.2472276968373516,-0.18956400508897223,-0.21884683823785064,-0.20879942136857804,3.2271094574302454e-16,0.0038218495999859836,0.0,250000.0,0.01946064139941691,9.0,1.0,1.0,0.0,0.1,30.0,0.015,0.03,-0.001,1.0,1.0,True,FlowControlLab_NACA0018_quasi_steady_pressure,0.85
0.25932660326889856,0.22734437731436383,0.2606445849659313,0.19152118611392158,0.24722769683735676,0.1895640050889689,0.21884683823785184,0.20879942136857782,-0.25932660326889784,-0.22734437731436563,-0.2606445849659272,-0.1915211861139278,-0.2472276968373516,-0.18956400508897223,-0.21884683823785064,-0.20879942136857804,3.2271094574302454e-16,0.0038218495999859836,0.5,250000.0,0.01945189504373178,9.0,1.0,1.0,0.0,0.1,30.0,0.065,0.03,-0.0,1.0,1.0,True,FlowControlLab_NACA0018_quasi_steady_pressure,0.85
0.25932660326889856,0.22734437731436383,0.2606445849659313,0.19152118611392158,0.24722769683735676,0.1895640050889689,0.21884683823785184,0.20879942136857782,-0.25932660326889784,-0.22734437731436563,-0.2606445849659272,-0.1915211861139278,-0.2472276968373516,-0.18956400508897223,-0.21884683823785064,-0.20879942136857804,3.2271094574302454e-16,0.0038218495999859836,1.0,250000.0,0.019475218658892127,9.0,1.0,1.0,0.0,0.1,30.0,0.114,0.03,0.001,1.0,1.0,True,FlowControlLab_NACA0018_quasi_steady_pressure,0.85
0.25932660326889856,0.22734437731436383,0.2606445849659313,0.19152118611392158,0.24722769683735676,0.1895640050889689,0.21884683823785184,0.20879942136857782,-0.25932660326889784,-0.22734437731436563,-0.2606445849659272,-0.1915211861139278,-0.2472276968373516,-0.18956400508897223,-0.21884683823785064,-0.20879942136857804,3.2271094574302454e-16,0.0038218495999859836,1.5,250000.0,0.019478134110787172,9.0,1.0,1.0,0.0,0.1,30.0,0.164,0.031,0.002,1.0,1.0,True,FlowControlLab_NACA0018_quasi_steady_pressure,0.85
0.25932660326889856,0.22734437731436383,0.2606445849659313,0.19152118611392158,0.24722769683735676,0.1895640050889689,0.21884683823785184,0.20879942136857782,-0.25932660326889784,-0.22734437731436563,-0.2606445849659272,-0.1915211861139278,-0.2472276968373516,-0.18956400508897223,-0.21884683823785064,-0.20879942136857804,3.2271094574302454e-16,0.0038218495999859836,2.0,250000.0,0.019481049562682217,9.0,1.0,1.0,0.0,0.1,30.0,0.212,0.031,0.003,1.0,1.0,True,FlowControlLab_NACA0018_quasi_steady_pressure,0.85
0.25932660326889856,0.22734437731436383,0.2606445849659313,0.19152118611392158,0.24722769683735676,0.1895640050889689,0.21884683823785184,0.20879942136857782,-0.25932660326889784,-0.22734437731436563,-0.2606445849659272,-0.1915211861139278,-0.2472276968373516,-0.18956400508897223,-0.21884683823785064,-0.20879942136857804,3.2271094574302454e-16,0.0038218495999859836,2.5,250000.0,0.019475218658892127,9.0,1.0,1.0,0.0,0.1,30.0,0.257,0.031,0.005,1.0,1.0,True,FlowControlLab_NACA0018_quasi_steady_pressure,0.85
0.25932660326889856,0.22734437731436383,0.2606445849659313,0.19152118611392158,0.24722769683735676,0.1895640050889689,0.21884683823785184,0.20879942136857782,-0.25932660326889784,-0.22734437731436563,-0.2606445849659272,-0.1915211861139278,-0.2472276968373516,-0.18956400508897223,-0.21884683823785064,-0.20879942136857804,3.2271094574302454e-16,0.0038218495999859836,3.0,250000.0,0.01945772594752187,9.0,1.0,1.0,0.0,0.1,30.0,0.301,0.032,0.007,1.0,1.0,True,FlowControlLab_NACA0018_quasi_steady_pressure,0.85
0.25932660326889856,0.22734437731436383,0.2606445849659313,0.19152118611392158,0.24722769683735676,0.1895640050889689,0.21884683823785184,0.20879942136857782,-0.25932660326889784,-0.22734437731436563,-0.2606445849659272,-0.1915211861139278,-0.2472276968373516,-0.18956400508897223,-0.21884683823785064,-0.20879942136857804,3.2271094574302454e-16,0.0038218495999859836,3.5,250000.0,0.019472303206997086,9.0,1.0,1.0,0.0,0.1,30.0,0.353,0.033,0.009,1.0,1.0,True,FlowControlLab_NACA0018_quasi_steady_pressure,0.85
0.25932660326889856,0.22734437731436383,0.2606445849659313,0.19152118611392158,0.24722769683735676,0.1895640050889689,0.21884683823785184,0.20879942136857782,-0.25932660326889784,-0.22734437731436563,-0.2606445849659272,-0.1915211861139278,-0.2472276968373516,-0.18956400508897223,-0.21884683823785064,-0.20879942136857804,3.2271094574302454e-16,0.0038218495999859836,4.0,250000.0,0.019495626822157434,9.0,1.0,1.0,0.0,0.1,30.0,0.406,0.034,0.01,1.0,1.0,True,FlowControlLab_NACA0018_quasi_steady_pressure,0.85
0.25932660326889856,0.22734437731436383,0.2606445849659313,0.19152118611392158,0.24722769683735676,0.1895640050889689,0.21884683823785184,0.20879942136857782,-0.25932660326889784,-0.22734437731436563,-0.2606445849659272,-0.1915211861139278,-0.2472276968373516,-0.18956400508897223,-0.21884683823785064,-0.20879942136857804,3.2271094574302454e-16,0.0038218495999859836,4.5,250000.0,0.019495626822157434,9.0,1.0,1.0,0.0,0.1,30.0,0.466,0.034,0.007,1.0,1.0,True,FlowControlLab_NACA0018_quasi_steady_pressure,0.85
0.25932660326889856,0.22734437731436383,0.2606445849659313,0.19152118611392158,0.24722769683735676,0.1895640050889689,0.21884683823785184,0.20879942136857782,-0.25932660326889784,-0.22734437731436563,-0.2606445849659272,-0.1915211861139278,-0.2472276968373516,-0.18956400508897223,-0.21884683823785064,-0.20879942136857804,3.2271094574302454e-16,0.0038218495999859836,5.0,250000.0,0.019475218658892127,9.0,1.0,1.0,0.0,0.1,30.0,0.539,0.035,0.002,1.0,1.0,True,FlowControlLab_NACA0018_quasi_steady_pressure,0.85
0.25932660326889856,0.22734437731436383,0.2606445849659313,0.19152118611392158,0.24722769683735676,0.1895640050889689,0.21884683823785184,0.20879942136857782,-0.25932660326889784,-0.22734437731436563,-0.2606445849659272,-0.1915211861139278,-0.2472276968373516,-0.18956400508897223,-0.21884683823785064,-0.20879942136857804,3.2271094574302454e-16,0.0038218495999859836,5.5,250000.0,0.01946064139941691,9.0,1.0,1.0,0.0,0.1,30.0,0.617,0.036,-0.004,1.0,1.0,True,FlowControlLab_NACA0018_quasi_steady_pressure,0.85
0.25932660326889856,0.22734437731436383,0.2606445849659313,0.19152118611392158,0.24722769683735676,0.1895640050889689,0.21884683823785184,0.20879942136857782,-0.25932660326889784,-0.22734437731436563,-0.2606445849659272,-0.1915211861139278,-0.2472276968373516,-0.18956400508897223,-0.21884683823785064,-0.20879942136857804,3.2271094574302454e-16,0.0038218495999859836,6.0,250000.0,0.019463556851311955,9.0,1.0,1.0,0.0,0.1,30.0,0.696,0.038,-0.009,1.0,1.0,True,FlowControlLab_NACA0018_quasi_steady_pressure,0.85
0.25932660326889856,0.22734437731436383,0.2606445849659313,0.19152118611392158,0.24722769683735676,0.1895640050889689,0.21884683823785184,0.20879942136857782,-0.25932660326889784,-0.22734437731436563,-0.2606445849659272,-0.1915211861139278,-0.2472276968373516,-0.18956400508897223,-0.21884683823785064,-0.20879942136857804,3.2271094574302454e-16,0.0038218495999859836,6.5,250000.0,0.019466472303206996,9.0,1.0,1.0,0.0,0.1,30.0,0.764,0.039,-0.013,1.0,1.0,True,FlowControlLab_NACA0018_quasi_steady_pressure,0.85
0.25932660326889856,0.22734437731436383,0.2606445849659313,0.19152118611392158,0.24722769683735676,0.1895640050889689,0.21884683823785184,0.20879942136857782,-0.25932660326889784,-0.22734437731436563,-0.2606445849659272,-0.1915211861139278,-0.2472276968373516,-0.18956400508897223,-0.21884683823785064,-0.20879942136857804,3.2271094574302454e-16,0.0038218495999859836,7.0,250000.0,0.01946064139941691,9.0,1.0,1.0,0.0,0.1,30.0,0.814,0.04,-0.014,1.0,1.0,True,FlowControlLab_NACA0018_quasi_steady_pressure,0.85
0.25932660326889856,0.22734437731436383,0.2606445849659313,0.19152118611392158,0.24722769683735676,0.1895640050889689,0.21884683823785184,0.20879942136857782,-0.25932660326889784,-0.22734437731436563,-0.2606445849659272,-0.1915211861139278,-0.2472276968373516,-0.18956400508897223,-0.21884683823785064,-0.20879942136857804,3.2271094574302454e-16,0.0038218495999859836,7.5,250000.0,0.01945189504373178,9.0,1.0,1.0,0.0,0.1,30.0,0.851,0.04,-0.011,1.0,1.0,True,FlowControlLab_NACA0018_quasi_steady_pressure,0.85
0.25932660326889856,0.22734437731436383,0.2606445849659313,0.19152118611392158,0.24722769683735676,0.1895640050889689,0.21884683823785184,0.20879942136857782,-0.25932660326889784,-0.22734437731436563,-0.2606445849659272,-0.1915211861139278,-0.2472276968373516,-0.18956400508897223,-0.21884683823785064,-0.20879942136857804,3.2271094574302454e-16,0.0038218495999859836,8.0,250000.0,0.01945772594752187,9.0,1.0,1.0,0.0,0.1,30.0,0.878,0.041,-0.007,1.0,1.0,True,FlowControlLab_NACA0018_quasi_steady_pressure,0.85
0.25932660326889856,0.22734437731436383,0.2606445849659313,0.19152118611392158,0.24722769683735676,0.1895640050889689,0.21884683823785184,0.20879942136857782,-0.25932660326889784,-0.22734437731436563,-0.2606445849659272,-0.1915211861139278,-0.2472276968373516,-0.18956400508897223,-0.21884683823785064,-0.20879942136857804,3.2271094574302454e-16,0.0038218495999859836,8.5,250000.0,0.019472303206997086,9.0,1.0,1.0,0.0,0.1,30.0,0.895,0.041,-0.001,1.0,1.0,True,FlowControlLab_NACA0018_quasi_steady_pressure,0.85
0.25932660326889856,0.22734437731436383,0.2606445849659313,0.19152118611392158,0.24722769683735676,0.1895640050889689,0.21884683823785184,0.20879942136857782,-0.25932660326889784,-0.22734437731436563,-0.2606445849659272,-0.1915211861139278,-0.2472276968373516,-0.18956400508897223,-0.21884683823785064,-0.20879942136857804,3.2271094574302454e-16,0.0038218495999859836,9.0,250000.0,0.019478134110787172,9.0,1.0,1.0,0.0,0.1,30.0,0.912,0.042,0.004,1.0,1.0,True,FlowControlLab_NACA0018_quasi_steady_pressure,0.85
0.25932660326889856,0.22734437731436383,0.2606445849659313,0.19152118611392158,0.24722769683735676,0.1895640050889689,0.21884683823785184,0.20879942136857782,-0.25932660326889784,-0.22734437731436563,-0.2606445849659272,-0.1915211861139278,-0.2472276968373516,-0.18956400508897223,-0.21884683823785064,-0.20879942136857804,3.2271094574302454e-16,0.0038218495999859836,9.5,250000.0,0.01948396501457726,9.0,1.0,1.0,0.0,0.1,30.0,0.941,0.043,0.009,1.0,1.0,True,FlowControlLab_NACA0018_quasi_steady_pressure,0.85
0.25932660326889856,0.22734437731436383,0.2606445849659313,0.19152118611392158,0.24722769683735676,0.1895640050889689,0.21884683823785184,0.20879942136857782,-0.25932660326889784,-0.22734437731436563,-0.2606445849659272,-0.1915211861139278,-0.2472276968373516,-0.18956400508897223,-0.21884683823785064,-0.20879942136857804,3.2271094574302454e-16,0.0038218495999859836,10.0,250000.0,0.019498542274052476,9.0,1.0,1.0,0.0,0.1,30.0,0.963,0.044,0.013,1.0,1.0,True,FlowControlLab_NACA0018_quasi_steady_pressure,0.85
0.25932660326889856,0.22734437731436383,0.2606445849659313,0.19152118611392158,0.24722769683735676,0.1895640050889689,0.21884683823785184,0.20879942136857782,-0.25932660326889784,-0.22734437731436563,-0.2606445849659272,-0.1915211861139278,-0.2472276968373516,-0.18956400508897223,-0.21884683823785064,-0.20879942136857804,3.2271094574302454e-16,0.0038218495999859836,10.5,250000.0,0.01950728862973761,9.0,1.0,1.0,0.0,0.1,30.0,0.987,0.045,0.016,1.0,1.0,True,FlowControlLab_NACA0018_quasi_steady_pressure,0.85
0.25932660326889856,0.22734437731436383,0.2606445849659313,0.19152118611392158,0.24722769683735676,0.1895640050889689,0.21884683823785184,0.20879942136857782,-0.25932660326889784,-0.22734437731436563,-0.2606445849659272,-0.1915211861139278,-0.2472276968373516,-0.18956400508897223,-0.21884683823785064,-0.20879942136857804,3.2271094574302454e-16,0.0038218495999859836,11.0,250000.0,0.019489795918367345,9.0,1.0,1.0,0.0,0.1,30.0,1.031,0.047,0.019,1.0,1.0,True,FlowControlLab_NACA0018_quasi_steady_pressure,0.85
0.25932660326889856,0.22734437731436383,0.2606445849659313,0.19152118611392158,0.24722769683735676,0.1895640050889689,0.21884683823785184,0.20879942136857782,-0.25932660326889784,-0.22734437731436563,-0.2606445849659272,-0.1915211861139278,-0.2472276968373516,-0.18956400508897223,-0.21884683823785064,-0.20879942136857804,3.2271094574302454e-16,0.0038218495999859836,11.5,250000.0,0.01946938775510204,9.0,1.0,1.0,0.0,0.1,30.0,1.066,0.05,0.021,1.0,1.0,True,FlowControlLab_NACA0018_quasi_steady_pressure,0.85
0.25932660326889856,0.22734437731436383,0.2606445849659313,0.19152118611392158,0.24722769683735676,0.1895640050889689,0.21884683823785184,0.20879942136857782,-0.25932660326889784,-0.22734437731436563,-0.2606445849659272,-0.1915211861139278,-0.2472276968373516,-0.18956400508897223,-0.21884683823785064,-0.20879942136857804,3.2271094574302454e-16,0.0038218495999859836,12.0,250000.0,0.019472303206997086,9.0,1.0,1.0,0.0,0.1,30.0,1.09,0.052,0.023,1.0,1.0,True,FlowControlLab_NACA0018_quasi_steady_pressure,0.85
0.25932660326889856,0.22734437731436383,0.2606445849659313,0.19152118611392158,0.24722769683735676,0.1895640050889689,0.21884683823785184,0.20879942136857782,-0.25932660326889784,-0.22734437731436563,-0.2606445849659272,-0.1915211861139278,-0.2472276968373516,-0.18956400508897223,-0.21884683823785064,-0.20879942136857804,3.2271094574302454e-16,0.0038218495999859836,12.5,250000.0,0.019478134110787172,9.0,1.0,1.0,0.0,0.1,30.0,1.104,0.056,0.026,1.0,1.0,True,FlowControlLab_NACA0018_quasi_steady_pressure,0.85
0.25932660326889856,0.22734437731436383,0.2606445849659313,0.19152118611392158,0.24722769683735676,0.1895640050889689,0.21884683823785184,0.20879942136857782,-0.25932660326889784,-0.22734437731436563,-0.2606445849659272,-0.1915211861139278,-0.2472276968373516,-0.18956400508897223,-0.21884683823785064,-0.20879942136857804,3.2271094574302454e-16,0.0038218495999859836,13.0,250000.0,0.01946938775510204,9.0,1.0,1.0,0.0,0.1,30.0,1.109,0.059,0.029,1.0,1.0,True,FlowControlLab_NACA0018_quasi_steady_pressure,0.85
0.25932660326889856,0.22734437731436383,0.2606445849659313,0.19152118611392158,0.24722769683735676,0.1895640050889689,0.21884683823785184,0.20879942136857782,-0.25932660326889784,-0.22734437731436563,-0.2606445849659272,-0.1915211861139278,-0.2472276968373516,-0.18956400508897223,-0.21884683823785064,-0.20879942136857804,3.2271094574302454e-16,0.0038218495999859836,13.5,250000.0,0.01946938775510204,9.0,1.0,1.0,0.0,0.1,30.0,1.112,0.064,0.032,1.0,1.0,True,FlowControlLab_NACA0018_quasi_steady_pressure,0.85
0.25932660326889856,0.22734437731436383,0.2606445849659313,0.19152118611392158,0.24722769683735676,0.1895640050889689,0.21884683823785184,0.20879942136857782,-0.25932660326889784,-0.22734437731436563,-0.2606445849659272,-0.1915211861139278,-0.2472276968373516,-0.18956400508897223,-0.21884683823785064,-0.20879942136857804,3.2271094574302454e-16,0.0038218495999859836,14.0,250000.0,0.019466472303206996,9.0,1.0,1.0,0.0,0.1,30.0,1.12,0.072,0.033,1.0,1.0,True,FlowControlLab_NACA0018_quasi_steady_pressure,0.85
0.25932660326889856,0.22734437731436383,0.2606445849659313,0.19152118611392158,0.24722769683735676,0.1895640050889689,0.21884683823785184,0.20879942136857782,-0.25932660326889784,-0.22734437731436563,-0.2606445849659272,-0.1915211861139278,-0.2472276968373516,-0.18956400508897223,-0.21884683823785064,-0.20879942136857804,3.2271094574302454e-16,0.0038218495999859836,14.5,250000.0,0.01944606413994169,9.0,1.0,1.0,0.0,0.1,30.0,1.135,0.08,0.031,1.0,1.0,True,FlowControlLab_NACA0018_quasi_steady_pressure,0.85
0.25932660326889856,0.22734437731436383,0.2606445849659313,0.19152118611392158,0.24722769683735676,0.1895640050889689,0.21884683823785184,0.20879942136857782,-0.25932660326889784,-0.22734437731436563,-0.2606445849659272,-0.1915211861139278,-0.2472276968373516,-0.18956400508897223,-0.21884683823785064,-0.20879942136857804,3.2271094574302454e-16,0.0038218495999859836,15.0,250000.0,0.019448979591836734,9.0,1.0,1.0,0.0,0.1,30.0,1.153,0.089,0.029,1.0,1.0,True,FlowControlLab_NACA0018_quasi_steady_pressure,0.85
0.25932660326889856,0.22734437731436383,0.2606445849659313,0.19152118611392158,0.24722769683735676,0.1895640050889689,0.21884683823785184,0.20879942136857782,-0.25932660326889784,-0.22734437731436563,-0.2606445849659272,-0.1915211861139278,-0.2472276968373516,-0.18956400508897223,-0.21884683823785064,-0.20879942136857804,3.2271094574302454e-16,0.0038218495999859836,15.5,250000.0,0.019463556851311955,9.0,1.0,1.0,0.0,0.1,30.0,1.108,0.107,0.023,1.0,1.0,True,FlowControlLab_NACA0018_quasi_steady_pressure,0.85
0.25932660326889856,0.22734437731436383,0.2606445849659313,0.19152118611392158,0.24722769683735676,0.1895640050889689,0.21884683823785184,0.20879942136857782,-0.25932660326889784,-0.22734437731436563,-0.2606445849659272,-0.1915211861139278,-0.2472276968373516,-0.18956400508897223,-0.21884683823785064,-0.20879942136857804,3.2271094574302454e-16,0.0038218495999859836,16.0,250000.0,0.019478134110787172,9.0,1.0,1.0,0.0,0.1,30.0,0.831,0.182,-0.015,1.0,1.0,True,FlowControlLab_NACA0018_quasi_steady_pressure,0.85
0.25932660326889856,0.22734437731436383,0.2606445849659313,0.19152118611392158,0.24722769683735676,0.1895640050889689,0.21884683823785184,0.20879942136857782,-0.25932660326889784,-0.22734437731436563,-0.2606445849659272,-0.1915211861139278,-0.2472276968373516,-0.18956400508897223,-0.21884683823785064,-0.20879942136857804,3.2271094574302454e-16,0.0038218495999859836,16.5,250000.0,0.019475218658892127,9.0,1.0,1.0,0.0,0.1,30.0,0.567,0.256,-0.052,1.0,1.0,True,FlowControlLab_NACA0018_quasi_steady_pressure,0.85
0.25932660326889856,0.22734437731436383,0.2606445849659313,0.19152118611392158,0.24722769683735676,0.1895640050889689,0.21884683823785184,0.20879942136857782,-0.25932660326889784,-0.22734437731436563,-0.2606445849659272,-0.1915211861139278,-0.2472276968373516,-0.18956400508897223,-0.21884683823785064,-0.20879942136857804,3.2271094574302454e-16,0.0038218495999859836,17.0,250000.0,0.019466472303206996,9.0,1.0,1.0,0.0,0.1,30.0,0.537,0.275,-0.058,1.0,1.0,True,FlowControlLab_NACA0018_quasi_steady_pressure,0.85
0.25932660326889856,0.22734437731436383,0.2606445849659313,0.19152118611392158,0.24722769683735676,0.1895640050889689,0.21884683823785184,0.20879942136857782,-0.25932660326889784,-0.22734437731436563,-0.2606445849659272,-0.1915211861139278,-0.2472276968373516,-0.18956400508897223,-0.21884683823785064,-0.20879942136857804,3.2271094574302454e-16,0.0038218495999859836,17.5,250000.0,0.019481049562682217,9.0,1.0,1.0,0.0,0.1,30.0,0.548,0.286,-0.06,1.0,1.0,True,FlowControlLab_NACA0018_quasi_steady_pressure,0.85
0.25932660326889856,0.22734437731436383,0.2606445849659313,0.19152118611392158,0.24722769683735676,0.1895640050889689,0.21884683823785184,0.20879942136857782,-0.25932660326889784,-0.22734437731436563,-0.2606445849659272,-0.1915211861139278,-0.2472276968373516,-0.18956400508897223,-0.21884683823785064,-0.20879942136857804,3.2271094574302454e-16,0.0038218495999859836,18.0,250000.0,0.01949271137026239,9.0,1.0,1.0,0.0,0.1,30.0,0.58,0.303,-0.067,1.0,1.0,True,FlowControlLab_NACA0018_quasi_steady_pressure,0.85
0.25932660326889856,0.22734437731436383,0.2606445849659313,0.19152118611392158,0.24722769683735676,0.1895640050889689,0.21884683823785184,0.20879942136857782,-0.25932660326889784,-0.22734437731436563,-0.2606445849659272,-0.1915211861139278,-0.2472276968373516,-0.18956400508897223,-0.21884683823785064,-0.20879942136857804,3.2271094574302454e-16,0.0038218495999859836,18.5,250000.0,0.019486880466472303,9.0,1.0,1.0,0.0,0.1,30.0,0.608,0.319,-0.072,1.0,1.0,True,FlowControlLab_NACA0018_quasi_steady_pressure,0.85
0.25932660326889856,0.22734437731436383,0.2606445849659313,0.19152118611392158,0.24722769683735676,0.1895640050889689,0.21884683823785184,0.20879942136857782,-0.25932660326889784,-0.22734437731436563,-0.2606445849659272,-0.1915211861139278,-0.2472276968373516,-0.18956400508897223,-0.21884683823785064,-0.20879942136857804,3.2271094574302454e-16,0.0038218495999859836,19.0,250000.0,0.019475218658892127,9.0,1.0,1.0,0.0,0.1,30.0,0.624,0.331,-0.074,1.0,1.0,True,FlowControlLab_NACA0018_quasi_steady_pressure,0.85
0.25932660326889856,0.22734437731436383,0.2606445849659313,0.19152118611392158,0.24722769683735676,0.1895640050889689,0.21884683823785184,0.20879942136857782,-0.25932660326889784,-0.22734437731436563,-0.2606445849659272,-0.1915211861139278,-0.2472276968373516,-0.18956400508897223,-0.21884683823785064,-0.20879942136857804,3.2271094574302454e-16,0.0038218495999859836,19.5,250000.0,0.01948396501457726,9.0,1.0,1.0,0.0,0.1,30.0,0.656,0.35,-0.081,1.0,1.0,True,FlowControlLab_NACA0018_quasi_steady_pressure,0.85
0.25932660326889856,0.22734437731436383,0.2606445849659313,0.19152118611392158,0.24722769683735676,0.1895640050889689,0.21884683823785184,0.20879942136857782,-0.25932660326889784,-0.22734437731436563,-0.2606445849659272,-0.1915211861139278,-0.2472276968373516,-0.18956400508897223,-0.21884683823785064,-0.20879942136857804,3.2271094574302454e-16,0.0038218495999859836,20.0,250000.0,0.019489795918367345,9.0,1.0,1.0,0.0,0.1,30.0,0.668,0.361,-0.083,1.0,1.0,True,FlowControlLab_NACA0018_quasi_steady_pressure,0.85
0.25932660326889856,0.22734437731436383,0.2606445849659313,0.19152118611392158,0.24722769683735676,0.1895640050889689,0.21884683823785184,0.20879942136857782,-0.25932660326889784,-0.22734437731436563,-0.2606445849659272,-0.1915211861139278,-0.2472276968373516,-0.18956400508897223,-0.21884683823785064,-0.20879942136857804,3.2271094574302454e-16,0.0038218495999859836,20.5,250000.0,0.019489795918367345,9.0,1.0,1.0,0.0,0.1,30.0,0.669,0.368,-0.082,1.0,1.0,True,FlowControlLab_NACA0018_quasi_steady_pressure,0.85
0.25932660326889856,0.22734437731436383,0.2606445849659313,0.19152118611392158,0.24722769683735676,0.1895640050889689,0.21884683823785184,0.20879942136857782,-0.25932660326889784,-0.22734437731436563,-0.2606445849659272,-0.1915211861139278,-0.2472276968373516,-0.18956400508897223,-0.21884683823785064,-0.20879942136857804,3.2271094574302454e-16,0.0038218495999859836,21.0,250000.0,0.019486880466472303,9.0,1.0,1.0,0.0,0.1,30.0,0.684,0.381,-0.085,1.0,1.0,True,FlowControlLab_NACA0018_quasi_steady_pressure,0.85
0.25932660326889856,0.22734437731436383,0.2606445849659313,0.19152118611392158,0.24722769683735676,0.1895640050889689,0.21884683823785184,0.20879942136857782,-0.25932660326889784,-0.22734437731436563,-0.2606445849659272,-0.1915211861139278,-0.2472276968373516,-0.18956400508897223,-0.21884683823785064,-0.20879942136857804,3.2271094574302454e-16,0.0038218495999859836,21.5,250000.0,0.01948396501457726,9.0,1.0,1.0,0.0,0.1,30.0,0.697,0.394,-0.088,1.0,1.0,True,FlowControlLab_NACA0018_quasi_steady_pressure,0.85
0.25932660326889856,0.22734437731436383,0.2606445849659313,0.19152118611392158,0.24722769683735676,0.1895640050889689,0.21884683823785184,0.20879942136857782,-0.25932660326889784,-0.22734437731436563,-0.2606445849659272,-0.1915211861139278,-0.2472276968373516,-0.18956400508897223,-0.21884683823785064,-0.20879942136857804,3.2271094574302454e-16,0.0038218495999859836,22.0,250000.0,0.019495626822157434,9.0,1.0,1.0,0.0,0.1,30.0,0.709,0.406,-0.089,1.0,1.0,True,FlowControlLab_NACA0018_quasi_steady_pressure,0.85
0.25932660326889856,0.22734437731436383,0.2606445849659313,0.19152118611392158,0.24722769683735676,0.1895640050889689,0.21884683823785184,0.20879942136857782,-0.25932660326889784,-0.22734437731436563,-0.2606445849659272,-0.1915211861139278,-0.2472276968373516,-0.18956400508897223,-0.21884683823785064,-0.20879942136857804,3.2271094574302454e-16,0.0038218495999859836,22.5,250000.0,0.01950145772594752,9.0,1.0,1.0,0.0,0.1,30.0,0.731,0.422,-0.093,1.0,1.0,True,FlowControlLab_NACA0018_quasi_steady_pressure,0.85
0.25932660326889856,0.22734437731436383,0.2606445849659313,0.19152118611392158,0.24722769683735676,0.1895640050889689,0.21884683823785184,0.20879942136857782,-0.25932660326889784,-0.22734437731436563,-0.2606445849659272,-0.1915211861139278,-0.2472276968373516,-0.18956400508897223,-0.21884683823785064,-0.20879942136857804,3.2271094574302454e-16,0.0038218495999859836,23.0,250000.0,0.019513119533527697,9.0,1.0,1.0,0.0,0.1,30.0,0.755,0.439,-0.098,1.0,1.0,True,FlowControlLab_NACA0018_quasi_steady_pressure,0.85
0.25932660326889856,0.22734437731436383,0.2606445849659313,0.19152118611392158,0.24722769683735676,0.1895640050889689,0.21884683823785184,0.20879942136857782,-0.25932660326889784,-0.22734437731436563,-0.2606445849659272,-0.1915211861139278,-0.2472276968373516,-0.18956400508897223,-0.21884683823785064,-0.20879942136857804,3.2271094574302454e-16,0.0038218495999859836,23.5,250000.0,0.01950728862973761,9.0,1.0,1.0,0.0,0.1,30.0,0.782,0.458,-0.104,1.0,1.0,True,FlowControlLab_NACA0018_quasi_steady_pressure,0.85
0.25932660326889856,0.22734437731436383,0.2606445849659313,0.19152118611392158,0.24722769683735676,0.1895640050889689,0.21884683823785184,0.20879942136857782,-0.25932660326889784,-0.22734437731436563,-0.2606445849659272,-0.1915211861139278,-0.2472276968373516,-0.18956400508897223,-0.21884683823785064,-0.20879942136857804,3.2271094574302454e-16,0.0038218495999859836,24.0,250000.0,0.019481049562682217,9.0,1.0,1.0,0.0,0.1,30.0,0.8,0.475,-0.108,1.0,1.0,True,FlowControlLab_NACA0018_quasi_steady_pressure,0.85
0.25932660326889856,0.22734437731436383,0.2606445849659313,0.19152118611392158,0.24722769683735676,0.1895640050889689,0.21884683823785184,0.20879942136857782,-0.25932660326889784,-0.22734437731436563,-0.2606445849659272,-0.1915211861139278,-0.2472276968373516,-0.18956400508897223,-0.21884683823785064,-0.20879942136857804,3.2271094574302454e-16,0.0038218495999859836,24.5,250000.0,0.019486880466472303,9.0,1.0,1.0,0.0,0.1,30.0,0.808,0.487,-0.109,1.0,1.0,True,FlowControlLab_NACA0018_quasi_steady_pressure,0.85
0.25932660326889856,0.22734437731436383,0.2606445849659313,0.19152118611392158,0.24722769683735676,0.1895640050889689,0.21884683823785184,0.20879942136857782,-0.25932660326889784,-0.22734437731436563,-0.2606445849659272,-0.1915211861139278,-0.2472276968373516,-0.18956400508897223,-0.21884683823785064,-0.20879942136857804,3.2271094574302454e-16,0.0038218495999859836,25.0,250000.0,0.01949271137026239,9.0,1.0,1.0,0.0,0.1,30.0,0.82,0.501,-0.112,1.0,1.0,True,FlowControlLab_NACA0018_quasi_steady_pressure,0.85
0.25932660326889856,0.22734437731436383,0.2606445849659313,0.19152118611392158,0.24722769683735676,0.1895640050889689,0.21884683823785184,0.20879942136857782,-0.25932660326889784,-0.22734437731436563,-0.2606445849659272,-0.1915211861139278,-0.2472276968373516,-0.18956400508897223,-0.21884683823785064,-0.20879942136857804,3.2271094574302454e-16,0.0038218495999859836,25.5,250000.0,0.01949271137026239,9.0,1.0,1.0,0.0,0.1,30.0,0.835,0.517,-0.115,1.0,1.0,True,FlowControlLab_NACA0018_quasi_steady_pressure,0.85
0.25932660326889856,0.22734437731436383,0.2606445849659313,0.19152118611392158,0.24722769683735676,0.1895640050889689,0.21884683823785184,0.20879942136857782,-0.25932660326889784,-0.22734437731436563,-0.2606445849659272,-0.1915211861139278,-0.2472276968373516,-0.18956400508897223,-0.21884683823785064,-0.20879942136857804,3.2271094574302454e-16,0.0038218495999859836,26.0,250000.0,0.019495626822157434,9.0,1.0,1.0,0.0,0.1,30.0,0.858,0.536,-0.121,1.0,1.0,True,FlowControlLab_NACA0018_quasi_steady_pressure,0.85
0.25932660326889856,0.22734437731436383,0.2606445849659313,0.19152118611392158,0.24722769683735676,0.1895640050889689,0.21884683823785184,0.20879942136857782,-0.25932660326889784,-0.22734437731436563,-0.2606445849659272,-0.1915211861139278,-0.2472276968373516,-0.18956400508897223,-0.21884683823785064,-0.20879942136857804,3.2271094574302454e-16,0.0038218495999859836,26.5,250000.0,0.019504373177842566,9.0,1.0,1.0,0.0,0.1,30.0,0.897,0.565,-0.13,1.0,1.0,True,FlowControlLab_NACA0018_quasi_steady_pressure,0.85
0.25932660326889856,0.22734437731436383,0.2606445849659313,0.19152118611392158,0.24722769683735676,0.1895640050889689,0.21884683823785184,0.20879942136857782,-0.25932660326889784,-0.22734437731436563,-0.2606445849659272,-0.1915211861139278,-0.2472276968373516,-0.18956400508897223,-0.21884683823785064,-0.20879942136857804,3.2271094574302454e-16,0.0038218495999859836,27.0,250000.0,0.01950728862973761,9.0,1.0,1.0,0.0,0.1,30.0,0.94,0.595,-0.14,1.0,1.0,True,FlowControlLab_NACA0018_quasi_steady_pressure,0.85
0.25932660326889856,0.22734437731436383,0.2606445849659313,0.19152118611392158,0.24722769683735676,0.1895640050889689,0.21884683823785184,0.20879942136857782,-0.25932660326889784,-0.22734437731436563,-0.2606445849659272,-0.1915211861139278,-0.2472276968373516,-0.18956400508897223,-0.21884683823785064,-0.20879942136857804,3.2271094574302454e-16,0.0038218495999859836,27.5,250000.0,0.01950145772594752,9.0,1.0,1.0,0.0,0.1,30.0,0.959,0.614,-0.146,1.0,1.0,True,FlowControlLab_NACA0018_quasi_steady_pressure,0.85
0.25932660326889856,0.22734437731436383,0.2606445849659313,0.19152118611392158,0.24722769683735676,0.1895640050889689,0.21884683823785184,0.20879942136857782,-0.25932660326889784,-0.22734437731436563,-0.2606445849659272,-0.1915211861139278,-0.2472276968373516,-0.18956400508897223,-0.21884683823785064,-0.20879942136857804,3.2271094574302454e-16,0.0038218495999859836,28.0,250000.0,0.019504373177842566,9.0,1.0,1.0,0.0,0.1,30.0,0.979,0.634,-0.151,1.0,1.0,True,FlowControlLab_NACA0018_quasi_steady_pressure,0.85
0.25932660326889856,0.22734437731436383,0.2606445849659313,0.19152118611392158,0.24722769683735676,0.1895640050889689,0.21884683823785184,0.20879942136857782,-0.25932660326889784,-0.22734437731436563,-0.2606445849659272,-0.1915211861139278,-0.2472276968373516,-0.18956400508897223,-0.21884683823785064,-0.20879942136857804,3.2271094574302454e-16,0.0038218495999859836,28.5,250000.0,0.01950728862973761,9.0,1.0,1.0,0.0,0.1,30.0,1.012,0.662,-0.16,1.0,1.0,True,FlowControlLab_NACA0018_quasi_steady_pressure,0.85
0.25932660326889856,0.22734437731436383,0.2606445849659313,0.19152118611392158,0.24722769683735676,0.1895640050889689,0.21884683823785184,0.20879942136857782,-0.25932660326889784,-0.22734437731436563,-0.2606445849659272,-0.1915211861139278,-0.2472276968373516,-0.18956400508897223,-0.21884683823785064,-0.20879942136857804,3.2271094574302454e-16,0.0038218495999859836,29.0,250000.0,0.019495626822157434,9.0,1.0,1.0,0.0,0.1,30.0,1.033,0.686,-0.166,1.0,1.0,True,FlowControlLab_NACA0018_quasi_steady_pressure,0.85
0.25932660326889856,0.22734437731436383,0.2606445849659313,0.19152118611392158,0.24722769683735676,0.1895640050889689,0.21884683823785184,0.20879942136857782,-0.25932660326889784,-0.22734437731436563,-0.2606445849659272,-0.1915211861139278,-0.2472276968373516,-0.18956400508897223,-0.21884683823785064,-0.20879942136857804,3.2271094574302454e-16,0.0038218495999859836,29.5,250000.0,0.019475218658892127,9.0,1.0,1.0,0.0,0.1,30.0,1.054,0.708,-0.171,1.0,1.0,True,FlowControlLab_NACA0018_quasi_steady_pressure,0.85
0.25932660326889856,0.22734437731436383,0.2606445849659313,0.19152118611392158,0.24722769683735676,0.1895640050889689,0.21884683823785184,0.20879942136857782,-0.25932660326889784,-0.22734437731436563,-0.2606445849659272,-0.1915211861139278,-0.2472276968373516,-0.18956400508897223,-0.21884683823785064,-0.20879942136857804,3.2271094574302454e-16,0.0038218495999859836,30.0,250000.0,0.019489795918367345,9.0,1.0,1.0,0.0,0.1,30.0,1.065,0.726,-0.175,1.0,1.0,True,FlowControlLab_NACA0018_quasi_steady_pressure,0.85
0.25932660326889856,0.22734437731436383,0.2606445849659313,0.19152118611392158,0.24722769683735676,0.1895640050889689,0.21884683823785184,0.20879942136857782,-0.25932660326889784,-0.22734437731436563,-0.2606445849659272,-0.1915211861139278,-0.2472276968373516,-0.18956400508897223,-0.21884683823785064,-0.20879942136857804,3.2271094574302454e-16,0.0038218495999859836,30.5,250000.0,0.019510204081632655,9.0,1.0,1.0,0.0,0.1,30.0,1.081,0.747,-0.181,1.0,1.0,True,FlowControlLab_NACA0018_quasi_steady_pressure,0.85
0.25932660326889856,0.22734437731436383,0.2606445849659313,0.19152118611392158,0.24722769683735676,0.1895640050889689,0.21884683823785184,0.20879942136857782,-0.25932660326889784,-0.22734437731436563,-0.2606445849659272,-0.1915211861139278,-0.2472276968373516,-0.18956400508897223,-0.21884683823785064,-0.20879942136857804,3.2271094574302454e-16,0.0038218495999859836,31.0,250000.0,0.01950145772594752,9.0,1.0,1.0,0.0,0.1,30.0,1.109,0.775,-0.189,1.0,1.0,True,FlowControlLab_NACA0018_quasi_steady_pressure,0.85
0.25932660326889856,0.22734437731436383,0.2606445849659313,0.19152118611392158,0.24722769683735676,0.1895640050889689,0.21884683823785184,0.20879942136857782,-0.25932660326889784,-0.22734437731436563,-0.2606445849659272,-0.1915211861139278,-0.2472276968373516,-0.18956400508897223,-0.21884683823785064,-0.20879942136857804,3.2271094574302454e-16,0.0038218495999859836,31.5,250000.0,0.019481049562682217,9.0,1.0,1.0,0.0,0.1,30.0,1.14,0.806,-0.198,1.0,1.0,True,FlowControlLab_NACA0018_quasi_steady_pressure,0.85
0.25932660326889856,0.22734437731436383,0.2606445849659313,0.19152118611392158,0.24722769683735676,0.1895640050889689,0.21884683823785184,0.20879942136857782,-0.25932660326889784,-0.22734437731436563,-0.2606445849659272,-0.1915211861139278,-0.2472276968373516,-0.18956400508897223,-0.21884683823785064,-0.20879942136857804,3.2271094574302454e-16,0.0038218495999859836,32.0,250000.0,0.01949271137026239,9.0,1.0,1.0,0.0,0.1,30.0,1.177,0.843,-0.21,1.0,1.0,True,FlowControlLab_NACA0018_quasi_steady_pressure,0.85
0.25932660326889856,0.22734437731436383,0.2606445849659313,0.19152118611392158,0.24722769683735676,0.1895640050889689,0.21884683823785184,0.20879942136857782,-0.25932660326889784,-0.22734437731436563,-0.2606445849659272,-0.1915211861139278,-0.2472276968373516,-0.18956400508897223,-0.21884683823785064,-0.20879942136857804,3.2271094574302454e-16,0.0038218495999859836,-2.0,200000.0,0.019472303206997086,9.0,1.0,1.0,0.0,0.1,30.0,-0.189,0.054,-0.004,1.0,1.0,True,FlowControlLab_NACA0018_quasi_steady_pressure,0.85
0.25932660326889856,0.22734437731436383,0.2606445849659313,0.19152118611392158,0.24722769683735676,0.1895640050889689,0.21884683823785184,0.20879942136857782,-0.25932660326889784,-0.22734437731436563,-0.2606445849659272,-0.1915211861139278,-0.2472276968373516,-0.18956400508897223,-0.21884683823785064,-0.20879942136857804,3.2271094574302454e-16,0.0038218495999859836,-1.5,200000.0,0.019475218658892127,9.0,1.0,1.0,0.0,0.1,30.0,-0.136,0.053,-0.005,1.0,1.0,True,FlowControlLab_NACA0018_quasi_steady_pressure,0.85
0.25932660326889856,0.22734437731436383,0.2606445849659313,0.19152118611392158,0.24722769683735676,0.1895640050889689,0.21884683823785184,0.20879942136857782,-0.25932660326889784,-0.22734437731436563,-0.2606445849659272,-0.1915211861139278,-0.2472276968373516,-0.18956400508897223,-0.21884683823785064,-0.20879942136857804,3.2271094574302454e-16,0.0038218495999859836,-1.0,200000.0,0.019478134110787172,9.0,1.0,1.0,0.0,0.1,30.0,-0.086,0.053,-0.004,1.0,1.0,True,FlowControlLab_NACA0018_quasi_steady_pressure,0.85
0.25932660326889856,0.22734437731436383,0.2606445849659313,0.19152118611392158,0.24722769683735676,0.1895640050889689,0.21884683823785184,0.20879942136857782,-0.25932660326889784,-0.22734437731436563,-0.2606445849659272,-0.1915211861139278,-0.2472276968373516,-0.18956400508897223,-0.21884683823785064,-0.20879942136857804,3.2271094574302454e-16,0.0038218495999859836,-0.5,200000.0,0.019472303206997086,9.0,1.0,1.0,0.0,0.1,30.0,-0.037,0.053,-0.003,1.0,1.0,True,FlowControlLab_NACA0018_quasi_steady_pressure,0.85
0.25932660326889856,0.22734437731436383,0.2606445849659313,0.19152118611392158,0.24722769683735676,0.1895640050889689,0.21884683823785184,0.20879942136857782,-0.25932660326889784,-0.22734437731436563,-0.2606445849659272,-0.1915211861139278,-0.2472276968373516,-0.18956400508897223,-0.21884683823785064,-0.20879942136857804,3.2271094574302454e-16,0.0038218495999859836,0.0,200000.0,0.01946064139941691,9.0,1.0,1.0,0.0,0.1,30.0,0.012,0.053,-0.002,1.0,1.0,True,FlowControlLab_NACA0018_quasi_steady_pressure,0.85
0.25932660326889856,0.22734437731436383,0.2606445849659313,0.19152118611392158,0.24722769683735676,0.1895640050889689,0.21884683823785184,0.20879942136857782,-0.25932660326889784,-0.22734437731436563,-0.2606445849659272,-0.1915211861139278,-0.2472276968373516,-0.18956400508897223,-0.21884683823785064,-0.20879942136857804,3.2271094574302454e-16,0.0038218495999859836,0.5,200000.0,0.01945189504373178,9.0,1.0,1.0,0.0,0.1,30.0,0.061,0.053,-0.0,1.0,1.0,True,FlowControlLab_NACA0018_quasi_steady_pressure,0.85
0.25932660326889856,0.22734437731436383,0.2606445849659313,0.19152118611392158,0.24722769683735676,0.1895640050889689,0.21884683823785184,0.20879942136857782,-0.25932660326889784,-0.22734437731436563,-0.2606445849659272,-0.1915211861139278,-0.2472276968373516,-0.18956400508897223,-0.21884683823785064,-0.20879942136857804,3.2271094574302454e-16,0.0038218495999859836,1.0,200000.0,0.019475218658892127,9.0,1.0,1.0,0.0,0.1,30.0,0.109,0.053,0.001,1.0,1.0,True,FlowControlLab_NACA0018_quasi_steady_pressure,0.85
0.25932660326889856,0.22734437731436383,0.2606445849659313,0.19152118611392158,0.24722769683735676,0.1895640050889689,0.21884683823785184,0.20879942136857782,-0.25932660326889784,-0.22734437731436563,-0.2606445849659272,-0.1915211861139278,-0.2472276968373516,-0.18956400508897223,-0.21884683823785064,-0.20879942136857804,3.2271094574302454e-16,0.0038218495999859836,1.5,200000.0,0.019478134110787172,9.0,1.0,1.0,0.0,0.1,30.0,0.157,0.053,0.003,1.0,1.0,True,FlowControlLab_NACA0018_quasi_steady_pressure,0.85
0.25932660326889856,0.22734437731436383,0.2606445849659313,0.19152118611392158,0.24722769683735676,0.1895640050889689,0.21884683823785184,0.20879942136857782,-0.25932660326889784,-0.22734437731436563,-0.2606445849659272,-0.1915211861139278,-0.2472276968373516,-0.18956400508897223,-0.21884683823785064,-0.20879942136857804,3.2271094574302454e-16,0.0038218495999859836,2.0,200000.0,0.019481049562682217,9.0,1.0,1.0,0.0,0.1,30.0,0.206,0.054,0.004,1.0,1.0,True,FlowControlLab_NACA0018_quasi_steady_pressure,0.85
0.25932660326889856,0.22734437731436383,0.2606445849659313,0.19152118611392158,0.24722769683735676,0.1895640050889689,0.21884683823785184,0.20879942136857782,-0.25932660326889784,-0.22734437731436563,-0.2606445849659272,-0.1915211861139278,-0.2472276968373516,-0.18956400508897223,-0.21884683823785064,-0.20879942136857804,3.2271094574302454e-16,0.0038218495999859836,2.5,200000.0,0.019475218658892127,9.0,1.0,1.0,0.0,0.1,30.0,0.254,0.054,0.006,1.0,1.0,True,FlowControlLab_NACA0018_quasi_steady_pressure,0.85
0.25932660326889856,0.22734437731436383,0.2606445849659313,0.19152118611392158,0.24722769683735676,0.1895640050889689,0.21884683823785184,0.20879942136857782,-0.25932660326889784,-0.22734437731436563,-0.2606445849659272,-0.1915211861139278,-0.2472276968373516,-0.18956400508897223,-0.21884683823785064,-0.20879942136857804,3.2271094574302454e-16,0.0038218495999859836,3.0,200000.0,0.01945772594752187,9.0,1.0,1.0,0.0,0.1,30.0,0.3,0.055,0.007,1.0,1.0,True,FlowControlLab_NACA0018_quasi_steady_pressure,0.85
0.25932660326889856,0.22734437731436383,0.2606445849659313,0.19152118611392158,0.24722769683735676,0.1895640050889689,0.21884683823785184,0.20879942136857782,-0.25932660326889784,-0.22734437731436563,-0.2606445849659272,-0.1915211861139278,-0.2472276968373516,-0.18956400508897223,-0.21884683823785064,-0.20879942136857804,3.2271094574302454e-16,0.0038218495999859836,3.5,200000.0,0.019472303206997086,9.0,1.0,1.0,0.0,0.1,30.0,0.347,0.055,0.009,1.0,1.0,True,FlowControlLab_NACA0018_quasi_steady_pressure,0.85
0.25932660326889856,0.22734437731436383,0.2606445849659313,0.19152118611392158,0.24722769683735676,0.1895640050889689,0.21884683823785184,0.20879942136857782,-0.25932660326889784,-0.22734437731436563,-0.2606445849659272,-0.1915211861139278,-0.2472276968373516,-0.18956400508897223,-0.21884683823785064,-0.20879942136857804,3.2271094574302454e-16,0.0038218495999859836,4.0,200000.0,0.019495626822157434,9.0,1.0,1.0,0.0,0.1,30.0,0.407,0.056,0.008,1.0,1.0,True,FlowControlLab_NACA0018_quasi_steady_pressure,0.85
0.25932660326889856,0.22734437731436383,0.2606445849659313,0.19152118611392158,0.24722769683735676,0.1895640050889689,0.21884683823785184,0.20879942136857782,-0.25932660326889784,-0.22734437731436563,-0.2606445849659272,-0.1915211861139278,-0.2472276968373516,-0.18956400508897223,-0.21884683823785064,-0.20879942136857804,3.2271094574302454e-16,0.0038218495999859836,4.5,200000.0,0.019495626822157434,9.0,1.0,1.0,0.0,0.1,30.0,0.48,0.057,0.003,1.0,1.0,True,FlowControlLab_NACA0018_quasi_steady_pressure,0.85
0.25932660326889856,0.22734437731436383,0.2606445849659313,0.19152118611392158,0.24722769683735676,0.1895640050889689,0.21884683823785184,0.20879942136857782,-0.25932660326889784,-0.22734437731436563,-0.2606445849659272,-0.1915211861139278,-0.2472276968373516,-0.18956400508897223,-0.21884683823785064,-0.20879942136857804,3.2271094574302454e-16,0.0038218495999859836,5.0,200000.0,0.019475218658892127,9.0,1.0,1.0,0.0,0.1,30.0,0.56,0.059,-0.003,1.0,1.0,True,FlowControlLab_NACA0018_quasi_steady_pressure,0.85
0.25932660326889856,0.22734437731436383,0.2606445849659313,0.19152118611392158,0.24722769683735676,0.1895640050889689,0.21884683823785184,0.20879942136857782,-0.25932660326889784,-0.22734437731436563,-0.2606445849659272,-0.1915211861139278,-0.2472276968373516,-0.18956400508897223,-0.21884683823785064,-0.20879942136857804,3.2271094574302454e-16,0.0038218495999859836,5.5,200000.0,0.01946064139941691,9.0,1.0,1.0,0.0,0.1,30.0,0.643,0.06,-0.01,1.0,1.0,True,FlowControlLab_NACA0018_quasi_steady_pressure,0.85
0.25932660326889856,0.22734437731436383,0.2606445849659313,0.19152118611392158,0.24722769683735676,0.1895640050889689,0.21884683823785184,0.20879942136857782,-0.25932660326889784,-0.22734437731436563,-0.2606445849659272,-0.1915211861139278,-0.2472276968373516,-0.18956400508897223,-0.21884683823785064,-0.20879942136857804,3.2271094574302454e-16,0.0038218495999859836,6.0,200000.0,0.019463556851311955,9.0,1.0,1.0,0.0,0.1,30.0,0.716,0.061,-0.015,1.0,1.0,True,FlowControlLab_NACA0018_quasi_steady_pressure,0.85
0.25932660326889856,0.22734437731436383,0.2606445849659313,0.19152118611392158,0.24722769683735676,0.1895640050889689,0.21884683823785184,0.20879942136857782,-0.25932660326889784,-0.22734437731436563,-0.2606445849659272,-0.1915211861139278,-0.2472276968373516,-0.18956400508897223,-0.21884683823785064,-0.20879942136857804,3.2271094574302454e-16,0.0038218495999859836,6.5,200000.0,0.019466472303206996,9.0,1.0,1.0,0.0,0.1,30.0,0.768,0.062,-0.016,1.0,1.0,True,FlowControlLab_NACA0018_quasi_steady_pressure,0.85
0.25932660326889856,0.22734437731436383,0.2606445849659313,0.19152118611392158,0.24722769683735676,0.1895640050889689,0.21884683823785184,0.20879942136857782,-0.25932660326889784,-0.22734437731436563,-0.2606445849659272,-0.1915211861139278,-0.2472276968373516,-0.18956400508897223,-0.21884683823785064,-0.20879942136857804,3.2271094574302454e-16,0.0038218495999859836,7.0,200000.0,0.01946064139941691,9.0,1.0,1.0,0.0,0.1,30.0,0.806,0.062,-0.015,1.0,1.0,True,FlowControlLab_NACA0018_quasi_steady_pressure,0.85
0.25932660326889856,0.22734437731436383,0.2606445849659313,0.19152118611392158,0.24722769683735676,0.1895640050889689,0.21884683823785184,0.20879942136857782,-0.25932660326889784,-0.22734437731436563,-0.2606445849659272,-0.1915211861139278,-0.2472276968373516,-0.18956400508897223,-0.21884683823785064,-0.20879942136857804,3.2271094574302454e-16,0.0038218495999859836,7.5,200000.0,0.01945189504373178,9.0,1.0,1.0,0.0,0.1,30.0,0.835,0.063,-0.011,1.0,1.0,True,FlowControlLab_NACA0018_quasi_steady_pressure,0.85
0.25932660326889856,0.22734437731436383,0.2606445849659313,0.19152118611392158,0.24722769683735676,0.1895640050889689,0.21884683823785184,0.20879942136857782,-0.25932660326889784,-0.22734437731436563,-0.2606445849659272,-0.1915211861139278,-0.2472276968373516,-0.18956400508897223,-0.21884683823785064,-0.20879942136857804,3.2271094574302454e-16,0.0038218495999859836,8.0,200000.0,0.01945772594752187,9.0,1.0,1.0,0.0,0.1,30.0,0.857,0.063,-0.007,1.0,1.0,True,FlowControlLab_NACA0018_quasi_steady_pressure,0.85
0.25932660326889856,0.22734437731436383,0.2606445849659313,0.19152118611392158,0.24722769683735676,0.1895640050889689,0.21884683823785184,0.20879942136857782,-0.25932660326889784,-0.22734437731436563,-0.2606445849659272,-0.1915211861139278,-0.2472276968373516,-0.18956400508897223,-0.21884683823785064,-0.20879942136857804,3.2271094574302454e-16,0.0038218495999859836,8.5,200000.0,0.019472303206997086,9.0,1.0,1.0,0.0,0.1,30.0,0.881,0.064,-0.001,1.0,1.0,True,FlowControlLab_NACA0018_quasi_steady_pressure,0.85
0.25932660326889856,0.22734437731436383,0.2606445849659313,0.19152118611392158,0.24722769683735676,0.1895640050889689,0.21884683823785184,0.20879942136857782,-0.25932660326889784,-0.22734437731436563,-0.2606445849659272,-0.1915211861139278,-0.2472276968373516,-0.18956400508897223,-0.21884683823785064,-0.20879942136857804,3.2271094574302454e-16,0.0038218495999859836,9.0,200000.0,0.019478134110787172,9.0,1.0,1.0,0.0,0.1,30.0,0.901,0.065,0.004,1.0,1.0,True,FlowControlLab_NACA0018_quasi_steady_pressure,0.85
0.25932660326889856,0.22734437731436383,0.2606445849659313,0.19152118611392158,0.24722769683735676,0.1895640050889689,0.21884683823785184,0.20879942136857782,-0.25932660326889784,-0.22734437731436563,-0.2606445849659272,-0.1915211861139278,-0.2472276968373516,-0.18956400508897223,-0.21884683823785064,-0.20879942136857804,3.2271094574302454e-16,0.0038218495999859836,9.5,200000.0,0.01948396501457726,9.0,1.0,1.0,0.0,0.1,30.0,0.923,0.066,0.008,1.0,1.0,True,FlowControlLab_NACA0018_quasi_steady_pressure,0.85
0.25932660326889856,0.22734437731436383,0.2606445849659313,0.19152118611392158,0.24722769683735676,0.1895640050889689,0.21884683823785184,0.20879942136857782,-0.25932660326889784,-0.22734437731436563,-0.2606445849659272,-0.1915211861139278,-0.2472276968373516,-0.18956400508897223,-0.21884683823785064,-0.20879942136857804,3.2271094574302454e-16,0.0038218495999859836,10.0,200000.0,0.019498542274052476,9.0,1.0,1.0,0.0,0.1,30.0,0.953,0.067,0.012,1.0,1.0,True,FlowControlLab_NACA0018_quasi_steady_pressure,0.85
0.25932660326889856,0.22734437731436383,0.2606445849659313,0.19152118611392158,0.24722769683735676,0.1895640050889689,0.21884683823785184,0.20879942136857782,-0.25932660326889784,-0.22734437731436563,-0.2606445849659272,-0.1915211861139278,-0.2472276968373516,-0.18956400508897223,-0.21884683823785064,-0.20879942136857804,3.2271094574302454e-16,0.0038218495999859836,10.5,200000.0,0.01950728862973761,9.0,1.0,1.0,0.0,0.1,30.0,0.982,0.069,0.015,1.0,1.0,True,FlowControlLab_NACA0018_quasi_steady_pressure,0.85
0.25932660326889856,0.22734437731436383,0.2606445849659313,0.19152118611392158,0.24722769683735676,0.1895640050889689,0.21884683823785184,0.20879942136857782,-0.25932660326889784,-0.22734437731436563,-0.2606445849659272,-0.1915211861139278,-0.2472276968373516,-0.18956400508897223,-0.21884683823785064,-0.20879942136857804,3.2271094574302454e-16,0.0038218495999859836,11.0,200000.0,0.019489795918367345,9.0,1.0,1.0,0.0,0.1,30.0,1.008,0.07,0.017,1.0,1.0,True,FlowControlLab_NACA0018_quasi_steady_pressure,0.85
0.25932660326889856,0.22734437731436383,0.2606445849659313,0.19152118611392158,0.24722769683735676,0.1895640050889689,0.21884683823785184,0.20879942136857782,-0.25932660326889784,-0.22734437731436563,-0.2606445849659272,-0.1915211861139278,-0.2472276968373516,-0.18956400508897223,-0.21884683823785064,-0.20879942136857804,3.2271094574302454e-16,0.0038218495999859836,11.5,200000.0,0.01946938775510204,9.0,1.0,1.0,0.0,0.1,30.0,1.03,0.072,0.02,1.0,1.0,True,FlowControlLab_NACA0018_quasi_steady_pressure,0.85
0.25932660326889856,0.22734437731436383,0.2606445849659313,0.19152118611392158,0.24722769683735676,0.1895640050889689,0.21884683823785184,0.20879942136857782,-0.25932660326889784,-0.22734437731436563,-0.2606445849659272,-0.1915211861139278,-0.2472276968373516,-0.18956400508897223,-0.21884683823785064,-0.20879942136857804,3.2271094574302454e-16,0.0038218495999859836,12.0,200000.0,0.019472303206997086,9.0,1.0,1.0,0.0,0.1,30.0,1.056,0.075,0.022,1.0,1.0,True,FlowControlLab_NACA0018_quasi_steady_pressure,0.85
0.25932660326889856,0.22734437731436383,0.2606445849659313,0.19152118611392158,0.24722769683735676,0.1895640050889689,0.21884683823785184,0.20879942136857782,-0.25932660326889784,-0.22734437731436563,-0.2606445849659272,-0.1915211861139278,-0.2472276968373516,-0.18956400508897223,-0.21884683823785064,-0.20879942136857804,3.2271094574302454e-16,0.0038218495999859836,12.5,200000.0,0.019478134110787172,9.0,1.0,1.0,0.0,0.1,30.0,1.085,0.079,0.023,1.0,1.0,True,FlowControlLab_NACA0018_quasi_steady_pressure,0.85
0.25932660326889856,0.22734437731436383,0.2606445849659313,0.19152118611392158,0.24722769683735676,0.1895640050889689,0.21884683823785184,0.20879942136857782,-0.25932660326889784,-0.22734437731436563,-0.2606445849659272,-0.1915211861139278,-0.2472276968373516,-0.18956400508897223,-0.21884683823785064,-0.20879942136857804,3.2271094574302454e-16,0.0038218495999859836,13.0,200000.0,0.01946938775510204,9.0,1.0,1.0,0.0,0.1,30.0,1.11,0.084,0.024,1.0,1.0,True,FlowControlLab_NACA0018_quasi_steady_pressure,0.85
0.25932660326889856,0.22734437731436383,0.2606445849659313,0.19152118611392158,0.24722769683735676,0.1895640050889689,0.21884683823785184,0.20879942136857782,-0.25932660326889784,-0.22734437731436563,-0.2606445849659272,-0.1915211861139278,-0.2472276968373516,-0.18956400508897223,-0.21884683823785064,-0.20879942136857804,3.2271094574302454e-16,0.0038218495999859836,13.5,200000.0,0.01946938775510204,9.0,1.0,1.0,0.0,0.1,30.0,1.124,0.089,0.026,1.0,1.0,True,FlowControlLab_NACA0018_quasi_steady_pressure,0.85
0.25932660326889856,0.22734437731436383,0.2606445849659313,0.19152118611392158,0.24722769683735676,0.1895640050889689,0.21884683823785184,0.20879942136857782,-0.25932660326889784,-0.22734437731436563,-0.2606445849659272,-0.1915211861139278,-0.2472276968373516,-0.18956400508897223,-0.21884683823785064,-0.20879942136857804,3.2271094574302454e-16,0.0038218495999859836,14.0,200000.0,0.019466472303206996,9.0,1.0,1.0,0.0,0.1,30.0,1.124,0.094,0.029,1.0,1.0,True,FlowControlLab_NACA0018_quasi_steady_pressure,0.85
0.25932660326889856,0.22734437731436383,0.2606445849659313,0.19152118611392158,0.24722769683735676,0.1895640050889689,0.21884683823785184,0.20879942136857782,-0.25932660326889784,-0.22734437731436563,-0.2606445849659272,-0.1915211861139278,-0.2472276968373516,-0.18956400508897223,-0.21884683823785064,-0.20879942136857804,3.2271094574302454e-16,0.0038218495999859836,14.5,200000.0,0.01944606413994169,9.0,1.0,1.0,0.0,0.1,30.0,1.121,0.101,0.031,1.0,1.0,True,FlowControlLab_NACA0018_quasi_steady_pressure,0.85
0.25932660326889856,0.22734437731436383,0.2606445849659313,0.19152118611392158,0.24722769683735676,0.1895640050889689,0.21884683823785184,0.20879942136857782,-0.25932660326889784,-0.22734437731436563,-0.2606445849659272,-0.1915211861139278,-0.2472276968373516,-0.18956400508897223,-0.21884683823785064,-0.20879942136857804,3.2271094574302454e-16,0.0038218495999859836,15.0,200000.0,0.019448979591836734,9.0,1.0,1.0,0.0,0.1,30.0,1.121,0.109,0.03,1.0,1.0,True,FlowControlLab_NACA0018_quasi_steady_pressure,0.85
0.25932660326889856,0.22734437731436383,0.2606445849659313,0.19152118611392158,0.24722769683735676,0.1895640050889689,0.21884683823785184,0.20879942136857782,-0.25932660326889784,-0.22734437731436563,-0.2606445849659272,-0.1915211861139278,-0.2472276968373516,-0.18956400508897223,-0.21884683823785064,-0.20879942136857804,3.2271094574302454e-16,0.0038218495999859836,15.5,200000.0,0.019463556851311955,9.0,1.0,1.0,0.0,0.1,30.0,1.135,0.118,0.029,1.0,1.0,True,FlowControlLab_NACA0018_quasi_steady_pressure,0.85
0.25932660326889856,0.22734437731436383,0.2606445849659313,0.19152118611392158,0.24722769683735676,0.1895640050889689,0.21884683823785184,0.20879942136857782,-0.25932660326889784,-0.22734437731436563,-0.2606445849659272,-0.1915211861139278,-0.2472276968373516,-0.18956400508897223,-0.21884683823785064,-0.20879942136857804,3.2271094574302454e-16,0.0038218495999859836,16.0,200000.0,0.019478134110787172,9.0,1.0,1.0,0.0,0.1,30.0,1.148,0.127,0.027,1.0,1.0,True,FlowControlLab_NACA0018_quasi_steady_pressure,0.85
0.25932660326889856,0.22734437731436383,0.2606445849659313,0.19152118611392158,0.24722769683735676,0.1895640050889689,0.21884683823785184,0.20879942136857782,-0.25932660326889784,-0.22734437731436563,-0.2606445849659272,-0.1915211861139278,-0.2472276968373516,-0.18956400508897223,-0.21884683823785064,-0.20879942136857804,3.2271094574302454e-16,0.0038218495999859836,16.5,200000.0,0.019475218658892127,9.0,1.0,1.0,0.0,0.1,30.0,1.143,0.136,0.025,1.0,1.0,True,FlowControlLab_NACA0018_quasi_steady_pressure,0.85
0.25932660326889856,0.22734437731436383,0.2606445849659313,0.19152118611392158,0.24722769683735676,0.1895640050889689,0.21884683823785184,0.20879942136857782,-0.25932660326889784,-0.22734437731436563,-0.2606445849659272,-0.1915211861139278,-0.2472276968373516,-0.18956400508897223,-0.21884683823785064,-0.20879942136857804,3.2271094574302454e-16,0.0038218495999859836,17.0,200000.0,0.019466472303206996,9.0,1.0,1.0,0.0,0.1,30.0,1.125,0.142,0.023,1.0,1.0,True,FlowControlLab_NACA0018_quasi_steady_pressure,0.85
0.25932660326889856,0.22734437731436383,0.2606445849659313,0.19152118611392158,0.24722769683735676,0.1895640050889689,0.21884683823785184,0.20879942136857782,-0.25932660326889784,-0.22734437731436563,-0.2606445849659272,-0.1915211861139278,-0.2472276968373516,-0.18956400508897223,-0.21884683823785064,-0.20879942136857804,3.2271094574302454e-16,0.0038218495999859836,17.5,200000.0,0.019481049562682217,9.0,1.0,1.0,0.0,0.1,30.0,1.102,0.149,0.02,1.0,1.0,True,FlowControlLab_NACA0018_quasi_steady_pressure,0.85
0.25932660326889856,0.22734437731436383,0.2606445849659313,0.19152118611392158,0.24722769683735676,0.1895640050889689,0.21884683823785184,0.20879942136857782,-0.25932660326889784,-0.22734437731436563,-0.2606445849659272,-0.1915211861139278,-0.2472276968373516,-0.18956400508897223,-0.21884683823785064,-0.20879942136857804,3.2271094574302454e-16,0.0038218495999859836,18.0,200000.0,0.01949271137026239,9.0,1.0,1.0,0.0,0.1,30.0,1.078,0.159,0.016,1.0,1.0,True,FlowControlLab_NACA0018_quasi_steady_pressure,0.85
0.25932660326889856,0.22734437731436383,0.2606445849659313,0.19152118611392158,0.24722769683735676,0.1895640050889689,0.21884683823785184,0.20879942136857782,-0.25932660326889784,-0.22734437731436563,-0.2606445849659272,-0.1915211861139278,-0.2472276968373516,-0.18956400508897223,-0.21884683823785064,-0.20879942136857804,3.2271094574302454e-16,0.0038218495999859836,18.5,200000.0,0.019486880466472303,9.0,1.0,1.0,0.0,0.1,30.0,1.039,0.182,0.005,1.0,1.0,True,FlowControlLab_NACA0018_quasi_steady_pressure,0.85
0.25932660326889856,0.22734437731436383,0.2606445849659313,0.19152118611392158,0.24722769683735676,0.1895640050889689,0.21884683823785184,0.20879942136857782,-0.25932660326889784,-0.22734437731436563,-0.2606445849659272,-0.1915211861139278,-0.2472276968373516,-0.18956400508897223,-0.21884683823785064,-0.20879942136857804,3.2271094574302454e-16,0.0038218495999859836,19.0,200000.0,0.019475218658892127,9.0,1.0,1.0,0.0,0.1,30.0,0.836,0.282,-0.041,1.0,1.0,True,FlowControlLab_NACA0018_quasi_steady_pressure,0.85
0.25932660326889856,0.22734437731436383,0.2606445849659313,0.19152118611392158,0.24722769683735676,0.1895640050889689,0.21884683823785184,0.20879942136857782,-0.25932660326889784,-0.22734437731436563,-0.2606445849659272,-0.1915211861139278,-0.2472276968373516,-0.18956400508897223,-0.21884683823785064,-0.20879942136857804,3.2271094574302454e-16,0.0038218495999859836,19.5,200000.0,0.01948396501457726,9.0,1.0,1.0,0.0,0.1,30.0,0.651,0.367,-0.08,1.0,1.0,True,FlowControlLab_NACA0018_quasi_steady_pressure,0.85
0.25932660326889856,0.22734437731436383,0.2606445849659313,0.19152118611392158,0.24722769683735676,0.1895640050889689,0.21884683823785184,0.20879942136857782,-0.25932660326889784,-0.22734437731436563,-0.2606445849659272,-0.1915211861139278,-0.2472276968373516,-0.18956400508897223,-0.21884683823785064,-0.20879942136857804,3.2271094574302454e-16,0.0038218495999859836,20.0,200000.0,0.019489795918367345,9.0,1.0,1.0,0.0,0.1,30.0,0.631,0.369,-0.077,1.0,1.0,True,FlowControlLab_NACA0018_quasi_steady_pressure,0.85
0.25932660326889856,0.22734437731436383,0.2606445849659313,0.19152118611392158,0.24722769683735676,0.1895640050889689,0.21884683823785184,0.20879942136857782,-0.25932660326889784,-0.22734437731436563,-0.2606445849659272,-0.1915211861139278,-0.2472276968373516,-0.18956400508897223,-0.21884683823785064,-0.20879942136857804,3.2271094574302454e-16,0.0038218495999859836,20.5,200000.0,0.019489795918367345,9.0,1.0,1.0,0.0,0.1,30.0,0.645,0.382,-0.079,1.0,1.0,True,FlowControlLab_NACA0018_quasi_steady_pressure,0.85
0.25932660326889856,0.22734437731436383,0.2606445849659313,0.19152118611392158,0.24722769683735676,0.1895640050889689,0.21884683823785184,0.20879942136857782,-0.25932660326889784,-0.22734437731436563,-0.2606445849659272,-0.1915211861139278,-0.2472276968373516,-0.18956400508897223,-0.21884683823785064,-0.20879942136857804,3.2271094574302454e-16,0.0038218495999859836,21.0,200000.0,0.019486880466472303,9.0,1.0,1.0,0.0,0.1,30.0,0.685,0.404,-0.087,1.0,1.0,True,FlowControlLab_NACA0018_quasi_steady_pressure,0.85
0.25932660326889856,0.22734437731436383,0.2606445849659313,0.19152118611392158,0.24722769683735676,0.1895640050889689,0.21884683823785184,0.20879942136857782,-0.25932660326889784,-0.22734437731436563,-0.2606445849659272,-0.1915211861139278,-0.2472276968373516,-0.18956400508897223,-0.21884683823785064,-0.20879942136857804,3.2271094574302454e-16,0.0038218495999859836,21.5,200000.0,0.01948396501457726,9.0,1.0,1.0,0.0,0.1,30.0,0.706,0.419,-0.091,1.0,1.0,True,FlowControlLab_NACA0018_quasi_steady_pressure,0.85
0.25932660326889856,0.22734437731436383,0.2606445849659313,0.19152118611392158,0.24722769683735676,0.1895640050889689,0.21884683823785184,0.20879942136857782,-0.25932660326889784,-0.22734437731436563,-0.2606445849659272,-0.1915211861139278,-0.2472276968373516,-0.18956400508897223,-0.21884683823785064,-0.20879942136857804,3.2271094574302454e-16,0.0038218495999859836,22.0,200000.0,0.019495626822157434,9.0,1.0,1.0,0.0,0.1,30.0,0.706,0.426,-0.091,1.0,1.0,True,FlowControlLab_NACA0018_quasi_steady_pressure,0.85
0.25932660326889856,0.22734437731436383,0.2606445849659313,0.19152118611392158,0.24722769683735676,0.1895640050889689,0.21884683823785184,0.20879942136857782,-0.25932660326889784,-0.22734437731436563,-0.2606445849659272,-0.1915211861139278,-0.2472276968373516,-0.18956400508897223,-0.21884683823785064,-0.20879942136857804,3.2271094574302454e-16,0.0038218495999859836,22.5,200000.0,0.01950145772594752,9.0,1.0,1.0,0.0,0.1,30.0,0.713,0.436,-0.092,1.0,1.0,True,FlowControlLab_NACA0018_quasi_steady_pressure,0.85
0.25932660326889856,0.22734437731436383,0.2606445849659313,0.19152118611392158,0.24722769683735676,0.1895640050889689,0.21884683823785184,0.20879942136857782,-0.25932660326889784,-0.22734437731436563,-0.2606445849659272,-0.1915211861139278,-0.2472276968373516,-0.18956400508897223,-0.21884683823785064,-0.20879942136857804,3.2271094574302454e-16,0.0038218495999859836,23.0,200000.0,0.019513119533527697,9.0,1.0,1.0,0.0,0.1,30.0,0.738,0.454,-0.097,1.0,1.0,True,FlowControlLab_NACA0018_quasi_steady_pressure,0.85
0.25932660326889856,0.22734437731436383,0.2606445849659313,0.19152118611392158,0.24722769683735676,0.1895640050889689,0.21884683823785184,0.20879942136857782,-0.25932660326889784,-0.22734437731436563,-0.2606445849659272,-0.1915211861139278,-0.2472276968373516,-0.18956400508897223,-0.21884683823785064,-0.20879942136857804,3.2271094574302454e-16,0.0038218495999859836,23.5,200000.0,0.01950728862973761,9.0,1.0,1.0,0.0,0.1,30.0,0.76,0.471,-0.101,1.0,1.0,True,FlowControlLab_NACA0018_quasi_steady_pressure,0.85
0.25932660326889856,0.22734437731436383,0.2606445849659313,0.19152118611392158,0.24722769683735676,0.1895640050889689,0.21884683823785184,0.20879942136857782,-0.25932660326889784,-0.22734437731436563,-0.2606445849659272,-0.1915211861139278,-0.2472276968373516,-0.18956400508897223,-0.21884683823785064,-0.20879942136857804,3.2271094574302454e-16,0.0038218495999859836,24.0,200000.0,0.019481049562682217,9.0,1.0,1.0,0.0,0.1,30.0,0.778,0.487,-0.105,1.0,1.0,True,FlowControlLab_NACA0018_quasi_steady_pressure,0.85
0.25932660326889856,0.22734437731436383,0.2606445849659313,0.19152118611392158,0.24722769683735676,0.1895640050889689,0.21884683823785184,0.20879942136857782,-0.25932660326889784,-0.22734437731436563,-0.2606445849659272,-0.1915211861139278,-0.2472276968373516,-0.18956400508897223,-0.21884683823785064,-0.20879942136857804,3.2271094574302454e-16,0.0038218495999859836,24.5,200000.0,0.019486880466472303,9.0,1.0,1.0,0.0,0.1,30.0,0.79,0.501,-0.108,1.0,1.0,True,FlowControlLab_NACA0018_quasi_steady_pressure,0.85
0.25932660326889856,0.22734437731436383,0.2606445849659313,0.19152118611392158,0.24722769683735676,0.1895640050889689,0.21884683823785184,0.20879942136857782,-0.25932660326889784,-0.22734437731436563,-0.2606445849659272,-0.1915211861139278,-0.2472276968373516,-0.18956400508897223,-0.21884683823785064,-0.20879942136857804,3.2271094574302454e-16,0.0038218495999859836,25.0,200000.0,0.01949271137026239,9.0,1.0,1.0,0.0,0.1,30.0,0.796,0.512,-0.109,1.0,1.0,True,FlowControlLab_NACA0018_quasi_steady_pressure,0.85
0.25932660326889856,0.22734437731436383,0.2606445849659313,0.19152118611392158,0.24722769683735676,0.1895640050889689,0.21884683823785184,0.20879942136857782,-0.25932660326889784,-0.22734437731436563,-0.2606445849659272,-0.1915211861139278,-0.2472276968373516,-0.18956400508897223,-0.21884683823785064,-0.20879942136857804,3.2271094574302454e-16,0.0038218495999859836,25.5,200000.0,0.01949271137026239,9.0,1.0,1.0,0.0,0.1,30.0,0.816,0.53,-0.114,1.0,1.0,True,FlowControlLab_NACA0018_quasi_steady_pressure,0.85
0.25932660326889856,0.22734437731436383,0.2606445849659313,0.19152118611392158,0.24722769683735676,0.1895640050889689,0.21884683823785184,0.20879942136857782,-0.25932660326889784,-0.22734437731436563,-0.2606445849659272,-0.1915211861139278,-0.2472276968373516,-0.18956400508897223,-0.21884683823785064,-0.20879942136857804,3.2271094574302454e-16,0.0038218495999859836,26.0,200000.0,0.019495626822157434,9.0,1.0,1.0,0.0,0.1,30.0,0.844,0.552,-0.12,1.0,1.0,True,FlowControlLab_NACA0018_quasi_steady_pressure,0.85
0.25932660326889856,0.22734437731436383,0.2606445849659313,0.19152118611392158,0.24722769683735676,0.1895640050889689,0.21884683823785184,0.20879942136857782,-0.25932660326889784,-0.22734437731436563,-0.2606445849659272,-0.1915211861139278,-0.2472276968373516,-0.18956400508897223,-0.21884683823785064,-0.20879942136857804,3.2271094574302454e-16,0.0038218495999859836,26.5,200000.0,0.019504373177842566,9.0,1.0,1.0,0.0,0.1,30.0,0.883,0.579,-0.13,1.0,1.0,True,FlowControlLab_NACA0018_quasi_steady_pressure,0.85
0.25932660326889856,0.22734437731436383,0.2606445849659313,0.19152118611392158,0.24722769683735676,0.1895640050889689,0.21884683823785184,0.20879942136857782,-0.25932660326889784,-0.22734437731436563,-0.2606445849659272,-0.1915211861139278,-0.2472276968373516,-0.18956400508897223,-0.21884683823785064,-0.20879942136857804,3.2271094574302454e-16,0.0038218495999859836,27.0,200000.0,0.01950728862973761,9.0,1.0,1.0,0.0,0.1,30.0,0.915,0.605,-0.138,1.0,1.0,True,FlowControlLab_NACA0018_quasi_steady_pressure,0.85
0.25932660326889856,0.22734437731436383,0.2606445849659313,0.19152118611392158,0.24722769683735676,0.1895640050889689,0.21884683823785184,0.20879942136857782,-0.25932660326889784,-0.22734437731436563,-0.2606445849659272,-0.1915211861139278,-0.2472276968373516,-0.18956400508897223,-0.21884683823785064,-0.20879942136857804,3.2271094574302454e-16,0.0038218495999859836,27.5,200000.0,0.01950145772594752,9.0,1.0,1.0,0.0,0.1,30.0,0.933,0.624,-0.143,1.0,1.0,True,FlowControlLab_NACA0018_quasi_steady_pressure,0.85
0.25932660326889856,0.22734437731436383,0.2606445849659313,0.19152118611392158,0.24722769683735676,0.1895640050889689,0.21884683823785184,0.20879942136857782,-0.25932660326889784,-0.22734437731436563,-0.2606445849659272,-0.1915211861139278,-0.2472276968373516,-0.18956400508897223,-0.21884683823785064,-0.20879942136857804,3.2271094574302454e-16,0.0038218495999859836,28.0,200000.0,0.019504373177842566,9.0,1.0,1.0,0.0,0.1,30.0,0.963,0.65,-0.151,1.0,1.0,True,FlowControlLab_NACA0018_quasi_steady_pressure,0.85
0.25932660326889856,0.22734437731436383,0.2606445849659313,0.19152118611392158,0.24722769683735676,0.1895640050889689,0.21884683823785184,0.20879942136857782,-0.25932660326889784,-0.22734437731436563,-0.2606445849659272,-0.1915211861139278,-0.2472276968373516,-0.18956400508897223,-0.21884683823785064,-0.20879942136857804,3.2271094574302454e-16,0.0038218495999859836,28.5,200000.0,0.01950728862973761,9.0,1.0,1.0,0.0,0.1,30.0,0.98,0.668,-0.155,1.0,1.0,True,FlowControlLab_NACA0018_quasi_steady_pressure,0.85
0.25932660326889856,0.22734437731436383,0.2606445849659313,0.19152118611392158,0.24722769683735676,0.1895640050889689,0.21884683823785184,0.20879942136857782,-0.25932660326889784,-0.22734437731436563,-0.2606445849659272,-0.1915211861139278,-0.2472276968373516,-0.18956400508897223,-0.21884683823785064,-0.20879942136857804,3.2271094574302454e-16,0.0038218495999859836,29.0,200000.0,0.019495626822157434,9.0,1.0,1.0,0.0,0.1,30.0,0.998,0.688,-0.16,1.0,1.0,True,FlowControlLab_NACA0018_quasi_steady_pressure,0.85
0.25932660326889856,0.22734437731436383,0.2606445849659313,0.19152118611392158,0.24722769683735676,0.1895640050889689,0.21884683823785184,0.20879942136857782,-0.25932660326889784,-0.22734437731436563,-0.2606445849659272,-0.1915211861139278,-0.2472276968373516,-0.18956400508897223,-0.21884683823785064,-0.20879942136857804,3.2271094574302454e-16,0.0038218495999859836,29.5,200000.0,0.019475218658892127,9.0,1.0,1.0,0.0,0.1,30.0,1.023,0.714,-0.167,1.0,1.0,True,FlowControlLab_NACA0018_quasi_steady_pressure,0.85
0.25932660326889856,0.22734437731436383,0.2606445849659313,0.19152118611392158,0.24722769683735676,0.1895640050889689,0.21884683823785184,0.20879942136857782,-0.25932660326889784,-0.22734437731436563,-0.2606445849659272,-0.1915211861139278,-0.2472276968373516,-0.18956400508897223,-0.21884683823785064,-0.20879942136857804,3.2271094574302454e-16,0.0038218495999859836,30.0,200000.0,0.019489795918367345,9.0,1.0,1.0,0.0,0.1,30.0,1.035,0.732,-0.17,1.0,1.0,True,FlowControlLab_NACA0018_quasi_steady_pressure,0.85
0.25932660326889856,0.22734437731436383,0.2606445849659313,0.19152118611392158,0.24722769683735676,0.1895640050889689,0.21884683823785184,0.20879942136857782,-0.25932660326889784,-0.22734437731436563,-0.2606445849659272,-0.1915211861139278,-0.2472276968373516,-0.18956400508897223,-0.21884683823785064,-0.20879942136857804,3.2271094574302454e-16,0.0038218495999859836,30.5,200000.0,0.019510204081632655,9.0,1.0,1.0,0.0,0.1,30.0,1.049,0.751,-0.175,1.0,1.0,True,FlowControlLab_NACA0018_quasi_steady_pressure,0.85
0.25932660326889856,0.22734437731436383,0.2606445849659313,0.19152118611392158,0.24722769683735676,0.1895640050889689,0.21884683823785184,0.20879942136857782,-0.25932660326889784,-0.22734437731436563,-0.2606445849659272,-0.1915211861139278,-0.2472276968373516,-0.18956400508897223,-0.21884683823785064,-0.20879942136857804,3.2271094574302454e-16,0.0038218495999859836,31.0,200000.0,0.01950145772594752,9.0,1.0,1.0,0.0,0.1,30.0,1.08,0.781,-0.184,1.0,1.0,True,FlowControlLab_NACA0018_quasi_steady_pressure,0.85
0.25932660326889856,0.22734437731436383,0.2606445849659313,0.19152118611392158,0.24722769683735676,0.1895640050889689,0.21884683823785184,0.20879942136857782,-0.25932660326889784,-0.22734437731436563,-0.2606445849659272,-0.1915211861139278,-0.2472276968373516,-0.18956400508897223,-0.21884683823785064,-0.20879942136857804,3.2271094574302454e-16,0.0038218495999859836,31.5,200000.0,0.019481049562682217,9.0,1.0,1.0,0.0,0.1,30.0,1.099,0.805,-0.19,1.0,1.0,True,FlowControlLab_NACA0018_quasi_steady_pressure,0.85
0.25932660326889856,0.22734437731436383,0.2606445849659313,0.19152118611392158,0.24722769683735676,0.1895640050889689,0.21884683823785184,0.20879942136857782,-0.25932660326889784,-0.22734437731436563,-0.2606445849659272,-0.1915211861139278,-0.2472276968373516,-0.18956400508897223,-0.21884683823785064,-0.20879942136857804,3.2271094574302454e-16,0.0038218495999859836,32.0,200000.0,0.01949271137026239,9.0,1.0,1.0,0.0,0.1,30.0,1.145,0.847,-0.205,1.0,1.0,True,FlowControlLab_NACA0018_quasi_steady_pressure,0.85
0.25932660326889856,0.22734437731436383,0.2606445849659313,0.19152118611392158,0.24722769683735676,0.1895640050889689,0.21884683823785184,0.20879942136857782,-0.25932660326889784,-0.22734437731436563,-0.2606445849659272,-0.1915211861139278,-0.2472276968373516,-0.18956400508897223,-0.21884683823785064,-0.20879942136857804,3.2271094574302454e-16,0.0038218495999859836,-2.0,200000.0,0.019472303206997086,9.0,1.0,1.0,0.0,0.1,30.0,-0.184,0.053,-0.004,1.0,1.0,True,FlowControlLab_NACA0018_quasi_steady_pressure,0.85
0.25932660326889856,0.22734437731436383,0.2606445849659313,0.19152118611392158,0.24722769683735676,0.1895640050889689,0.21884683823785184,0.20879942136857782,-0.25932660326889784,-0.22734437731436563,-0.2606445849659272,-0.1915211861139278,-0.2472276968373516,-0.18956400508897223,-0.21884683823785064,-0.20879942136857804,3.2271094574302454e-16,0.0038218495999859836,-1.5,200000.0,0.019475218658892127,9.0,1.0,1.0,0.0,0.1,30.0,-0.132,0.053,-0.004,1.0,1.0,True,FlowControlLab_NACA0018_quasi_steady_pressure,0.85
0.25932660326889856,0.22734437731436383,0.2606445849659313,0.19152118611392158,0.24722769683735676,0.1895640050889689,0.21884683823785184,0.20879942136857782,-0.25932660326889784,-0.22734437731436563,-0.2606445849659272,-0.1915211861139278,-0.2472276968373516,-0.18956400508897223,-0.21884683823785064,-0.20879942136857804,3.2271094574302454e-16,0.0038218495999859836,-1.0,200000.0,0.019478134110787172,9.0,1.0,1.0,0.0,0.1,30.0,-0.083,0.053,-0.003,1.0,1.0,True,FlowControlLab_NACA0018_quasi_steady_pressure,0.85
0.25932660326889856,0.22734437731436383,0.2606445849659313,0.19152118611392158,0.24722769683735676,0.1895640050889689,0.21884683823785184,0.20879942136857782,-0.25932660326889784,-0.22734437731436563,-0.2606445849659272,-0.1915211861139278,-0.2472276968373516,-0.18956400508897223,-0.21884683823785064,-0.20879942136857804,3.2271094574302454e-16,0.0038218495999859836,-0.5,200000.0,0.019472303206997086,9.0,1.0,1.0,0.0,0.1,30.0,-0.033,0.053,-0.002,1.0,1.0,True,FlowControlLab_NACA0018_quasi_steady_pressure,0.85
0.25932660326889856,0.22734437731436383,0.2606445849659313,0.19152118611392158,0.24722769683735676,0.1895640050889689,0.21884683823785184,0.20879942136857782,-0.25932660326889784,-0.22734437731436563,-0.2606445849659272,-0.1915211861139278,-0.2472276968373516,-0.18956400508897223,-0.21884683823785064,-0.20879942136857804,3.2271094574302454e-16,0.0038218495999859836,0.0,200000.0,0.01946064139941691,9.0,1.0,1.0,0.0,0.1,30.0,0.016,0.053,-0.001,1.0,1.0,True,FlowControlLab_NACA0018_quasi_steady_pressure,0.85
0.25932660326889856,0.22734437731436383,0.2606445849659313,0.19152118611392158,0.24722769683735676,0.1895640050889689,0.21884683823785184,0.20879942136857782,-0.25932660326889784,-0.22734437731436563,-0.2606445849659272,-0.1915211861139278,-0.2472276968373516,-0.18956400508897223,-0.21884683823785064,-0.20879942136857804,3.2271094574302454e-16,0.0038218495999859836,0.5,200000.0,0.01945189504373178,9.0,1.0,1.0,0.0,0.1,30.0,0.065,0.053,0.0,1.0,1.0,True,FlowControlLab_NACA0018_quasi_steady_pressure,0.85
0.25932660326889856,0.22734437731436383,0.2606445849659313,0.19152118611392158,0.24722769683735676,0.1895640050889689,0.21884683823785184,0.20879942136857782,-0.25932660326889784,-0.22734437731436563,-0.2606445849659272,-0.1915211861139278,-0.2472276968373516,-0.18956400508897223,-0.21884683823785064,-0.20879942136857804,3.2271094574302454e-16,0.0038218495999859836,1.0,200000.0,0.019475218658892127,9.0,1.0,1.0,0.0,0.1,30.0,0.113,0.053,0.002,1.0,1.0,True,FlowControlLab_NACA0018_quasi_steady_pressure,0.85
0.25932660326889856,0.22734437731436383,0.2606445849659313,0.19152118611392158,0.24722769683735676,0.1895640050889689,0.21884683823785184,0.20879942136857782,-0.25932660326889784,-0.22734437731436563,-0.2606445849659272,-0.1915211861139278,-0.2472276968373516,-0.18956400508897223,-0.21884683823785064,-0.20879942136857804,3.2271094574302454e-16,0.0038218495999859836,1.5,200000.0,0.019478134110787172,9.0,1.0,1.0,0.0,0.1,30.0,0.161,0.053,0.003,1.0,1.0,True,FlowControlLab_NACA0018_quasi_steady_pressure,0.85
0.25932660326889856,0.22734437731436383,0.2606445849659313,0.19152118611392158,0.24722769683735676,0.1895640050889689,0.21884683823785184,0.20879942136857782,-0.25932660326889784,-0.22734437731436563,-0.2606445849659272,-0.1915211861139278,-0.2472276968373516,-0.18956400508897223,-0.21884683823785064,-0.20879942136857804,3.2271094574302454e-16,0.0038218495999859836,2.0,200000.0,0.019481049562682217,9.0,1.0,1.0,0.0,0.1,30.0,0.21,0.054,0.005,1.0,1.0,True,FlowControlLab_NACA0018_quasi_steady_pressure,0.85
0.25932660326889856,0.22734437731436383,0.2606445849659313,0.19152118611392158,0.24722769683735676,0.1895640050889689,0.21884683823785184,0.20879942136857782,-0.25932660326889784,-0.22734437731436563,-0.2606445849659272,-0.1915211861139278,-0.2472276968373516,-0.18956400508897223,-0.21884683823785064,-0.20879942136857804,3.2271094574302454e-16,0.0038218495999859836,2.5,200000.0,0.019475218658892127,9.0,1.0,1.0,0.0,0.1,30.0,0.256,0.054,0.006,1.0,1.0,True,FlowControlLab_NACA0018_quasi_steady_pressure,0.85
0.25932660326889856,0.22734437731436383,0.2606445849659313,0.19152118611392158,0.24722769683735676,0.1895640050889689,0.21884683823785184,0.20879942136857782,-0.25932660326889784,-0.22734437731436563,-0.2606445849659272,-0.1915211861139278,-0.2472276968373516,-0.18956400508897223,-0.21884683823785064,-0.20879942136857804,3.2271094574302454e-16,0.0038218495999859836,3.0,200000.0,0.01945772594752187,9.0,1.0,1.0,0.0,0.1,30.0,0.303,0.054,0.008,1.0,1.0,True,FlowControlLab_NACA0018_quasi_steady_pressure,0.85
0.25932660326889856,0.22734437731436383,0.2606445849659313,0.19152118611392158,0.24722769683735676,0.1895640050889689,0.21884683823785184,0.20879942136857782,-0.25932660326889784,-0.22734437731436563,-0.2606445849659272,-0.1915211861139278,-0.2472276968373516,-0.18956400508897223,-0.21884683823785064,-0.20879942136857804,3.2271094574302454e-16,0.0038218495999859836,3.5,200000.0,0.019472303206997086,9.0,1.0,1.0,0.0,0.1,30.0,0.354,0.055,0.009,1.0,1.0,True,FlowControlLab_NACA0018_quasi_steady_pressure,0.85
0.25932660326889856,0.22734437731436383,0.2606445849659313,0.19152118611392158,0.24722769683735676,0.1895640050889689,0.21884683823785184,0.20879942136857782,-0.25932660326889784,-0.22734437731436563,-0.2606445849659272,-0.1915211861139278,-0.2472276968373516,-0.18956400508897223,-0.21884683823785064,-0.20879942136857804,3.2271094574302454e-16,0.0038218495999859836,4.0,200000.0,0.019495626822157434,9.0,1.0,1.0,0.0,0.1,30.0,0.416,0.056,0.008,1.0,1.0,True,FlowControlLab_NACA0018_quasi_steady_pressure,0.85
0.25932660326889856,0.22734437731436383,0.2606445849659313,0.19152118611392158,0.24722769683735676,0.1895640050889689,0.21884683823785184,0.20879942136857782,-0.25932660326889784,-0.22734437731436563,-0.2606445849659272,-0.1915211861139278,-0.2472276968373516,-0.18956400508897223,-0.21884683823785064,-0.20879942136857804,3.2271094574302454e-16,0.0038218495999859836,4.5,200000.0,0.019495626822157434,9.0,1.0,1.0,0.0,0.1,30.0,0.491,0.057,0.002,1.0,1.0,True,FlowControlLab_NACA0018_quasi_steady_pressure,0.85
0.25932660326889856,0.22734437731436383,0.2606445849659313,0.19152118611392158,0.24722769683735676,0.1895640050889689,0.21884683823785184,0.20879942136857782,-0.25932660326889784,-0.22734437731436563,-0.2606445849659272,-0.1915211861139278,-0.2472276968373516,-0.18956400508897223,-0.21884683823785064,-0.20879942136857804,3.2271094574302454e-16,0.0038218495999859836,5.0,200000.0,0.019475218658892127,9.0,1.0,1.0,0.0,0.1,30.0,0.573,0.058,-0.005,1.0,1.0,True,FlowControlLab_NACA0018_quasi_steady_pressure,0.85
0.25932660326889856,0.22734437731436383,0.2606445849659313,0.19152118611392158,0.24722769683735676,0.1895640050889689,0.21884683823785184,0.20879942136857782,-0.25932660326889784,-0.22734437731436563,-0.2606445849659272,-0.1915211861139278,-0.2472276968373516,-0.18956400508897223,-0.21884683823785064,-0.20879942136857804,3.2271094574302454e-16,0.0038218495999859836,5.5,200000.0,0.01946064139941691,9.0,1.0,1.0,0.0,0.1,30.0,0.653,0.059,-0.011,1.0,1.0,True,FlowControlLab_NACA0018_quasi_steady_pressure,0.85
0.25932660326889856,0.22734437731436383,0.2606445849659313,0.19152118611392158,0.24722769683735676,0.1895640050889689,0.21884683823785184,0.20879942136857782,-0.25932660326889784,-0.22734437731436563,-0.2606445849659272,-0.1915211861139278,-0.2472276968373516,-0.18956400508897223,-0.21884683823785064,-0.20879942136857804,3.2271094574302454e-16,0.0038218495999859836,6.0,200000.0,0.019463556851311955,9.0,1.0,1.0,0.0,0.1,30.0,0.72,0.06,-0.015,1.0,1.0,True,FlowControlLab_NACA0018_quasi_steady_pressure,0.85
0.25932660326889856,0.22734437731436383,0.2606445849659313,0.19152118611392158,0.24722769683735676,0.1895640050889689,0.21884683823785184,0.20879942136857782,-0.25932660326889784,-0.22734437731436563,-0.2606445849659272,-0.1915211861139278,-0.2472276968373516,-0.18956400508897223,-0.21884683823785064,-0.20879942136857804,3.2271094574302454e-16,0.0038218495999859836,6.5,200000.0,0.019466472303206996,9.0,1.0,1.0,0.0,0.1,30.0,0.771,0.061,-0.016,1.0,1.0,True,FlowControlLab_NACA0018_quasi_steady_pressure,0.85
0.25932660326889856,0.22734437731436383,0.2606445849659313,0.19152118611392158,0.24722769683735676,0.1895640050889689,0.21884683823785184,0.20879942136857782,-0.25932660326889784,-0.22734437731436563,-0.2606445849659272,-0.1915211861139278,-0.2472276968373516,-0.18956400508897223,-0.21884683823785064,-0.20879942136857804,3.2271094574302454e-16,0.0038218495999859836,7.0,200000.0,0.01946064139941691,9.0,1.0,1.0,0.0,0.1,30.0,0.806,0.062,-0.014,1.0,1.0,True,FlowControlLab_NACA0018_quasi_steady_pressure,0.85
0.25932660326889856,0.22734437731436383,0.2606445849659313,0.19152118611392158,0.24722769683735676,0.1895640050889689,0.21884683823785184,0.20879942136857782,-0.25932660326889784,-0.22734437731436563,-0.2606445849659272,-0.1915211861139278,-0.2472276968373516,-0.18956400508897223,-0.21884683823785064,-0.20879942136857804,3.2271094574302454e-16,0.0038218495999859836,7.5,200000.0,0.01945189504373178,9.0,1.0,1.0,0.0,0.1,30.0,0.83,0.062,-0.01,1.0,1.0,True,FlowControlLab_NACA0018_quasi_steady_pressure,0.85
0.25932660326889856,0.22734437731436383,0.2606445849659313,0.19152118611392158,0.24722769683735676,0.1895640050889689,0.21884683823785184,0.20879942136857782,-0.25932660326889784,-0.22734437731436563,-0.2606445849659272,-0.1915211861139278,-0.2472276968373516,-0.18956400508897223,-0.21884683823785064,-0.20879942136857804,3.2271094574302454e-16,0.0038218495999859836,8.0,200000.0,0.01945772594752187,9.0,1.0,1.0,0.0,0.1,30.0,0.853,0.063,-0.006,1.0,1.0,True,FlowControlLab_NACA0018_quasi_steady_pressure,0.85
0.25932660326889856,0.22734437731436383,0.2606445849659313,0.19152118611392158,0.24722769683735676,0.1895640050889689,0.21884683823785184,0.20879942136857782,-0.25932660326889784,-0.22734437731436563,-0.2606445849659272,-0.1915211861139278,-0.2472276968373516,-0.18956400508897223,-0.21884683823785064,-0.20879942136857804,3.2271094574302454e-16,0.0038218495999859836,8.5,200000.0,0.019472303206997086,9.0,1.0,1.0,0.0,0.1,30.0,0.876,0.063,-0.001,1.0,1.0,True,FlowControlLab_NACA0018_quasi_steady_pressure,0.85
0.25932660326889856,0.22734437731436383,0.2606445849659313,0.19152118611392158,0.24722769683735676,0.1895640050889689,0.21884683823785184,0.20879942136857782,-0.25932660326889784,-0.22734437731436563,-0.2606445849659272,-0.1915211861139278,-0.2472276968373516,-0.18956400508897223,-0.21884683823785064,-0.20879942136857804,3.2271094574302454e-16,0.0038218495999859836,9.0,200000.0,0.019478134110787172,9.0,1.0,1.0,0.0,0.1,30.0,0.898,0.064,0.004,1.0,1.0,True,FlowControlLab_NACA0018_quasi_steady_pressure,0.85
0.25932660326889856,0.22734437731436383,0.2606445849659313,0.19152118611392158,0.24722769683735676,0.1895640050889689,0.21884683823785184,0.20879942136857782,-0.25932660326889784,-0.22734437731436563,-0.2606445849659272,-0.1915211861139278,-0.2472276968373516,-0.18956400508897223,-0.21884683823785064,-0.20879942136857804,3.2271094574302454e-16,0.0038218495999859836,9.5,200000.0,0.01948396501457726,9.0,1.0,1.0,0.0,0.1,30.0,0.924,0.065,0.009,1.0,1.0,True,FlowControlLab_NACA0018_quasi_steady_pressure,0.85
0.25932660326889856,0.22734437731436383,0.2606445849659313,0.19152118611392158,0.24722769683735676,0.1895640050889689,0.21884683823785184,0.20879942136857782,-0.25932660326889784,-0.22734437731436563,-0.2606445849659272,-0.1915211861139278,-0.2472276968373516,-0.18956400508897223,-0.21884683823785064,-0.20879942136857804,3.2271094574302454e-16,0.0038218495999859836,10.0,200000.0,0.019498542274052476,9.0,1.0,1.0,0.0,0.1,30.0,0.952,0.066,0.012,1.0,1.0,True,FlowControlLab_NACA0018_quasi_steady_pressure,0.85
0.25932660326889856,0.22734437731436383,0.2606445849659313,0.19152118611392158,0.24722769683735676,0.1895640050889689,0.21884683823785184,0.20879942136857782,-0.25932660326889784,-0.22734437731436563,-0.2606445849659272,-0.1915211861139278,-0.2472276968373516,-0.18956400508897223,-0.21884683823785064,-0.20879942136857804,3.2271094574302454e-16,0.0038218495999859836,10.5,200000.0,0.01950728862973761,9.0,1.0,1.0,0.0,0.1,30.0,0.98,0.068,0.015,1.0,1.0,True,FlowControlLab_NACA0018_quasi_steady_pressure,0.85
0.25932660326889856,0.22734437731436383,0.2606445849659313,0.19152118611392158,0.24722769683735676,0.1895640050889689,0.21884683823785184,0.20879942136857782,-0.25932660326889784,-0.22734437731436563,-0.2606445849659272,-0.1915211861139278,-0.2472276968373516,-0.18956400508897223,-0.21884683823785064,-0.20879942136857804,3.2271094574302454e-16,0.0038218495999859836,11.0,200000.0,0.019489795918367345,9.0,1.0,1.0,0.0,0.1,30.0,1.007,0.07,0.018,1.0,1.0,True,FlowControlLab_NACA0018_quasi_steady_pressure,0.85
0.25932660326889856,0.22734437731436383,0.2606445849659313,0.19152118611392158,0.24722769683735676,0.1895640050889689,0.21884683823785184,0.20879942136857782,-0.25932660326889784,-0.22734437731436563,-0.2606445849659272,-0.1915211861139278,-0.2472276968373516,-0.18956400508897223,-0.21884683823785064,-0.20879942136857804,3.2271094574302454e-16,0.0038218495999859836,11.5,200000.0,0.01946938775510204,9.0,1.0,1.0,0.0,0.1,30.0,1.032,0.072,0.02,1.0,1.0,True,FlowControlLab_NACA0018_quasi_steady_pressure,0.85
0.25932660326889856,0.22734437731436383,0.2606445849659313,0.19152118611392158,0.24722769683735676,0.1895640050889689,0.21884683823785184,0.20879942136857782,-0.25932660326889784,-0.22734437731436563,-0.2606445849659272,-0.1915211861139278,-0.2472276968373516,-0.18956400508897223,-0.21884683823785064,-0.20879942136857804,3.2271094574302454e-16,0.0038218495999859836,12.0,200000.0,0.019472303206997086,9.0,1.0,1.0,0.0,0.1,30.0,1.053,0.074,0.022,1.0,1.0,True,FlowControlLab_NACA0018_quasi_steady_pressure,0.85
0.25932660326889856,0.22734437731436383,0.2606445849659313,0.19152118611392158,0.24722769683735676,0.1895640050889689,0.21884683823785184,0.20879942136857782,-0.25932660326889784,-0.22734437731436563,-0.2606445849659272,-0.1915211861139278,-0.2472276968373516,-0.18956400508897223,-0.21884683823785064,-0.20879942136857804,3.2271094574302454e-16,0.0038218495999859836,12.5,200000.0,0.019478134110787172,9.0,1.0,1.0,0.0,0.1,30.0,1.079,0.079,0.024,1.0,1.0,True,FlowControlLab_NACA0018_quasi_steady_pressure,0.85
0.25932660326889856,0.22734437731436383,0.2606445849659313,0.19152118611392158,0.24722769683735676,0.1895640050889689,0.21884683823785184,0.20879942136857782,-0.25932660326889784,-0.22734437731436563,-0.2606445849659272,-0.1915211861139278,-0.2472276968373516,-0.18956400508897223,-0.21884683823785064,-0.20879942136857804,3.2271094574302454e-16,0.0038218495999859836,13.0,200000.0,0.01946938775510204,9.0,1.0,1.0,0.0,0.1,30.0,1.101,0.084,0.024,1.0,1.0,True,FlowControlLab_NACA0018_quasi_steady_pressure,0.85
0.25932660326889856,0.22734437731436383,0.2606445849659313,0.19152118611392158,0.24722769683735676,0.1895640050889689,0.21884683823785184,0.20879942136857782,-0.25932660326889784,-0.22734437731436563,-0.2606445849659272,-0.1915211861139278,-0.2472276968373516,-0.18956400508897223,-0.21884683823785064,-0.20879942136857804,3.2271094574302454e-16,0.0038218495999859836,13.5,200000.0,0.01946938775510204,9.0,1.0,1.0,0.0,0.1,30.0,1.112,0.089,0.027,1.0,1.0,True,FlowControlLab_NACA0018_quasi_steady_pressure,0.85
0.25932660326889856,0.22734437731436383,0.2606445849659313,0.19152118611392158,0.24722769683735676,0.1895640050889689,0.21884683823785184,0.20879942136857782,-0.25932660326889784,-0.22734437731436563,-0.2606445849659272,-0.1915211861139278,-0.2472276968373516,-0.18956400508897223,-0.21884683823785064,-0.20879942136857804,3.2271094574302454e-16,0.0038218495999859836,14.0,200000.0,0.019466472303206996,9.0,1.0,1.0,0.0,0.1,30.0,1.112,0.094,0.031,1.0,1.0,True,FlowControlLab_NACA0018_quasi_steady_pressure,0.85
0.25932660326889856,0.22734437731436383,0.2606445849659313,0.19152118611392158,0.24722769683735676,0.1895640050889689,0.21884683823785184,0.20879942136857782,-0.25932660326889784,-0.22734437731436563,-0.2606445849659272,-0.1915211861139278,-0.2472276968373516,-0.18956400508897223,-0.21884683823785064,-0.20879942136857804,3.2271094574302454e-16,0.0038218495999859836,14.5,200000.0,0.01944606413994169,9.0,1.0,1.0,0.0,0.1,30.0,1.11,0.1,0.032,1.0,1.0,True,FlowControlLab_NACA0018_quasi_steady_pressure,0.85
0.25932660326889856,0.22734437731436383,0.2606445849659313,0.19152118611392158,0.24722769683735676,0.1895640050889689,0.21884683823785184,0.20879942136857782,-0.25932660326889784,-0.22734437731436563,-0.2606445849659272,-0.1915211861139278,-0.2472276968373516,-0.18956400508897223,-0.21884683823785064,-0.20879942136857804,3.2271094574302454e-16,0.0038218495999859836,15.0,200000.0,0.019448979591836734,9.0,1.0,1.0,0.0,0.1,30.0,1.114,0.108,0.031,1.0,1.0,True,FlowControlLab_NACA0018_quasi_steady_pressure,0.85
0.25932660326889856,0.22734437731436383,0.2606445849659313,0.19152118611392158,0.24722769683735676,0.1895640050889689,0.21884683823785184,0.20879942136857782,-0.25932660326889784,-0.22734437731436563,-0.2606445849659272,-0.1915211861139278,-0.2472276968373516,-0.18956400508897223,-0.21884683823785064,-0.20879942136857804,3.2271094574302454e-16,0.0038218495999859836,15.5,200000.0,0.019463556851311955,9.0,1.0,1.0,0.0,0.1,30.0,1.053,0.133,0.021,1.0,1.0,True,FlowControlLab_NACA0018_quasi_steady_pressure,0.85
0.25932660326889856,0.22734437731436383,0.2606445849659313,0.19152118611392158,0.24722769683735676,0.1895640050889689,0.21884683823785184,0.20879942136857782,-0.25932660326889784,-0.22734437731436563,-0.2606445849659272,-0.1915211861139278,-0.2472276968373516,-0.18956400508897223,-0.21884683823785064,-0.20879942136857804,3.2271094574302454e-16,0.0038218495999859836,16.0,200000.0,0.019478134110787172,9.0,1.0,1.0,0.0,0.1,30.0,0.797,0.208,-0.017,1.0,1.0,True,FlowControlLab_NACA0018_quasi_steady_pressure,0.85
0.25932660326889856,0.22734437731436383,0.2606445849659313,0.19152118611392158,0.24722769683735676,0.1895640050889689,0.21884683823785184,0.20879942136857782,-0.25932660326889784,-0.22734437731436563,-0.2606445849659272,-0.1915211861139278,-0.2472276968373516,-0.18956400508897223,-0.21884683823785064,-0.20879942136857804,3.2271094574302454e-16,0.0038218495999859836,16.5,200000.0,0.019475218658892127,9.0,1.0,1.0,0.0,0.1,30.0,0.567,0.276,-0.051,1.0,1.0,True,FlowControlLab_NACA0018_quasi_steady_pressure,0.85
0.25932660326889856,0.22734437731436383,0.2606445849659313,0.19152118611392158,0.24722769683735676,0.1895640050889689,0.21884683823785184,0.20879942136857782,-0.25932660326889784,-0.22734437731436563,-0.2606445849659272,-0.1915211861139278,-0.2472276968373516,-0.18956400508897223,-0.21884683823785064,-0.20879942136857804,3.2271094574302454e-16,0.0038218495999859836,17.0,200000.0,0.019466472303206996,9.0,1.0,1.0,0.0,0.1,30.0,0.531,0.294,-0.057,1.0,1.0,True,FlowControlLab_NACA0018_quasi_steady_pressure,0.85
0.25932660326889856,0.22734437731436383,0.2606445849659313,0.19152118611392158,0.24722769683735676,0.1895640050889689,0.21884683823785184,0.20879942136857782,-0.25932660326889784,-0.22734437731436563,-0.2606445849659272,-0.1915211861139278,-0.2472276968373516,-0.18956400508897223,-0.21884683823785064,-0.20879942136857804,3.2271094574302454e-16,0.0038218495999859836,17.5,200000.0,0.019481049562682217,9.0,1.0,1.0,0.0,0.1,30.0,0.555,0.309,-0.063,1.0,1.0,True,FlowControlLab_NACA0018_quasi_steady_pressure,0.85
0.25932660326889856,0.22734437731436383,0.2606445849659313,0.19152118611392158,0.24722769683735676,0.1895640050889689,0.21884683823785184,0.20879942136857782,-0.25932660326889784,-0.22734437731436563,-0.2606445849659272,-0.1915211861139278,-0.2472276968373516,-0.18956400508897223,-0.21884683823785064,-0.20879942136857804,3.2271094574302454e-16,0.0038218495999859836,18.0,200000.0,0.01949271137026239,9.0,1.0,1.0,0.0,0.1,30.0,0.58,0.324,-0.068,1.0,1.0,True,FlowControlLab_NACA0018_quasi_steady_pressure,0.85
0.25932660326889856,0.22734437731436383,0.2606445849659313,0.19152118611392158,0.24722769683735676,0.1895640050889689,0.21884683823785184,0.20879942136857782,-0.25932660326889784,-0.22734437731436563,-0.2606445849659272,-0.1915211861139278,-0.2472276968373516,-0.18956400508897223,-0.21884683823785064,-0.20879942136857804,3.2271094574302454e-16,0.0038218495999859836,18.5,200000.0,0.019486880466472303,9.0,1.0,1.0,0.0,0.1,30.0,0.595,0.336,-0.07,1.0,1.0,True,FlowControlLab_NACA0018_quasi_steady_pressure,0.85
0.25932660326889856,0.22734437731436383,0.2606445849659313,0.19152118611392158,0.24722769683735676,0.1895640050889689,0.21884683823785184,0.20879942136857782,-0.25932660326889784,-0.22734437731436563,-0.2606445849659272,-0.1915211861139278,-0.2472276968373516,-0.18956400508897223,-0.21884683823785064,-0.20879942136857804,3.2271094574302454e-16,0.0038218495999859836,19.0,200000.0,0.019475218658892127,9.0,1.0,1.0,0.0,0.1,30.0,0.603,0.345,-0.071,1.0,1.0,True,FlowControlLab_NACA0018_quasi_steady_pressure,0.85
0.25932660326889856,0.22734437731436383,0.2606445849659313,0.19152118611392158,0.24722769683735676,0.1895640050889689,0.21884683823785184,0.20879942136857782,-0.25932660326889784,-0.22734437731436563,-0.2606445849659272,-0.1915211861139278,-0.2472276968373516,-0.18956400508897223,-0.21884683823785064,-0.20879942136857804,3.2271094574302454e-16,0.0038218495999859836,19.5,200000.0,0.01948396501457726,9.0,1.0,1.0,0.0,0.1,30.0,0.612,0.355,-0.073,1.0,1.0,True,FlowControlLab_NACA0018_quasi_steady_pressure,0.85
0.25932660326889856,0.22734437731436383,0.2606445849659313,0.19152118611392158,0.24722769683735676,0.1895640050889689,0.21884683823785184,0.20879942136857782,-0.25932660326889784,-0.22734437731436563,-0.2606445849659272,-0.1915211861139278,-0.2472276968373516,-0.18956400508897223,-0.21884683823785064,-0.20879942136857804,3.2271094574302454e-16,0.0038218495999859836,20.0,200000.0,0.019489795918367345,9.0,1.0,1.0,0.0,0.1,30.0,0.641,0.373,-0.079,1.0,1.0,True,FlowControlLab_NACA0018_quasi_steady_pressure,0.85
0.25932660326889856,0.22734437731436383,0.2606445849659313,0.19152118611392158,0.24722769683735676,0.1895640050889689,0.21884683823785184,0.20879942136857782,-0.25932660326889784,-0.22734437731436563,-0.2606445849659272,-0.1915211861139278,-0.2472276968373516,-0.18956400508897223,-0.21884683823785064,-0.20879942136857804,3.2271094574302454e-16,0.0038218495999859836,20.5,200000.0,0.019489795918367345,9.0,1.0,1.0,0.0,0.1,30.0,0.67,0.391,-0.085,1.0,1.0,True,FlowControlLab_NACA0018_quasi_steady_pressure,0.85
0.25932660326889856,0.22734437731436383,0.2606445849659313,0.19152118611392158,0.24722769683735676,0.1895640050889689,0.21884683823785184,0.20879942136857782,-0.25932660326889784,-0.22734437731436563,-0.2606445849659272,-0.1915211861139278,-0.2472276968373516,-0.18956400508897223,-0.21884683823785064,-0.20879942136857804,3.2271094574302454e-16,0.0038218495999859836,21.0,200000.0,0.019486880466472303,9.0,1.0,1.0,0.0,0.1,30.0,0.672,0.398,-0.085,1.0,1.0,True,FlowControlLab_NACA0018_quasi_steady_pressure,0.85
0.25932660326889856,0.22734437731436383,0.2606445849659313,0.19152118611392158,0.24722769683735676,0.1895640050889689,0.21884683823785184,0.20879942136857782,-0.25932660326889784,-0.22734437731436563,-0.2606445849659272,-0.1915211861139278,-0.2472276968373516,-0.18956400508897223,-0.21884683823785064,-0.20879942136857804,3.2271094574302454e-16,0.0038218495999859836,21.5,200000.0,0.01948396501457726,9.0,1.0,1.0,0.0,0.1,30.0,0.669,0.404,-0.083,1.0,1.0,True,FlowControlLab_NACA0018_quasi_steady_pressure,0.85
0.25932660326889856,0.22734437731436383,0.2606445849659313,0.19152118611392158,0.24722769683735676,0.1895640050889689,0.21884683823785184,0.20879942136857782,-0.25932660326889784,-0.22734437731436563,-0.2606445849659272,-0.1915211861139278,-0.2472276968373516,-0.18956400508897223,-0.21884683823785064,-0.20879942136857804,3.2271094574302454e-16,0.0038218495999859836,22.0,200000.0,0.019495626822157434,9.0,1.0,1.0,0.0,0.1,30.0,0.69,0.42,-0.087,1.0,1.0,True,FlowControlLab_NACA0018_quasi_steady_pressure,0.85
0.25932660326889856,0.22734437731436383,0.2606445849659313,0.19152118611392158,0.24722769683735676,0.1895640050889689,0.21884683823785184,0.20879942136857782,-0.25932660326889784,-0.22734437731436563,-0.2606445849659272,-0.1915211861139278,-0.2472276968373516,-0.18956400508897223,-0.21884683823785064,-0.20879942136857804,3.2271094574302454e-16,0.0038218495999859836,22.5,200000.0,0.01950145772594752,9.0,1.0,1.0,0.0,0.1,30.0,0.714,0.437,-0.092,1.0,1.0,True,FlowControlLab_NACA0018_quasi_steady_pressure,0.85
0.25932660326889856,0.22734437731436383,0.2606445849659313,0.19152118611392158,0.24722769683735676,0.1895640050889689,0.21884683823785184,0.20879942136857782,-0.25932660326889784,-0.22734437731436563,-0.2606445849659272,-0.1915211861139278,-0.2472276968373516,-0.18956400508897223,-0.21884683823785064,-0.20879942136857804,3.2271094574302454e-16,0.0038218495999859836,23.0,200000.0,0.019513119533527697,9.0,1.0,1.0,0.0,0.1,30.0,0.731,0.452,-0.095,1.0,1.0,True,FlowControlLab_NACA0018_quasi_steady_pressure,0.85
0.25932660326889856,0.22734437731436383,0.2606445849659313,0.19152118611392158,0.24722769683735676,0.1895640050889689,0.21884683823785184,0.20879942136857782,-0.25932660326889784,-0.22734437731436563,-0.2606445849659272,-0.1915211861139278,-0.2472276968373516,-0.18956400508897223,-0.21884683823785064,-0.20879942136857804,3.2271094574302454e-16,0.0038218495999859836,23.5,200000.0,0.01950728862973761,9.0,1.0,1.0,0.0,0.1,30.0,0.74,0.464,-0.097,1.0,1.0,True,FlowControlLab_NACA0018_quasi_steady_pressure,0.85
0.25932660326889856,0.22734437731436383,0.2606445849659313,0.19152118611392158,0.24722769683735676,0.1895640050889689,0.21884683823785184,0.20879942136857782,-0.25932660326889784,-0.22734437731436563,-0.2606445849659272,-0.1915211861139278,-0.2472276968373516,-0.18956400508897223,-0.21884683823785064,-0.20879942136857804,3.2271094574302454e-16,0.0038218495999859836,24.0,200000.0,0.019481049562682217,9.0,1.0,1.0,0.0,0.1,30.0,0.749,0.476,-0.099,1.0,1.0,True,FlowControlLab_NACA0018_quasi_steady_pressure,0.85
0.25932660326889856,0.22734437731436383,0.2606445849659313,0.19152118611392158,0.24722769683735676,0.1895640050889689,0.21884683823785184,0.20879942136857782,-0.25932660326889784,-0.22734437731436563,-0.2606445849659272,-0.1915211861139278,-0.2472276968373516,-0.18956400508897223,-0.21884683823785064,-0.20879942136857804,3.2271094574302454e-16,0.0038218495999859836,24.5,200000.0,0.019486880466472303,9.0,1.0,1.0,0.0,0.1,30.0,0.766,0.491,-0.103,1.0,1.0,True,FlowControlLab_NACA0018_quasi_steady_pressure,0.85
0.25932660326889856,0.22734437731436383,0.2606445849659313,0.19152118611392158,0.24722769683735676,0.1895640050889689,0.21884683823785184,0.20879942136857782,-0.25932660326889784,-0.22734437731436563,-0.2606445849659272,-0.1915211861139278,-0.2472276968373516,-0.18956400508897223,-0.21884683823785064,-0.20879942136857804,3.2271094574302454e-16,0.0038218495999859836,25.0,200000.0,0.01949271137026239,9.0,1.0,1.0,0.0,0.1,30.0,0.802,0.515,-0.11,1.0,1.0,True,FlowControlLab_NACA0018_quasi_steady_pressure,0.85
0.25932660326889856,0.22734437731436383,0.2606445849659313,0.19152118611392158,0.24722769683735676,0.1895640050889689,0.21884683823785184,0.20879942136857782,-0.25932660326889784,-0.22734437731436563,-0.2606445849659272,-0.1915211861139278,-0.2472276968373516,-0.18956400508897223,-0.21884683823785064,-0.20879942136857804,3.2271094574302454e-16,0.0038218495999859836,25.5,200000.0,0.01949271137026239,9.0,1.0,1.0,0.0,0.1,30.0,0.833,0.537,-0.118,1.0,1.0,True,FlowControlLab_NACA0018_quasi_steady_pressure,0.85
0.25932660326889856,0.22734437731436383,0.2606445849659313,0.19152118611392158,0.24722769683735676,0.1895640050889689,0.21884683823785184,0.20879942136857782,-0.25932660326889784,-0.22734437731436563,-0.2606445849659272,-0.1915211861139278,-0.2472276968373516,-0.18956400508897223,-0.21884683823785064,-0.20879942136857804,3.2271094574302454e-16,0.0038218495999859836,26.0,200000.0,0.019495626822157434,9.0,1.0,1.0,0.0,0.1,30.0,0.845,0.552,-0.121,1.0,1.0,True,FlowControlLab_NACA0018_quasi_steady_pressure,0.85
0.25932660326889856,0.22734437731436383,0.2606445849659313,0.19152118611392158,0.24722769683735676,0.1895640050889689,0.21884683823785184,0.20879942136857782,-0.25932660326889784,-0.22734437731436563,-0.2606445849659272,-0.1915211861139278,-0.2472276968373516,-0.18956400508897223,-0.21884683823785064,-0.20879942136857804,3.2271094574302454e-16,0.0038218495999859836,26.5,200000.0,0.019504373177842566,9.0,1.0,1.0,0.0,0.1,30.0,0.865,0.571,-0.125,1.0,1.0,True,FlowControlLab_NACA0018_quasi_steady_pressure,0.85
0.25932660326889856,0.22734437731436383,0.2606445849659313,0.19152118611392158,0.24722769683735676,0.1895640050889689,0.21884683823785184,0.20879942136857782,-0.25932660326889784,-0.22734437731436563,-0.2606445849659272,-0.1915211861139278,-0.2472276968373516,-0.18956400508897223,-0.21884683823785064,-0.20879942136857804,3.2271094574302454e-16,0.0038218495999859836,27.0,200000.0,0.01950728862973761,9.0,1.0,1.0,0.0,0.1,30.0,0.909,0.602,-0.136,1.0,1.0,True,FlowControlLab_NACA0018_quasi_steady_pressure,0.85
0.25932660326889856,0.22734437731436383,0.2606445849659313,0.19152118611392158,0.24722769683735676,0.1895640050889689,0.21884683823785184,0.20879942136857782,-0.25932660326889784,-0.22734437731436563,-0.2606445849659272,-0.1915211861139278,-0.2472276968373516,-0.18956400508897223,-0.21884683823785064,-0.20879942136857804,3.2271094574302454e-16,0.0038218495999859836,27.5,200000.0,0.01950145772594752,9.0,1.0,1.0,0.0,0.1,30.0,0.943,0.629,-0.145,1.0,1.0,True,FlowControlLab_NACA0018_quasi_steady_pressure,0.85
0.25932660326889856,0.22734437731436383,0.2606445849659313,0.19152118611392158,0.24722769683735676,0.1895640050889689,0.21884683823785184,0.20879942136857782,-0.25932660326889784,-0.22734437731436563,-0.2606445849659272,-0.1915211861139278,-0.2472276968373516,-0.18956400508897223,-0.21884683823785064,-0.20879942136857804,3.2271094574302454e-16,0.0038218495999859836,28.0,200000.0,0.019504373177842566,9.0,1.0,1.0,0.0,0.1,30.0,0.958,0.646,-0.149,1.0,1.0,True,FlowControlLab_NACA0018_quasi_steady_pressure,0.85
0.25932660326889856,0.22734437731436383,0.2606445849659313,0.19152118611392158,0.24722769683735676,0.1895640050889689,0.21884683823785184,0.20879942136857782,-0.25932660326889784,-0.22734437731436563,-0.2606445849659272,-0.1915211861139278,-0.2472276968373516,-0.18956400508897223,-0.21884683823785064,-0.20879942136857804,3.2271094574302454e-16,0.0038218495999859836,28.5,200000.0,0.01950728862973761,9.0,1.0,1.0,0.0,0.1,30.0,0.96,0.659,-0.149,1.0,1.0,True,FlowControlLab_NACA0018_quasi_steady_pressure,0.85
0.25932660326889856,0.22734437731436383,0.2606445849659313,0.19152118611392158,0.24722769683735676,0.1895640050889689,0.21884683823785184,0.20879942136857782,-0.25932660326889784,-0.22734437731436563,-0.2606445849659272,-0.1915211861139278,-0.2472276968373516,-0.18956400508897223,-0.21884683823785064,-0.20879942136857804,3.2271094574302454e-16,0.0038218495999859836,29.0,200000.0,0.019495626822157434,9.0,1.0,1.0,0.0,0.1,30.0,0.979,0.68,-0.155,1.0,1.0,True,FlowControlLab_NACA0018_quasi_steady_pressure,0.85
0.25932660326889856,0.22734437731436383,0.2606445849659313,0.19152118611392158,0.24722769683735676,0.1895640050889689,0.21884683823785184,0.20879942136857782,-0.25932660326889784,-0.22734437731436563,-0.2606445849659272,-0.1915211861139278,-0.2472276968373516,-0.18956400508897223,-0.21884683823785064,-0.20879942136857804,3.2271094574302454e-16,0.0038218495999859836,29.5,200000.0,0.019475218658892127,9.0,1.0,1.0,0.0,0.1,30.0,1.014,0.708,-0.165,1.0,1.0,True,FlowControlLab_NACA0018_quasi_steady_pressure,0.85
0.25932660326889856,0.22734437731436383,0.2606445849659313,0.19152118611392158,0.24722769683735676,0.1895640050889689,0.21884683823785184,0.20879942136857782,-0.25932660326889784,-0.22734437731436563,-0.2606445849659272,-0.1915211861139278,-0.2472276968373516,-0.18956400508897223,-0.21884683823785064,-0.20879942136857804,3.2271094574302454e-16,0.0038218495999859836,30.0,200000.0,0.019489795918367345,9.0,1.0,1.0,0.0,0.1,30.0,1.033,0.731,-0.17,1.0,1.0,True,FlowControlLab_NACA0018_quasi_steady_pressure,0.85
0.25932660326889856,0.22734437731436383,0.2606445849659313,0.19152118611392158,0.24722769683735676,0.1895640050889689,0.21884683823785184,0.20879942136857782,-0.25932660326889784,-0.22734437731436563,-0.2606445849659272,-0.1915211861139278,-0.2472276968373516,-0.18956400508897223,-0.21884683823785064,-0.20879942136857804,3.2271094574302454e-16,0.0038218495999859836,30.5,200000.0,0.019510204081632655,9.0,1.0,1.0,0.0,0.1,30.0,1.044,0.75,-0.174,1.0,1.0,True,FlowControlLab_NACA0018_quasi_steady_pressure,0.85
0.25932660326889856,0.22734437731436383,0.2606445849659313,0.19152118611392158,0.24722769683735676,0.1895640050889689,0.21884683823785184,0.20879942136857782,-0.25932660326889784,-0.22734437731436563,-0.2606445849659272,-0.1915211861139278,-0.2472276968373516,-0.18956400508897223,-0.21884683823785064,-0.20879942136857804,3.2271094574302454e-16,0.0038218495999859836,31.0,200000.0,0.01950145772594752,9.0,1.0,1.0,0.0,0.1,30.0,1.065,0.773,-0.181,1.0,1.0,True,FlowControlLab_NACA0018_quasi_steady_pressure,0.85
0.25932660326889856,0.22734437731436383,0.2606445849659313,0.19152118611392158,0.24722769683735676,0.1895640050889689,0.21884683823785184,0.20879942136857782,-0.25932660326889784,-0.22734437731436563,-0.2606445849659272,-0.1915211861139278,-0.2472276968373516,-0.18956400508897223,-0.21884683823785064,-0.20879942136857804,3.2271094574302454e-16,0.0038218495999859836,31.5,200000.0,0.019481049562682217,9.0,1.0,1.0,0.0,0.1,30.0,1.109,0.812,-0.193,1.0,1.0,True,FlowControlLab_NACA0018_quasi_steady_pressure,0.85
0.25932660326889856,0.22734437731436383,0.2606445849659313,0.19152118611392158,0.24722769683735676,0.1895640050889689,0.21884683823785184,0.20879942136857782,-0.25932660326889784,-0.22734437731436563,-0.2606445849659272,-0.1915211861139278,-0.2472276968373516,-0.18956400508897223,-0.21884683823785064,-0.20879942136857804,3.2271094574302454e-16,0.0038218495999859836,32.0,200000.0,0.01949271137026239,9.0,1.0,1.0,0.0,0.1,30.0,1.155,0.855,-0.209,1.0,1.0,True,FlowControlLab_NACA0018_quasi_steady_pressure,0.85
0.25932660326889856,0.22734437731436383,0.2606445849659313,0.19152118611392158,0.24722769683735676,0.1895640050889689,0.21884683823785184,0.20879942136857782,-0.25932660326889784,-0.22734437731436563,-0.2606445849659272,-0.1915211861139278,-0.2472276968373516,-0.18956400508897223,-0.21884683823785064,-0.20879942136857804,3.2271094574302454e-16,0.0038218495999859836,-2.0,300000.0,0.019472303206997086,9.0,1.0,1.0,0.0,0.1,30.0,-0.202,0.021,-0.002,1.0,1.0,True,FlowControlLab_NACA0018_quasi_steady_pressure,0.85
0.25932660326889856,0.22734437731436383,0.2606445849659313,0.19152118611392158,0.24722769683735676,0.1895640050889689,0.21884683823785184,0.20879942136857782,-0.25932660326889784,-0.22734437731436563,-0.2606445849659272,-0.1915211861139278,-0.2472276968373516,-0.18956400508897223,-0.21884683823785064,-0.20879942136857804,3.2271094574302454e-16,0.0038218495999859836,-1.5,300000.0,0.019475218658892127,9.0,1.0,1.0,0.0,0.1,30.0,-0.148,0.02,-0.003,1.0,1.0,True,FlowControlLab_NACA0018_quasi_steady_pressure,0.85
0.25932660326889856,0.22734437731436383,0.2606445849659313,0.19152118611392158,0.24722769683735676,0.1895640050889689,0.21884683823785184,0.20879942136857782,-0.25932660326889784,-0.22734437731436563,-0.2606445849659272,-0.1915211861139278,-0.2472276968373516,-0.18956400508897223,-0.21884683823785064,-0.20879942136857804,3.2271094574302454e-16,0.0038218495999859836,-1.0,300000.0,0.019478134110787172,9.0,1.0,1.0,0.0,0.1,30.0,-0.092,0.02,-0.003,1.0,1.0,True,FlowControlLab_NACA0018_quasi_steady_pressure,0.85
0.25932660326889856,0.22734437731436383,0.2606445849659313,0.19152118611392158,0.24722769683735676,0.1895640050889689,0.21884683823785184,0.20879942136857782,-0.25932660326889784,-0.22734437731436563,-0.2606445849659272,-0.1915211861139278,-0.2472276968373516,-0.18956400508897223,-0.21884683823785064,-0.20879942136857804,3.2271094574302454e-16,0.0038218495999859836,-0.5,300000.0,0.019472303206997086,9.0,1.0,1.0,0.0,0.1,30.0,-0.04,0.019,-0.003,1.0,1.0,True,FlowControlLab_NACA0018_quasi_steady_pressure,0.85
0.25932660326889856,0.22734437731436383,0.2606445849659313,0.19152118611392158,0.24722769683735676,0.1895640050889689,0.21884683823785184,0.20879942136857782,-0.25932660326889784,-0.22734437731436563,-0.2606445849659272,-0.1915211861139278,-0.2472276968373516,-0.18956400508897223,-0.21884683823785064,-0.20879942136857804,3.2271094574302454e-16,0.0038218495999859836,0.0,300000.0,0.01946064139941691,9.0,1.0,1.0,0.0,0.1,30.0,0.01,0.02,-0.002,1.0,1.0,True,FlowControlLab_NACA0018_quasi_steady_pressure,0.85
0.25932660326889856,0.22734437731436383,0.2606445849659313,0.19152118611392158,0.24722769683735676,0.1895640050889689,0.21884683823785184,0.20879942136857782,-0.25932660326889784,-0.22734437731436563,-0.2606445849659272,-0.1915211861139278,-0.2472276968373516,-0.18956400508897223,-0.21884683823785064,-0.20879942136857804,3.2271094574302454e-16,0.0038218495999859836,0.5,300000.0,0.01945189504373178,9.0,1.0,1.0,0.0,0.1,30.0,0.059,0.02,-0.001,1.0,1.0,True,FlowControlLab_NACA0018_quasi_steady_pressure,0.85
0.25932660326889856,0.22734437731436383,0.2606445849659313,0.19152118611392158,0.24722769683735676,0.1895640050889689,0.21884683823785184,0.20879942136857782,-0.25932660326889784,-0.22734437731436563,-0.2606445849659272,-0.1915211861139278,-0.2472276968373516,-0.18956400508897223,-0.21884683823785064,-0.20879942136857804,3.2271094574302454e-16,0.0038218495999859836,1.0,300000.0,0.019475218658892127,9.0,1.0,1.0,0.0,0.1,30.0,0.108,0.02,-0.0,1.0,1.0,True,FlowControlLab_NACA0018_quasi_steady_pressure,0.85
0.25932660326889856,0.22734437731436383,0.2606445849659313,0.19152118611392158,0.24722769683735676,0.1895640050889689,0.21884683823785184,0.20879942136857782,-0.25932660326889784,-0.22734437731436563,-0.2606445849659272,-0.1915211861139278,-0.2472276968373516,-0.18956400508897223,-0.21884683823785064,-0.20879942136857804,3.2271094574302454e-16,0.0038218495999859836,1.5,300000.0,0.019478134110787172,9.0,1.0,1.0,0.0,0.1,30.0,0.157,0.02,0.001,1.0,1.0,True,FlowControlLab_NACA0018_quasi_steady_pressure,0.85
0.25932660326889856,0.22734437731436383,0.2606445849659313,0.19152118611392158,0.24722769683735676,0.1895640050889689,0.21884683823785184,0.20879942136857782,-0.25932660326889784,-0.22734437731436563,-0.2606445849659272,-0.1915211861139278,-0.2472276968373516,-0.18956400508897223,-0.21884683823785064,-0.20879942136857804,3.2271094574302454e-16,0.0038218495999859836,2.0,300000.0,0.019481049562682217,9.0,1.0,1.0,0.0,0.1,30.0,0.205,0.021,0.002,1.0,1.0,True,FlowControlLab_NACA0018_quasi_steady_pressure,0.85
0.25932660326889856,0.22734437731436383,0.2606445849659313,0.19152118611392158,0.24722769683735676,0.1895640050889689,0.21884683823785184,0.20879942136857782,-0.25932660326889784,-0.22734437731436563,-0.2606445849659272,-0.1915211861139278,-0.2472276968373516,-0.18956400508897223,-0.21884683823785064,-0.20879942136857804,3.2271094574302454e-16,0.0038218495999859836,2.5,300000.0,0.019475218658892127,9.0,1.0,1.0,0.0,0.1,30.0,0.251,0.021,0.004,1.0,1.0,True,FlowControlLab_NACA0018_quasi_steady_pressure,0.85
0.25932660326889856,0.22734437731436383,0.2606445849659313,0.19152118611392158,0.24722769683735676,0.1895640050889689,0.21884683823785184,0.20879942136857782,-0.25932660326889784,-0.22734437731436563,-0.2606445849659272,-0.1915211861139278,-0.2472276968373516,-0.18956400508897223,-0.21884683823785064,-0.20879942136857804,3.2271094574302454e-16,0.0038218495999859836,3.0,300000.0,0.01945772594752187,9.0,1.0,1.0,0.0,0.1,30.0,0.297,0.022,0.006,1.0,1.0,True,FlowControlLab_NACA0018_quasi_steady_pressure,0.85
0.25932660326889856,0.22734437731436383,0.2606445849659313,0.19152118611392158,0.24722769683735676,0.1895640050889689,0.21884683823785184,0.20879942136857782,-0.25932660326889784,-0.22734437731436563,-0.2606445849659272,-0.1915211861139278,-0.2472276968373516,-0.18956400508897223,-0.21884683823785064,-0.20879942136857804,3.2271094574302454e-16,0.0038218495999859836,3.5,300000.0,0.019472303206997086,9.0,1.0,1.0,0.0,0.1,30.0,0.346,0.022,0.007,1.0,1.0,True,FlowControlLab_NACA0018_quasi_steady_pressure,0.85
0.25932660326889856,0.22734437731436383,0.2606445849659313,0.19152118611392158,0.24722769683735676,0.1895640050889689,0.21884683823785184,0.20879942136857782,-0.25932660326889784,-0.22734437731436563,-0.2606445849659272,-0.1915211861139278,-0.2472276968373516,-0.18956400508897223,-0.21884683823785064,-0.20879942136857804,3.2271094574302454e-16,0.0038218495999859836,4.0,300000.0,0.019495626822157434,9.0,1.0,1.0,0.0,0.1,30.0,0.393,0.023,0.009,1.0,1.0,True,FlowControlLab_NACA0018_quasi_steady_pressure,0.85
0.25932660326889856,0.22734437731436383,0.2606445849659313,0.19152118611392158,0.24722769683735676,0.1895640050889689,0.21884683823785184,0.20879942136857782,-0.25932660326889784,-0.22734437731436563,-0.2606445849659272,-0.1915211861139278,-0.2472276968373516,-0.18956400508897223,-0.21884683823785064,-0.20879942136857804,3.2271094574302454e-16,0.0038218495999859836,4.5,300000.0,0.019495626822157434,9.0,1.0,1.0,0.0,0.1,30.0,0.444,0.024,0.01,1.0,1.0,True,FlowControlLab_NACA0018_quasi_steady_pressure,0.85
0.25932660326889856,0.22734437731436383,0.2606445849659313,0.19152118611392158,0.24722769683735676,0.1895640050889689,0.21884683823785184,0.20879942136857782,-0.25932660326889784,-0.22734437731436563,-0.2606445849659272,-0.1915211861139278,-0.2472276968373516,-0.18956400508897223,-0.21884683823785064,-0.20879942136857804,3.2271094574302454e-16,0.0038218495999859836,5.0,300000.0,0.019475218658892127,9.0,1.0,1.0,0.0,0.1,30.0,0.504,0.025,0.007,1.0,1.0,True,FlowControlLab_NACA0018_quasi_steady_pressure,0.85
0.25932660326889856,0.22734437731436383,0.2606445849659313,0.19152118611392158,0.24722769683735676,0.1895640050889689,0.21884683823785184,0.20879942136857782,-0.25932660326889784,-0.22734437731436563,-0.2606445849659272,-0.1915211861139278,-0.2472276968373516,-0.18956400508897223,-0.21884683823785064,-0.20879942136857804,3.2271094574302454e-16,0.0038218495999859836,5.5,300000.0,0.01946064139941691,9.0,1.0,1.0,0.0,0.1,30.0,0.573,0.026,0.003,1.0,1.0,True,FlowControlLab_NACA0018_quasi_steady_pressure,0.85
0.25932660326889856,0.22734437731436383,0.2606445849659313,0.19152118611392158,0.24722769683735676,0.1895640050889689,0.21884683823785184,0.20879942136857782,-0.25932660326889784,-0.22734437731436563,-0.2606445849659272,-0.1915211861139278,-0.2472276968373516,-0.18956400508897223,-0.21884683823785064,-0.20879942136857804,3.2271094574302454e-16,0.0038218495999859836,6.0,300000.0,0.019463556851311955,9.0,1.0,1.0,0.0,0.1,30.0,0.649,0.028,-0.002,1.0,1.0,True,FlowControlLab_NACA0018_quasi_steady_pressure,0.85
0.25932660326889856,0.22734437731436383,0.2606445849659313,0.19152118611392158,0.24722769683735676,0.1895640050889689,0.21884683823785184,0.20879942136857782,-0.25932660326889784,-0.22734437731436563,-0.2606445849659272,-0.1915211861139278,-0.2472276968373516,-0.18956400508897223,-0.21884683823785064,-0.20879942136857804,3.2271094574302454e-16,0.0038218495999859836,6.5,300000.0,0.019466472303206996,9.0,1.0,1.0,0.0,0.1,30.0,0.723,0.029,-0.006,1.0,1.0,True,FlowControlLab_NACA0018_quasi_steady_pressure,0.85
0.25932660326889856,0.22734437731436383,0.2606445849659313,0.19152118611392158,0.24722769683735676,0.1895640050889689,0.21884683823785184,0.20879942136857782,-0.25932660326889784,-0.22734437731436563,-0.2606445849659272,-0.1915211861139278,-0.2472276968373516,-0.18956400508897223,-0.21884683823785064,-0.20879942136857804,3.2271094574302454e-16,0.0038218495999859836,7.0,300000.0,0.01946064139941691,9.0,1.0,1.0,0.0,0.1,30.0,0.787,0.03,-0.01,1.0,1.0,True,FlowControlLab_NACA0018_quasi_steady_pressure,0.85
0.25932660326889856,0.22734437731436383,0.2606445849659313,0.19152118611392158,0.24722769683735676,0.1895640050889689,0.21884683823785184,0.20879942136857782,-0.25932660326889784,-0.22734437731436563,-0.2606445849659272,-0.1915211861139278,-0.2472276968373516,-0.18956400508897223,-0.21884683823785064,-0.20879942136857804,3.2271094574302454e-16,0.0038218495999859836,7.5,300000.0,0.01945189504373178,9.0,1.0,1.0,0.0,0.1,30.0,0.837,0.031,-0.01,1.0,1.0,True,FlowControlLab_NACA0018_quasi_steady_pressure,0.85
0.25932660326889856,0.22734437731436383,0.2606445849659313,0.19152118611392158,0.24722769683735676,0.1895640050889689,0.21884683823785184,0.20879942136857782,-0.25932660326889784,-0.22734437731436563,-0.2606445849659272,-0.1915211861139278,-0.2472276968373516,-0.18956400508897223,-0.21884683823785064,-0.20879942136857804,3.2271094574302454e-16,0.0038218495999859836,8.0,300000.0,0.01945772594752187,9.0,1.0,1.0,0.0,0.1,30.0,0.873,0.031,-0.007,1.0,1.0,True,FlowControlLab_NACA0018_quasi_steady_pressure,0.85
0.25932660326889856,0.22734437731436383,0.2606445849659313,0.19152118611392158,0.24722769683735676,0.1895640050889689,0.21884683823785184,0.20879942136857782,-0.25932660326889784,-0.22734437731436563,-0.2606445849659272,-0.1915211861139278,-0.2472276968373516,-0.18956400508897223,-0.21884683823785064,-0.20879942136857804,3.2271094574302454e-16,0.0038218495999859836,8.5,300000.0,0.019472303206997086,9.0,1.0,1.0,0.0,0.1,30.0,0.896,0.032,-0.002,1.0,1.0,True,FlowControlLab_NACA0018_quasi_steady_pressure,0.85
0.25932660326889856,0.22734437731436383,0.2606445849659313,0.19152118611392158,0.24722769683735676,0.1895640050889689,0.21884683823785184,0.20879942136857782,-0.25932660326889784,-0.22734437731436563,-0.2606445849659272,-0.1915211861139278,-0.2472276968373516,-0.18956400508897223,-0.21884683823785064,-0.20879942136857804,3.2271094574302454e-16,0.0038218495999859836,9.0,300000.0,0.019478134110787172,9.0,1.0,1.0,0.0,0.1,30.0,0.915,0.032,0.004,1.0,1.0,True,FlowControlLab_NACA0018_quasi_steady_pressure,0.85
0.25932660326889856,0.22734437731436383,0.2606445849659313,0.19152118611392158,0.24722769683735676,0.1895640050889689,0.21884683823785184,0.20879942136857782,-0.25932660326889784,-0.22734437731436563,-0.2606445849659272,-0.1915211861139278,-0.2472276968373516,-0.18956400508897223,-0.21884683823785064,-0.20879942136857804,3.2271094574302454e-16,0.0038218495999859836,9.5,300000.0,0.01948396501457726,9.0,1.0,1.0,0.0,0.1,30.0,0.938,0.033,0.009,1.0,1.0,True,FlowControlLab_NACA0018_quasi_steady_pressure,0.85
0.25932660326889856,0.22734437731436383,0.2606445849659313,0.19152118611392158,0.24722769683735676,0.1895640050889689,0.21884683823785184,0.20879942136857782,-0.25932660326889784,-0.22734437731436563,-0.2606445849659272,-0.1915211861139278,-0.2472276968373516,-0.18956400508897223,-0.21884683823785064,-0.20879942136857804,3.2271094574302454e-16,0.0038218495999859836,10.0,300000.0,0.019498542274052476,9.0,1.0,1.0,0.0,0.1,30.0,0.966,0.034,0.013,1.0,1.0,True,FlowControlLab_NACA0018_quasi_steady_pressure,0.85
0.25932660326889856,0.22734437731436383,0.2606445849659313,0.19152118611392158,0.24722769683735676,0.1895640050889689,0.21884683823785184,0.20879942136857782,-0.25932660326889784,-0.22734437731436563,-0.2606445849659272,-0.1915211861139278,-0.2472276968373516,-0.18956400508897223,-0.21884683823785064,-0.20879942136857804,3.2271094574302454e-16,0.0038218495999859836,10.5,300000.0,0.01950728862973761,9.0,1.0,1.0,0.0,0.1,30.0,0.994,0.036,0.016,1.0,1.0,True,FlowControlLab_NACA0018_quasi_steady_pressure,0.85
0.25932660326889856,0.22734437731436383,0.2606445849659313,0.19152118611392158,0.24722769683735676,0.1895640050889689,0.21884683823785184,0.20879942136857782,-0.25932660326889784,-0.22734437731436563,-0.2606445849659272,-0.1915211861139278,-0.2472276968373516,-0.18956400508897223,-0.21884683823785064,-0.20879942136857804,3.2271094574302454e-16,0.0038218495999859836,11.0,300000.0,0.019489795918367345,9.0,1.0,1.0,0.0,0.1,30.0,1.021,0.037,0.019,1.0,1.0,True,FlowControlLab_NACA0018_quasi_steady_pressure,0.85
0.25932660326889856,0.22734437731436383,0.2606445849659313,0.19152118611392158,0.24722769683735676,0.1895640050889689,0.21884683823785184,0.20879942136857782,-0.25932660326889784,-0.22734437731436563,-0.2606445849659272,-0.1915211861139278,-0.2472276968373516,-0.18956400508897223,-0.21884683823785064,-0.20879942136857804,3.2271094574302454e-16,0.0038218495999859836,11.5,300000.0,0.01946938775510204,9.0,1.0,1.0,0.0,0.1,30.0,1.049,0.039,0.021,1.0,1.0,True,FlowControlLab_NACA0018_quasi_steady_pressure,0.85
0.25932660326889856,0.22734437731436383,0.2606445849659313,0.19152118611392158,0.24722769683735676,0.1895640050889689,0.21884683823785184,0.20879942136857782,-0.25932660326889784,-0.22734437731436563,-0.2606445849659272,-0.1915211861139278,-0.2472276968373516,-0.18956400508897223,-0.21884683823785064,-0.20879942136857804,3.2271094574302454e-16,0.0038218495999859836,12.0,300000.0,0.019472303206997086,9.0,1.0,1.0,0.0,0.1,30.0,1.075,0.042,0.024,1.0,1.0,True,FlowControlLab_NACA0018_quasi_steady_pressure,0.85
0.25932660326889856,0.22734437731436383,0.2606445849659313,0.19152118611392158,0.24722769683735676,0.1895640050889689,0.21884683823785184,0.20879942136857782,-0.25932660326889784,-0.22734437731436563,-0.2606445849659272,-0.1915211861139278,-0.2472276968373516,-0.18956400508897223,-0.21884683823785064,-0.20879942136857804,3.2271094574302454e-16,0.0038218495999859836,12.5,300000.0,0.019478134110787172,9.0,1.0,1.0,0.0,0.1,30.0,1.09,0.045,0.028,1.0,1.0,True,FlowControlLab_NACA0018_quasi_steady_pressure,0.85
0.25932660326889856,0.22734437731436383,0.2606445849659313,0.19152118611392158,0.24722769683735676,0.1895640050889689,0.21884683823785184,0.20879942136857782,-0.25932660326889784,-0.22734437731436563,-0.2606445849659272,-0.1915211861139278,-0.2472276968373516,-0.18956400508897223,-0.21884683823785064,-0.20879942136857804,3.2271094574302454e-16,0.0038218495999859836,13.0,300000.0,0.01946938775510204,9.0,1.0,1.0,0.0,0.1,30.0,1.093,0.049,0.032,1.0,1.0,True,FlowControlLab_NACA0018_quasi_steady_pressure,0.85
0.25932660326889856,0.22734437731436383,0.2606445849659313,0.19152118611392158,0.24722769683735676,0.1895640050889689,0.21884683823785184,0.20879942136857782,-0.25932660326889784,-0.22734437731436563,-0.2606445849659272,-0.1915211861139278,-0.2472276968373516,-0.18956400508897223,-0.21884683823785064,-0.20879942136857804,3.2271094574302454e-16,0.0038218495999859836,13.5,300000.0,0.01946938775510204,9.0,1.0,1.0,0.0,0.1,30.0,1.099,0.054,0.033,1.0,1.0,True,FlowControlLab_NACA0018_quasi_steady_pressure,0.85
0.25932660326889856,0.22734437731436383,0.2606445849659313,0.19152118611392158,0.24722769683735676,0.1895640050889689,0.21884683823785184,0.20879942136857782,-0.25932660326889784,-0.22734437731436563,-0.2606445849659272,-0.1915211861139278,-0.2472276968373516,-0.18956400508897223,-0.21884683823785064,-0.20879942136857804,3.2271094574302454e-16,0.0038218495999859836,14.0,300000.0,0.019466472303206996,9.0,1.0,1.0,0.0,0.1,30.0,1.115,0.06,0.033,1.0,1.0,True,FlowControlLab_NACA0018_quasi_steady_pressure,0.85
0.25932660326889856,0.22734437731436383,0.2606445849659313,0.19152118611392158,0.24722769683735676,0.1895640050889689,0.21884683823785184,0.20879942136857782,-0.25932660326889784,-0.22734437731436563,-0.2606445849659272,-0.1915211861139278,-0.2472276968373516,-0.18956400508897223,-0.21884683823785064,-0.20879942136857804,3.2271094574302454e-16,0.0038218495999859836,14.5,300000.0,0.01944606413994169,9.0,1.0,1.0,0.0,0.1,30.0,1.127,0.068,0.031,1.0,1.0,True,FlowControlLab_NACA0018_quasi_steady_pressure,0.85
0.25932660326889856,0.22734437731436383,0.2606445849659313,0.19152118611392158,0.24722769683735676,0.1895640050889689,0.21884683823785184,0.20879942136857782,-0.25932660326889784,-0.22734437731436563,-0.2606445849659272,-0.1915211861139278,-0.2472276968373516,-0.18956400508897223,-0.21884683823785064,-0.20879942136857804,3.2271094574302454e-16,0.0038218495999859836,15.0,300000.0,0.019448979591836734,9.0,1.0,1.0,0.0,0.1,30.0,1.122,0.074,0.029,1.0,1.0,True,FlowControlLab_NACA0018_quasi_steady_pressure,0.85
0.25932660326889856,0.22734437731436383,0.2606445849659313,0.19152118611392158,0.24722769683735676,0.1895640050889689,0.21884683823785184,0.20879942136857782,-0.25932660326889784,-0.22734437731436563,-0.2606445849659272,-0.1915211861139278,-0.2472276968373516,-0.18956400508897223,-0.21884683823785064,-0.20879942136857804,3.2271094574302454e-16,0.0038218495999859836,15.5,300000.0,0.019463556851311955,9.0,1.0,1.0,0.0,0.1,30.0,1.101,0.078,0.027,1.0,1.0,True,FlowControlLab_NACA0018_quasi_steady_pressure,0.85
0.25932660326889856,0.22734437731436383,0.2606445849659313,0.19152118611392158,0.24722769683735676,0.1895640050889689,0.21884683823785184,0.20879942136857782,-0.25932660326889784,-0.22734437731436563,-0.2606445849659272,-0.1915211861139278,-0.2472276968373516,-0.18956400508897223,-0.21884683823785064,-0.20879942136857804,3.2271094574302454e-16,0.0038218495999859836,16.0,300000.0,0.019478134110787172,9.0,1.0,1.0,0.0,0.1,30.0,1.075,0.081,0.026,1.0,1.0,True,FlowControlLab_NACA0018_quasi_steady_pressure,0.85
0.25932660326889856,0.22734437731436383,0.2606445849659313,0.19152118611392158,0.24722769683735676,0.1895640050889689,0.21884683823785184,0.20879942136857782,-0.25932660326889784,-0.22734437731436563,-0.2606445849659272,-0.1915211861139278,-0.2472276968373516,-0.18956400508897223,-0.21884683823785064,-0.20879942136857804,3.2271094574302454e-16,0.0038218495999859836,16.5,300000.0,0.019475218658892127,9.0,1.0,1.0,0.0,0.1,30.0,1.057,0.083,0.024,1.0,1.0,True,FlowControlLab_NACA0018_quasi_steady_pressure,0.85
0.25932660326889856,0.22734437731436383,0.2606445849659313,0.19152118611392158,0.24722769683735676,0.1895640050889689,0.21884683823785184,0.20879942136857782,-0.25932660326889784,-0.22734437731436563,-0.2606445849659272,-0.1915211861139278,-0.2472276968373516,-0.18956400508897223,-0.21884683823785064,-0.20879942136857804,3.2271094574302454e-16,0.0038218495999859836,17.0,300000.0,0.019466472303206996,9.0,1.0,1.0,0.0,0.1,30.0,1.049,0.09,0.021,1.0,1.0,True,FlowControlLab_NACA0018_quasi_steady_pressure,0.85
0.25932660326889856,0.22734437731436383,0.2606445849659313,0.19152118611392158,0.24722769683735676,0.1895640050889689,0.21884683823785184,0.20879942136857782,-0.25932660326889784,-0.22734437731436563,-0.2606445849659272,-0.1915211861139278,-0.2472276968373516,-0.18956400508897223,-0.21884683823785064,-0.20879942136857804,3.2271094574302454e-16,0.0038218495999859836,17.5,300000.0,0.019481049562682217,9.0,1.0,1.0,0.0,0.1,30.0,1.043,0.098,0.018,1.0,1.0,True,FlowControlLab_NACA0018_quasi_steady_pressure,0.85
0.25932660326889856,0.22734437731436383,0.2606445849659313,0.19152118611392158,0.24722769683735676,0.1895640050889689,0.21884683823785184,0.20879942136857782,-0.25932660326889784,-0.22734437731436563,-0.2606445849659272,-0.1915211861139278,-0.2472276968373516,-0.18956400508897223,-0.21884683823785064,-0.20879942136857804,3.2271094574302454e-16,0.0038218495999859836,18.0,300000.0,0.01949271137026239,9.0,1.0,1.0,0.0,0.1,30.0,1.035,0.108,0.013,1.0,1.0,True,FlowControlLab_NACA0018_quasi_steady_pressure,0.85
0.25932660326889856,0.22734437731436383,0.2606445849659313,0.19152118611392158,0.24722769683735676,0.1895640050889689,0.21884683823785184,0.20879942136857782,-0.25932660326889784,-0.22734437731436563,-0.2606445849659272,-0.1915211861139278,-0.2472276968373516,-0.18956400508897223,-0.21884683823785064,-0.20879942136857804,3.2271094574302454e-16,0.0038218495999859836,18.5,300000.0,0.019486880466472303,9.0,1.0,1.0,0.0,0.1,30.0,1.024,0.118,0.009,1.0,1.0,True,FlowControlLab_NACA0018_quasi_steady_pressure,0.85
0.25932660326889856,0.22734437731436383,0.2606445849659313,0.19152118611392158,0.24722769683735676,0.1895640050889689,0.21884683823785184,0.20879942136857782,-0.25932660326889784,-0.22734437731436563,-0.2606445849659272,-0.1915211861139278,-0.2472276968373516,-0.18956400508897223,-0.21884683823785064,-0.20879942136857804,3.2271094574302454e-16,0.0038218495999859836,19.0,300000.0,0.019475218658892127,9.0,1.0,1.0,0.0,0.1,30.0,1.021,0.134,0.002,1.0,1.0,True,FlowControlLab_NACA0018_quasi_steady_pressure,0.85
0.25932660326889856,0.22734437731436383,0.2606445849659313,0.19152118611392158,0.24722769683735676,0.1895640050889689,0.21884683823785184,0.20879942136857782,-0.25932660326889784,-0.22734437731436563,-0.2606445849659272,-0.1915211861139278,-0.2472276968373516,-0.18956400508897223,-0.21884683823785064,-0.20879942136857804,3.2271094574302454e-16,0.0038218495999859836,19.5,300000.0,0.01948396501457726,9.0,1.0,1.0,0.0,0.1,30.0,1.021,0.153,-0.006,1.0,1.0,True,FlowControlLab_NACA0018_quasi_steady_pressure,0.85
0.25932660326889856,0.22734437731436383,0.2606445849659313,0.19152118611392158,0.24722769683735676,0.1895640050889689,0.21884683823785184,0.20879942136857782,-0.25932660326889784,-0.22734437731436563,-0.2606445849659272,-0.1915211861139278,-0.2472276968373516,-0.18956400508897223,-0.21884683823785064,-0.20879942136857804,3.2271094574302454e-16,0.0038218495999859836,20.0,300000.0,0.019489795918367345,9.0,1.0,1.0,0.0,0.1,30.0,0.999,0.188,-0.021,1.0,1.0,True,FlowControlLab_NACA0018_quasi_steady_pressure,0.85
0.25932660326889856,0.22734437731436383,0.2606445849659313,0.19152118611392158,0.24722769683735676,0.1895640050889689,0.21884683823785184,0.20879942136857782,-0.25932660326889784,-0.22734437731436563,-0.2606445849659272,-0.1915211861139278,-0.2472276968373516,-0.18956400508897223,-0.21884683823785064,-0.20879942136857804,3.2271094574302454e-16,0.0038218495999859836,20.5,300000.0,0.019489795918367345,9.0,1.0,1.0,0.0,0.1,30.0,0.822,0.287,-0.056,1.0,1.0,True,FlowControlLab_NACA0018_quasi_steady_pressure,0.85
0.25932660326889856,0.22734437731436383,0.2606445849659313,0.19152118611392158,0.24722769683735676,0.1895640050889689,0.21884683823785184,0.20879942136857782,-0.25932660326889784,-0.22734437731436563,-0.2606445849659272,-0.1915211861139278,-0.2472276968373516,-0.18956400508897223,-0.21884683823785064,-0.20879942136857804,3.2271094574302454e-16,0.0038218495999859836,21.0,300000.0,0.019486880466472303,9.0,1.0,1.0,0.0,0.1,30.0,0.676,0.367,-0.083,1.0,1.0,True,FlowControlLab_NACA0018_quasi_steady_pressure,0.85
0.25932660326889856,0.22734437731436383,0.2606445849659313,0.19152118611392158,0.24722769683735676,0.1895640050889689,0.21884683823785184,0.20879942136857782,-0.25932660326889784,-0.22734437731436563,-0.2606445849659272,-0.1915211861139278,-0.2472276968373516,-0.18956400508897223,-0.21884683823785064,-0.20879942136857804,3.2271094574302454e-16,0.0038218495999859836,21.5,300000.0,0.01948396501457726,9.0,1.0,1.0,0.0,0.1,30.0,0.707,0.387,-0.089,1.0,1.0,True,FlowControlLab_NACA0018_quasi_steady_pressure,0.85
0.25932660326889856,0.22734437731436383,0.2606445849659313,0.19152118611392158,0.24722769683735676,0.1895640050889689,0.21884683823785184,0.20879942136857782,-0.25932660326889784,-0.22734437731436563,-0.2606445849659272,-0.1915211861139278,-0.2472276968373516,-0.18956400508897223,-0.21884683823785064,-0.20879942136857804,3.2271094574302454e-16,0.0038218495999859836,22.0,300000.0,0.019495626822157434,9.0,1.0,1.0,0.0,0.1,30.0,0.711,0.396,-0.09,1.0,1.0,True,FlowControlLab_NACA0018_quasi_steady_pressure,0.85
0.25932660326889856,0.22734437731436383,0.2606445849659313,0.19152118611392158,0.24722769683735676,0.1895640050889689,0.21884683823785184,0.20879942136857782,-0.25932660326889784,-0.22734437731436563,-0.2606445849659272,-0.1915211861139278,-0.2472276968373516,-0.18956400508897223,-0.21884683823785064,-0.20879942136857804,3.2271094574302454e-16,0.0038218495999859836,22.5,300000.0,0.01950145772594752,9.0,1.0,1.0,0.0,0.1,30.0,0.706,0.402,-0.089,1.0,1.0,True,FlowControlLab_NACA0018_quasi_steady_pressure,0.85
0.25932660326889856,0.22734437731436383,0.2606445849659313,0.19152118611392158,0.24722769683735676,0.1895640050889689,0.21884683823785184,0.20879942136857782,-0.25932660326889784,-0.22734437731436563,-0.2606445849659272,-0.1915211861139278,-0.2472276968373516,-0.18956400508897223,-0.21884683823785064,-0.20879942136857804,3.2271094574302454e-16,0.0038218495999859836,23.0,300000.0,0.019513119533527697,9.0,1.0,1.0,0.0,0.1,30.0,0.733,0.42,-0.094,1.0,1.0,True,FlowControlLab_NACA0018_quasi_steady_pressure,0.85
0.25932660326889856,0.22734437731436383,0.2606445849659313,0.19152118611392158,0.24722769683735676,0.1895640050889689,0.21884683823785184,0.20879942136857782,-0.25932660326889784,-0.22734437731436563,-0.2606445849659272,-0.1915211861139278,-0.2472276968373516,-0.18956400508897223,-0.21884683823785064,-0.20879942136857804,3.2271094574302454e-16,0.0038218495999859836,23.5,300000.0,0.01950728862973761,9.0,1.0,1.0,0.0,0.1,30.0,0.761,0.439,-0.099,1.0,1.0,True,FlowControlLab_NACA0018_quasi_steady_pressure,0.85
0.25932660326889856,0.22734437731436383,0.2606445849659313,0.19152118611392158,0.24722769683735676,0.1895640050889689,0.21884683823785184,0.20879942136857782,-0.25932660326889784,-0.22734437731436563,-0.2606445849659272,-0.1915211861139278,-0.2472276968373516,-0.18956400508897223,-0.21884683823785064,-0.20879942136857804,3.2271094574302454e-16,0.0038218495999859836,24.0,300000.0,0.019481049562682217,9.0,1.0,1.0,0.0,0.1,30.0,0.784,0.456,-0.104,1.0,1.0,True,FlowControlLab_NACA0018_quasi_steady_pressure,0.85
0.25932660326889856,0.22734437731436383,0.2606445849659313,0.19152118611392158,0.24722769683735676,0.1895640050889689,0.21884683823785184,0.20879942136857782,-0.25932660326889784,-0.22734437731436563,-0.2606445849659272,-0.1915211861139278,-0.2472276968373516,-0.18956400508897223,-0.21884683823785064,-0.20879942136857804,3.2271094574302454e-16,0.0038218495999859836,24.5,300000.0,0.019486880466472303,9.0,1.0,1.0,0.0,0.1,30.0,0.805,0.474,-0.11,1.0,1.0,True,FlowControlLab_NACA0018_quasi_steady_pressure,0.85
0.25932660326889856,0.22734437731436383,0.2606445849659313,0.19152118611392158,0.24722769683735676,0.1895640050889689,0.21884683823785184,0.20879942136857782,-0.25932660326889784,-0.22734437731436563,-0.2606445849659272,-0.1915211861139278,-0.2472276968373516,-0.18956400508897223,-0.21884683823785064,-0.20879942136857804,3.2271094574302454e-16,0.0038218495999859836,25.0,300000.0,0.01949271137026239,9.0,1.0,1.0,0.0,0.1,30.0,0.82,0.489,-0.113,1.0,1.0,True,FlowControlLab_NACA0018_quasi_steady_pressure,0.85
0.25932660326889856,0.22734437731436383,0.2606445849659313,0.19152118611392158,0.24722769683735676,0.1895640050889689,0.21884683823785184,0.20879942136857782,-0.25932660326889784,-0.22734437731436563,-0.2606445849659272,-0.1915211861139278,-0.2472276968373516,-0.18956400508897223,-0.21884683823785064,-0.20879942136857804,3.2271094574302454e-16,0.0038218495999859836,25.5,300000.0,0.01949271137026239,9.0,1.0,1.0,0.0,0.1,30.0,0.831,0.504,-0.115,1.0,1.0,True,FlowControlLab_NACA0018_quasi_steady_pressure,0.85
0.25932660326889856,0.22734437731436383,0.2606445849659313,0.19152118611392158,0.24722769683735676,0.1895640050889689,0.21884683823785184,0.20879942136857782,-0.25932660326889784,-0.22734437731436563,-0.2606445849659272,-0.1915211861139278,-0.2472276968373516,-0.18956400508897223,-0.21884683823785064,-0.20879942136857804,3.2271094574302454e-16,0.0038218495999859836,26.0,300000.0,0.019495626822157434,9.0,1.0,1.0,0.0,0.1,30.0,0.849,0.521,-0.119,1.0,1.0,True,FlowControlLab_NACA0018_quasi_steady_pressure,0.85
0.25932660326889856,0.22734437731436383,0.2606445849659313,0.19152118611392158,0.24722769683735676,0.1895640050889689,0.21884683823785184,0.20879942136857782,-0.25932660326889784,-0.22734437731436563,-0.2606445849659272,-0.1915211861139278,-0.2472276968373516,-0.18956400508897223,-0.21884683823785064,-0.20879942136857804,3.2271094574302454e-16,0.0038218495999859836,26.5,300000.0,0.019504373177842566,9.0,1.0,1.0,0.0,0.1,30.0,0.874,0.541,-0.125,1.0,1.0,True,FlowControlLab_NACA0018_quasi_steady_pressure,0.85
0.25932660326889856,0.22734437731436383,0.2606445849659313,0.19152118611392158,0.24722769683735676,0.1895640050889689,0.21884683823785184,0.20879942136857782,-0.25932660326889784,-0.22734437731436563,-0.2606445849659272,-0.1915211861139278,-0.2472276968373516,-0.18956400508897223,-0.21884683823785064,-0.20879942136857804,3.2271094574302454e-16,0.0038218495999859836,27.0,300000.0,0.01950728862973761,9.0,1.0,1.0,0.0,0.1,30.0,0.91,0.568,-0.133,1.0,1.0,True,FlowControlLab_NACA0018_quasi_steady_pressure,0.85
0.25932660326889856,0.22734437731436383,0.2606445849659313,0.19152118611392158,0.24722769683735676,0.1895640050889689,0.21884683823785184,0.20879942136857782,-0.25932660326889784,-0.22734437731436563,-0.2606445849659272,-0.1915211861139278,-0.2472276968373516,-0.18956400508897223,-0.21884683823785064,-0.20879942136857804,3.2271094574302454e-16,0.0038218495999859836,27.5,300000.0,0.01950145772594752,9.0,1.0,1.0,0.0,0.1,30.0,0.937,0.591,-0.14,1.0,1.0,True,FlowControlLab_NACA0018_quasi_steady_pressure,0.85
0.25932660326889856,0.22734437731436383,0.2606445849659313,0.19152118611392158,0.24722769683735676,0.1895640050889689,0.21884683823785184,0.20879942136857782,-0.25932660326889784,-0.22734437731436563,-0.2606445849659272,-0.1915211861139278,-0.2472276968373516,-0.18956400508897223,-0.21884683823785064,-0.20879942136857804,3.2271094574302454e-16,0.0038218495999859836,28.0,300000.0,0.019504373177842566,9.0,1.0,1.0,0.0,0.1,30.0,0.961,0.613,-0.147,1.0,1.0,True,FlowControlLab_NACA0018_quasi_steady_pressure,0.85
0.25932660326889856,0.22734437731436383,0.2606445849659313,0.19152118611392158,0.24722769683735676,0.1895640050889689,0.21884683823785184,0.20879942136857782,-0.25932660326889784,-0.22734437731436563,-0.2606445849659272,-0.1915211861139278,-0.2472276968373516,-0.18956400508897223,-0.21884683823785064,-0.20879942136857804,3.2271094574302454e-16,0.0038218495999859836,28.5,300000.0,0.01950728862973761,9.0,1.0,1.0,0.0,0.1,30.0,0.989,0.639,-0.155,1.0,1.0,True,FlowControlLab_NACA0018_quasi_steady_pressure,0.85
0.25932660326889856,0.22734437731436383,0.2606445849659313,0.19152118611392158,0.24722769683735676,0.1895640050889689,0.21884683823785184,0.20879942136857782,-0.25932660326889784,-0.22734437731436563,-0.2606445849659272,-0.1915211861139278,-0.2472276968373516,-0.18956400508897223,-0.21884683823785064,-0.20879942136857804,3.2271094574302454e-16,0.0038218495999859836,29.0,300000.0,0.019495626822157434,9.0,1.0,1.0,0.0,0.1,30.0,1.008,0.66,-0.16,1.0,1.0,True,FlowControlLab_NACA0018_quasi_steady_pressure,0.85
0.25932660326889856,0.22734437731436383,0.2606445849659313,0.19152118611392158,0.24722769683735676,0.1895640050889689,0.21884683823785184,0.20879942136857782,-0.25932660326889784,-0.22734437731436563,-0.2606445849659272,-0.1915211861139278,-0.2472276968373516,-0.18956400508897223,-0.21884683823785064,-0.20879942136857804,3.2271094574302454e-16,0.0038218495999859836,29.5,300000.0,0.019475218658892127,9.0,1.0,1.0,0.0,0.1,30.0,1.034,0.685,-0.167,1.0,1.0,True,FlowControlLab_NACA0018_quasi_steady_pressure,0.85
0.25932660326889856,0.22734437731436383,0.2606445849659313,0.19152118611392158,0.24722769683735676,0.1895640050889689,0.21884683823785184,0.20879942136857782,-0.25932660326889784,-0.22734437731436563,-0.2606445849659272,-0.1915211861139278,-0.2472276968373516,-0.18956400508897223,-0.21884683823785064,-0.20879942136857804,3.2271094574302454e-16,0.0038218495999859836,30.0,300000.0,0.019489795918367345,9.0,1.0,1.0,0.0,0.1,30.0,1.05,0.706,-0.171,1.0,1.0,True,FlowControlLab_NACA0018_quasi_steady_pressure,0.85
0.25932660326889856,0.22734437731436383,0.2606445849659313,0.19152118611392158,0.24722769683735676,0.1895640050889689,0.21884683823785184,0.20879942136857782,-0.25932660326889784,-0.22734437731436563,-0.2606445849659272,-0.1915211861139278,-0.2472276968373516,-0.18956400508897223,-0.21884683823785064,-0.20879942136857804,3.2271094574302454e-16,0.0038218495999859836,30.5,300000.0,0.019510204081632655,9.0,1.0,1.0,0.0,0.1,30.0,1.082,0.735,-0.181,1.0,1.0,True,FlowControlLab_NACA0018_quasi_steady_pressure,0.85
0.25932660326889856,0.22734437731436383,0.2606445849659313,0.19152118611392158,0.24722769683735676,0.1895640050889689,0.21884683823785184,0.20879942136857782,-0.25932660326889784,-0.22734437731436563,-0.2606445849659272,-0.1915211861139278,-0.2472276968373516,-0.18956400508897223,-0.21884683823785064,-0.20879942136857804,3.2271094574302454e-16,0.0038218495999859836,31.0,300000.0,0.01950145772594752,9.0,1.0,1.0,0.0,0.1,30.0,1.116,0.766,-0.191,1.0,1.0,True,FlowControlLab_NACA0018_quasi_steady_pressure,0.85
0.25932660326889856,0.22734437731436383,0.2606445849659313,0.19152118611392158,0.24722769683735676,0.1895640050889689,0.21884683823785184,0.20879942136857782,-0.25932660326889784,-0.22734437731436563,-0.2606445849659272,-0.1915211861139278,-0.2472276968373516,-0.18956400508897223,-0.21884683823785064,-0.20879942136857804,3.2271094574302454e-16,0.0038218495999859836,31.5,300000.0,0.019481049562682217,9.0,1.0,1.0,0.0,0.1,30.0,1.129,0.787,-0.195,1.0,1.0,True,FlowControlLab_NACA0018_quasi_steady_pressure,0.85
0.25932660326889856,0.22734437731436383,0.2606445849659313,0.19152118611392158,0.24722769683735676,0.1895640050889689,0.21884683823785184,0.20879942136857782,-0.25932660326889784,-0.22734437731436563,-0.2606445849659272,-0.1915211861139278,-0.2472276968373516,-0.18956400508897223,-0.21884683823785064,-0.20879942136857804,3.2271094574302454e-16,0.0038218495999859836,32.0,300000.0,0.01949271137026239,9.0,1.0,1.0,0.0,0.1,30.0,1.15,0.812,-0.202,1.0,1.0,True,FlowControlLab_NACA0018_quasi_steady_pressure,0.85
0.25932660326889856,0.22734437731436383,0.2606445849659313,0.19152118611392158,0.24722769683735676,0.1895640050889689,0.21884683823785184,0.20879942136857782,-0.25932660326889784,-0.22734437731436563,-0.2606445849659272,-0.1915211861139278,-0.2472276968373516,-0.18956400508897223,-0.21884683823785064,-0.20879942136857804,3.2271094574302454e-16,0.0038218495999859836,-2.0,300000.0,0.019472303206997086,9.0,1.0,1.0,0.0,0.1,30.0,-0.199,0.021,-0.002,1.0,1.0,True,FlowControlLab_NACA0018_quasi_steady_pressure,0.85
0.25932660326889856,0.22734437731436383,0.2606445849659313,0.19152118611392158,0.24722769683735676,0.1895640050889689,0.21884683823785184,0.20879942136857782,-0.25932660326889784,-0.22734437731436563,-0.2606445849659272,-0.1915211861139278,-0.2472276968373516,-0.18956400508897223,-0.21884683823785064,-0.20879942136857804,3.2271094574302454e-16,0.0038218495999859836,-1.5,300000.0,0.019475218658892127,9.0,1.0,1.0,0.0,0.1,30.0,-0.144,0.02,-0.002,1.0,1.0,True,FlowControlLab_NACA0018_quasi_steady_pressure,0.85
0.25932660326889856,0.22734437731436383,0.2606445849659313,0.19152118611392158,0.24722769683735676,0.1895640050889689,0.21884683823785184,0.20879942136857782,-0.25932660326889784,-0.22734437731436563,-0.2606445849659272,-0.1915211861139278,-0.2472276968373516,-0.18956400508897223,-0.21884683823785064,-0.20879942136857804,3.2271094574302454e-16,0.0038218495999859836,-1.0,300000.0,0.019478134110787172,9.0,1.0,1.0,0.0,0.1,30.0,-0.089,0.02,-0.003,1.0,1.0,True,FlowControlLab_NACA0018_quasi_steady_pressure,0.85
0.25932660326889856,0.22734437731436383,0.2606445849659313,0.19152118611392158,0.24722769683735676,0.1895640050889689,0.21884683823785184,0.20879942136857782,-0.25932660326889784,-0.22734437731436563,-0.2606445849659272,-0.1915211861139278,-0.2472276968373516,-0.18956400508897223,-0.21884683823785064,-0.20879942136857804,3.2271094574302454e-16,0.0038218495999859836,-0.5,300000.0,0.019472303206997086,9.0,1.0,1.0,0.0,0.1,30.0,-0.037,0.019,-0.003,1.0,1.0,True,FlowControlLab_NACA0018_quasi_steady_pressure,0.85
0.25932660326889856,0.22734437731436383,0.2606445849659313,0.19152118611392158,0.24722769683735676,0.1895640050889689,0.21884683823785184,0.20879942136857782,-0.25932660326889784,-0.22734437731436563,-0.2606445849659272,-0.1915211861139278,-0.2472276968373516,-0.18956400508897223,-0.21884683823785064,-0.20879942136857804,3.2271094574302454e-16,0.0038218495999859836,0.0,300000.0,0.01946064139941691,9.0,1.0,1.0,0.0,0.1,30.0,0.013,0.019,-0.001,1.0,1.0,True,FlowControlLab_NACA0018_quasi_steady_pressure,0.85
0.25932660326889856,0.22734437731436383,0.2606445849659313,0.19152118611392158,0.24722769683735676,0.1895640050889689,0.21884683823785184,0.20879942136857782,-0.25932660326889784,-0.22734437731436563,-0.2606445849659272,-0.1915211861139278,-0.2472276968373516,-0.18956400508897223,-0.21884683823785064,-0.20879942136857804,3.2271094574302454e-16,0.0038218495999859836,0.5,300000.0,0.01945189504373178,9.0,1.0,1.0,0.0,0.1,30.0,0.063,0.02,-0.0,1.0,1.0,True,FlowControlLab_NACA0018_quasi_steady_pressure,0.85
0.25932660326889856,0.22734437731436383,0.2606445849659313,0.19152118611392158,0.24722769683735676,0.1895640050889689,0.21884683823785184,0.20879942136857782,-0.25932660326889784,-0.22734437731436563,-0.2606445849659272,-0.1915211861139278,-0.2472276968373516,-0.18956400508897223,-0.21884683823785064,-0.20879942136857804,3.2271094574302454e-16,0.0038218495999859836,1.0,300000.0,0.019475218658892127,9.0,1.0,1.0,0.0,0.1,30.0,0.112,0.02,0.0,1.0,1.0,True,FlowControlLab_NACA0018_quasi_steady_pressure,0.85
0.25932660326889856,0.22734437731436383,0.2606445849659313,0.19152118611392158,0.24722769683735676,0.1895640050889689,0.21884683823785184,0.20879942136857782,-0.25932660326889784,-0.22734437731436563,-0.2606445849659272,-0.1915211861139278,-0.2472276968373516,-0.18956400508897223,-0.21884683823785064,-0.20879942136857804,3.2271094574302454e-16,0.0038218495999859836,1.5,300000.0,0.019478134110787172,9.0,1.0,1.0,0.0,0.1,30.0,0.161,0.02,0.001,1.0,1.0,True,FlowControlLab_NACA0018_quasi_steady_pressure,0.85
0.25932660326889856,0.22734437731436383,0.2606445849659313,0.19152118611392158,0.24722769683735676,0.1895640050889689,0.21884683823785184,0.20879942136857782,-0.25932660326889784,-0.22734437731436563,-0.2606445849659272,-0.1915211861139278,-0.2472276968373516,-0.18956400508897223,-0.21884683823785064,-0.20879942136857804,3.2271094574302454e-16,0.0038218495999859836,2.0,300000.0,0.019481049562682217,9.0,1.0,1.0,0.0,0.1,30.0,0.208,0.02,0.003,1.0,1.0,True,FlowControlLab_NACA0018_quasi_steady_pressure,0.85
0.25932660326889856,0.22734437731436383,0.2606445849659313,0.19152118611392158,0.24722769683735676,0.1895640050889689,0.21884683823785184,0.20879942136857782,-0.25932660326889784,-0.22734437731436563,-0.2606445849659272,-0.1915211861139278,-0.2472276968373516,-0.18956400508897223,-0.21884683823785064,-0.20879942136857804,3.2271094574302454e-16,0.0038218495999859836,2.5,300000.0,0.019475218658892127,9.0,1.0,1.0,0.0,0.1,30.0,0.254,0.021,0.004,1.0,1.0,True,FlowControlLab_NACA0018_quasi_steady_pressure,0.85
0.25932660326889856,0.22734437731436383,0.2606445849659313,0.19152118611392158,0.24722769683735676,0.1895640050889689,0.21884683823785184,0.20879942136857782,-0.25932660326889784,-0.22734437731436563,-0.2606445849659272,-0.1915211861139278,-0.2472276968373516,-0.18956400508897223,-0.21884683823785064,-0.20879942136857804,3.2271094574302454e-16,0.0038218495999859836,3.0,300000.0,0.01945772594752187,9.0,1.0,1.0,0.0,0.1,30.0,0.301,0.021,0.006,1.0,1.0,True,FlowControlLab_NACA0018_quasi_steady_pressure,0.85
0.25932660326889856,0.22734437731436383,0.2606445849659313,0.19152118611392158,0.24722769683735676,0.1895640050889689,0.21884683823785184,0.20879942136857782,-0.25932660326889784,-0.22734437731436563,-0.2606445849659272,-0.1915211861139278,-0.2472276968373516,-0.18956400508897223,-0.21884683823785064,-0.20879942136857804,3.2271094574302454e-16,0.0038218495999859836,3.5,300000.0,0.019472303206997086,9.0,1.0,1.0,0.0,0.1,30.0,0.349,0.022,0.008,1.0,1.0,True,FlowControlLab_NACA0018_quasi_steady_pressure,0.85
0.25932660326889856,0.22734437731436383,0.2606445849659313,0.19152118611392158,0.24722769683735676,0.1895640050889689,0.21884683823785184,0.20879942136857782,-0.25932660326889784,-0.22734437731436563,-0.2606445849659272,-0.1915211861139278,-0.2472276968373516,-0.18956400508897223,-0.21884683823785064,-0.20879942136857804,3.2271094574302454e-16,0.0038218495999859836,4.0,300000.0,0.019495626822157434,9.0,1.0,1.0,0.0,0.1,30.0,0.397,0.023,0.01,1.0,1.0,True,FlowControlLab_NACA0018_quasi_steady_pressure,0.85
0.25932660326889856,0.22734437731436383,0.2606445849659313,0.19152118611392158,0.24722769683735676,0.1895640050889689,0.21884683823785184,0.20879942136857782,-0.25932660326889784,-0.22734437731436563,-0.2606445849659272,-0.1915211861139278,-0.2472276968373516,-0.18956400508897223,-0.21884683823785064,-0.20879942136857804,3.2271094574302454e-16,0.0038218495999859836,4.5,300000.0,0.019495626822157434,9.0,1.0,1.0,0.0,0.1,30.0,0.45,0.023,0.01,1.0,1.0,True,FlowControlLab_NACA0018_quasi_steady_pressure,0.85
0.25932660326889856,0.22734437731436383,0.2606445849659313,0.19152118611392158,0.24722769683735676,0.1895640050889689,0.21884683823785184,0.20879942136857782,-0.25932660326889784,-0.22734437731436563,-0.2606445849659272,-0.1915211861139278,-0.2472276968373516,-0.18956400508897223,-0.21884683823785064,-0.20879942136857804,3.2271094574302454e-16,0.0038218495999859836,5.0,300000.0,0.019475218658892127,9.0,1.0,1.0,0.0,0.1,30.0,0.514,0.024,0.007,1.0,1.0,True,FlowControlLab_NACA0018_quasi_steady_pressure,0.85
0.25932660326889856,0.22734437731436383,0.2606445849659313,0.19152118611392158,0.24722769683735676,0.1895640050889689,0.21884683823785184,0.20879942136857782,-0.25932660326889784,-0.22734437731436563,-0.2606445849659272,-0.1915211861139278,-0.2472276968373516,-0.18956400508897223,-0.21884683823785064,-0.20879942136857804,3.2271094574302454e-16,0.0038218495999859836,5.5,300000.0,0.01946064139941691,9.0,1.0,1.0,0.0,0.1,30.0,0.584,0.026,0.003,1.0,1.0,True,FlowControlLab_NACA0018_quasi_steady_pressure,0.85
0.25932660326889856,0.22734437731436383,0.2606445849659313,0.19152118611392158,0.24722769683735676,0.1895640050889689,0.21884683823785184,0.20879942136857782,-0.25932660326889784,-0.22734437731436563,-0.2606445849659272,-0.1915211861139278,-0.2472276968373516,-0.18956400508897223,-0.21884683823785064,-0.20879942136857804,3.2271094574302454e-16,0.0038218495999859836,6.0,300000.0,0.019463556851311955,9.0,1.0,1.0,0.0,0.1,30.0,0.655,0.027,-0.003,1.0,1.0,True,FlowControlLab_NACA0018_quasi_steady_pressure,0.85
0.25932660326889856,0.22734437731436383,0.2606445849659313,0.19152118611392158,0.24722769683735676,0.1895640050889689,0.21884683823785184,0.20879942136857782,-0.25932660326889784,-0.22734437731436563,-0.2606445849659272,-0.1915211861139278,-0.2472276968373516,-0.18956400508897223,-0.21884683823785064,-0.20879942136857804,3.2271094574302454e-16,0.0038218495999859836,6.5,300000.0,0.019466472303206996,9.0,1.0,1.0,0.0,0.1,30.0,0.728,0.028,-0.007,1.0,1.0,True,FlowControlLab_NACA0018_quasi_steady_pressure,0.85
0.25932660326889856,0.22734437731436383,0.2606445849659313,0.19152118611392158,0.24722769683735676,0.1895640050889689,0.21884683823785184,0.20879942136857782,-0.25932660326889784,-0.22734437731436563,-0.2606445849659272,-0.1915211861139278,-0.2472276968373516,-0.18956400508897223,-0.21884683823785064,-0.20879942136857804,3.2271094574302454e-16,0.0038218495999859836,7.0,300000.0,0.01946064139941691,9.0,1.0,1.0,0.0,0.1,30.0,0.79,0.029,-0.01,1.0,1.0,True,FlowControlLab_NACA0018_quasi_steady_pressure,0.85
0.25932660326889856,0.22734437731436383,0.2606445849659313,0.19152118611392158,0.24722769683735676,0.1895640050889689,0.21884683823785184,0.20879942136857782,-0.25932660326889784,-0.22734437731436563,-0.2606445849659272,-0.1915211861139278,-0.2472276968373516,-0.18956400508897223,-0.21884683823785064,-0.20879942136857804,3.2271094574302454e-16,0.0038218495999859836,7.5,300000.0,0.01945189504373178,9.0,1.0,1.0,0.0,0.1,30.0,0.843,0.03,-0.01,1.0,1.0,True,FlowControlLab_NACA0018_quasi_steady_pressure,0.85
0.25932660326889856,0.22734437731436383,0.2606445849659313,0.19152118611392158,0.24722769683735676,0.1895640050889689,0.21884683823785184,0.20879942136857782,-0.25932660326889784,-0.22734437731436563,-0.2606445849659272,-0.1915211861139278,-0.2472276968373516,-0.18956400508897223,-0.21884683823785064,-0.20879942136857804,3.2271094574302454e-16,0.0038218495999859836,8.0,300000.0,0.01945772594752187,9.0,1.0,1.0,0.0,0.1,30.0,0.879,0.031,-0.006,1.0,1.0,True,FlowControlLab_NACA0018_quasi_steady_pressure,0.85
0.25932660326889856,0.22734437731436383,0.2606445849659313,0.19152118611392158,0.24722769683735676,0.1895640050889689,0.21884683823785184,0.20879942136857782,-0.25932660326889784,-0.22734437731436563,-0.2606445849659272,-0.1915211861139278,-0.2472276968373516,-0.18956400508897223,-0.21884683823785064,-0.20879942136857804,3.2271094574302454e-16,0.0038218495999859836,8.5,300000.0,0.019472303206997086,9.0,1.0,1.0,0.0,0.1,30.0,0.893,0.031,-0.001,1.0,1.0,True,FlowControlLab_NACA0018_quasi_steady_pressure,0.85
0.25932660326889856,0.22734437731436383,0.2606445849659313,0.19152118611392158,0.24722769683735676,0.1895640050889689,0.21884683823785184,0.20879942136857782,-0.25932660326889784,-0.22734437731436563,-0.2606445849659272,-0.1915211861139278,-0.2472276968373516,-0.18956400508897223,-0.21884683823785064,-0.20879942136857804,3.2271094574302454e-16,0.0038218495999859836,9.0,300000.0,0.019478134110787172,9.0,1.0,1.0,0.0,0.1,30.0,0.911,0.031,0.005,1.0,1.0,True,FlowControlLab_NACA0018_quasi_steady_pressure,0.85
0.25932660326889856,0.22734437731436383,0.2606445849659313,0.19152118611392158,0.24722769683735676,0.1895640050889689,0.21884683823785184,0.20879942136857782,-0.25932660326889784,-0.22734437731436563,-0.2606445849659272,-0.1915211861139278,-0.2472276968373516,-0.18956400508897223,-0.21884683823785064,-0.20879942136857804,3.2271094574302454e-16,0.0038218495999859836,9.5,300000.0,0.01948396501457726,9.0,1.0,1.0,0.0,0.1,30.0,0.937,0.032,0.01,1.0,1.0,True,FlowControlLab_NACA0018_quasi_steady_pressure,0.85
0.25932660326889856,0.22734437731436383,0.2606445849659313,0.19152118611392158,0.24722769683735676,0.1895640050889689,0.21884683823785184,0.20879942136857782,-0.25932660326889784,-0.22734437731436563,-0.2606445849659272,-0.1915211861139278,-0.2472276968373516,-0.18956400508897223,-0.21884683823785064,-0.20879942136857804,3.2271094574302454e-16,0.0038218495999859836,10.0,300000.0,0.019498542274052476,9.0,1.0,1.0,0.0,0.1,30.0,0.964,0.034,0.014,1.0,1.0,True,FlowControlLab_NACA0018_quasi_steady_pressure,0.85
0.25932660326889856,0.22734437731436383,0.2606445849659313,0.19152118611392158,0.24722769683735676,0.1895640050889689,0.21884683823785184,0.20879942136857782,-0.25932660326889784,-0.22734437731436563,-0.2606445849659272,-0.1915211861139278,-0.2472276968373516,-0.18956400508897223,-0.21884683823785064,-0.20879942136857804,3.2271094574302454e-16,0.0038218495999859836,10.5,300000.0,0.01950728862973761,9.0,1.0,1.0,0.0,0.1,30.0,0.995,0.035,0.017,1.0,1.0,True,FlowControlLab_NACA0018_quasi_steady_pressure,0.85
0.25932660326889856,0.22734437731436383,0.2606445849659313,0.19152118611392158,0.24722769683735676,0.1895640050889689,0.21884683823785184,0.20879942136857782,-0.25932660326889784,-0.22734437731436563,-0.2606445849659272,-0.1915211861139278,-0.2472276968373516,-0.18956400508897223,-0.21884683823785064,-0.20879942136857804,3.2271094574302454e-16,0.0038218495999859836,11.0,300000.0,0.019489795918367345,9.0,1.0,1.0,0.0,0.1,30.0,1.027,0.037,0.02,1.0,1.0,True,FlowControlLab_NACA0018_quasi_steady_pressure,0.85
0.25932660326889856,0.22734437731436383,0.2606445849659313,0.19152118611392158,0.24722769683735676,0.1895640050889689,0.21884683823785184,0.20879942136857782,-0.25932660326889784,-0.22734437731436563,-0.2606445849659272,-0.1915211861139278,-0.2472276968373516,-0.18956400508897223,-0.21884683823785064,-0.20879942136857804,3.2271094574302454e-16,0.0038218495999859836,11.5,300000.0,0.01946938775510204,9.0,1.0,1.0,0.0,0.1,30.0,1.058,0.039,0.022,1.0,1.0,True,FlowControlLab_NACA0018_quasi_steady_pressure,0.85
0.25932660326889856,0.22734437731436383,0.2606445849659313,0.19152118611392158,0.24722769683735676,0.1895640050889689,0.21884683823785184,0.20879942136857782,-0.25932660326889784,-0.22734437731436563,-0.2606445849659272,-0.1915211861139278,-0.2472276968373516,-0.18956400508897223,-0.21884683823785064,-0.20879942136857804,3.2271094574302454e-16,0.0038218495999859836,12.0,300000.0,0.019472303206997086,9.0,1.0,1.0,0.0,0.1,30.0,1.077,0.041,0.026,1.0,1.0,True,FlowControlLab_NACA0018_quasi_steady_pressure,0.85
0.25932660326889856,0.22734437731436383,0.2606445849659313,0.19152118611392158,0.24722769683735676,0.1895640050889689,0.21884683823785184,0.20879942136857782,-0.25932660326889784,-0.22734437731436563,-0.2606445849659272,-0.1915211861139278,-0.2472276968373516,-0.18956400508897223,-0.21884683823785064,-0.20879942136857804,3.2271094574302454e-16,0.0038218495999859836,12.5,300000.0,0.019478134110787172,9.0,1.0,1.0,0.0,0.1,30.0,1.082,0.044,0.03,1.0,1.0,True,FlowControlLab_NACA0018_quasi_steady_pressure,0.85
0.25932660326889856,0.22734437731436383,0.2606445849659313,0.19152118611392158,0.24722769683735676,0.1895640050889689,0.21884683823785184,0.20879942136857782,-0.25932660326889784,-0.22734437731436563,-0.2606445849659272,-0.1915211861139278,-0.2472276968373516,-0.18956400508897223,-0.21884683823785064,-0.20879942136857804,3.2271094574302454e-16,0.0038218495999859836,13.0,300000.0,0.01946938775510204,9.0,1.0,1.0,0.0,0.1,30.0,1.087,0.048,0.032,1.0,1.0,True,FlowControlLab_NACA0018_quasi_steady_pressure,0.85
0.25932660326889856,0.22734437731436383,0.2606445849659313,0.19152118611392158,0.24722769683735676,0.1895640050889689,0.21884683823785184,0.20879942136857782,-0.25932660326889784,-0.22734437731436563,-0.2606445849659272,-0.1915211861139278,-0.2472276968373516,-0.18956400508897223,-0.21884683823785064,-0.20879942136857804,3.2271094574302454e-16,0.0038218495999859836,13.5,300000.0,0.01946938775510204,9.0,1.0,1.0,0.0,0.1,30.0,1.098,0.053,0.034,1.0,1.0,True,FlowControlLab_NACA0018_quasi_steady_pressure,0.85
0.25932660326889856,0.22734437731436383,0.2606445849659313,0.19152118611392158,0.24722769683735676,0.1895640050889689,0.21884683823785184,0.20879942136857782,-0.25932660326889784,-0.22734437731436563,-0.2606445849659272,-0.1915211861139278,-0.2472276968373516,-0.18956400508897223,-0.21884683823785064,-0.20879942136857804,3.2271094574302454e-16,0.0038218495999859836,14.0,300000.0,0.019466472303206996,9.0,1.0,1.0,0.0,0.1,30.0,1.111,0.06,0.033,1.0,1.0,True,FlowControlLab_NACA0018_quasi_steady_pressure,0.85
0.25932660326889856,0.22734437731436383,0.2606445849659313,0.19152118611392158,0.24722769683735676,0.1895640050889689,0.21884683823785184,0.20879942136857782,-0.25932660326889784,-0.22734437731436563,-0.2606445849659272,-0.1915211861139278,-0.2472276968373516,-0.18956400508897223,-0.21884683823785064,-0.20879942136857804,3.2271094574302454e-16,0.0038218495999859836,14.5,300000.0,0.01944606413994169,9.0,1.0,1.0,0.0,0.1,30.0,1.115,0.067,0.032,1.0,1.0,True,FlowControlLab_NACA0018_quasi_steady_pressure,0.85
0.25932660326889856,0.22734437731436383,0.2606445849659313,0.19152118611392158,0.24722769683735676,0.1895640050889689,0.21884683823785184,0.20879942136857782,-0.25932660326889784,-0.22734437731436563,-0.2606445849659272,-0.1915211861139278,-0.2472276968373516,-0.18956400508897223,-0.21884683823785064,-0.20879942136857804,3.2271094574302454e-16,0.0038218495999859836,15.0,300000.0,0.019448979591836734,9.0,1.0,1.0,0.0,0.1,30.0,1.108,0.072,0.03,1.0,1.0,True,FlowControlLab_NACA0018_quasi_steady_pressure,0.85
0.25932660326889856,0.22734437731436383,0.2606445849659313,0.19152118611392158,0.24722769683735676,0.1895640050889689,0.21884683823785184,0.20879942136857782,-0.25932660326889784,-0.22734437731436563,-0.2606445849659272,-0.1915211861139278,-0.2472276968373516,-0.18956400508897223,-0.21884683823785064,-0.20879942136857804,3.2271094574302454e-16,0.0038218495999859836,15.5,300000.0,0.019463556851311955,9.0,1.0,1.0,0.0,0.1,30.0,0.97,0.117,0.009,1.0,1.0,True,FlowControlLab_NACA0018_quasi_steady_pressure,0.85
0.25932660326889856,0.22734437731436383,0.2606445849659313,0.19152118611392158,0.24722769683735676,0.1895640050889689,0.21884683823785184,0.20879942136857782,-0.25932660326889784,-0.22734437731436563,-0.2606445849659272,-0.1915211861139278,-0.2472276968373516,-0.18956400508897223,-0.21884683823785064,-0.20879942136857804,3.2271094574302454e-16,0.0038218495999859836,16.0,300000.0,0.019478134110787172,9.0,1.0,1.0,0.0,0.1,30.0,0.675,0.203,-0.032,1.0,1.0,True,FlowControlLab_NACA0018_quasi_steady_pressure,0.85
0.25932660326889856,0.22734437731436383,0.2606445849659313,0.19152118611392158,0.24722769683735676,0.1895640050889689,0.21884683823785184,0.20879942136857782,-0.25932660326889784,-0.22734437731436563,-0.2606445849659272,-0.1915211861139278,-0.2472276968373516,-0.18956400508897223,-0.21884683823785064,-0.20879942136857804,3.2271094574302454e-16,0.0038218495999859836,16.5,300000.0,0.019475218658892127,9.0,1.0,1.0,0.0,0.1,30.0,0.517,0.251,-0.053,1.0,1.0,True,FlowControlLab_NACA0018_quasi_steady_pressure,0.85
0.25932660326889856,0.22734437731436383,0.2606445849659313,0.19152118611392158,0.24722769683735676,0.1895640050889689,0.21884683823785184,0.20879942136857782,-0.25932660326889784,-0.22734437731436563,-0.2606445849659272,-0.1915211861139278,-0.2472276968373516,-0.18956400508897223,-0.21884683823785064,-0.20879942136857804,3.2271094574302454e-16,0.0038218495999859836,17.0,300000.0,0.019466472303206996,9.0,1.0,1.0,0.0,0.1,30.0,0.526,0.261,-0.055,1.0,1.0,True,FlowControlLab_NACA0018_quasi_steady_pressure,0.85
0.25932660326889856,0.22734437731436383,0.2606445849659313,0.19152118611392158,0.24722769683735676,0.1895640050889689,0.21884683823785184,0.20879942136857782,-0.25932660326889784,-0.22734437731436563,-0.2606445849659272,-0.1915211861139278,-0.2472276968373516,-0.18956400508897223,-0.21884683823785064,-0.20879942136857804,3.2271094574302454e-16,0.0038218495999859836,17.5,300000.0,0.019481049562682217,9.0,1.0,1.0,0.0,0.1,30.0,0.539,0.272,-0.057,1.0,1.0,True,FlowControlLab_NACA0018_quasi_steady_pressure,0.85
0.25932660326889856,0.22734437731436383,0.2606445849659313,0.19152118611392158,0.24722769683735676,0.1895640050889689,0.21884683823785184,0.20879942136857782,-0.25932660326889784,-0.22734437731436563,-0.2606445849659272,-0.1915211861139278,-0.2472276968373516,-0.18956400508897223,-0.21884683823785064,-0.20879942136857804,3.2271094574302454e-16,0.0038218495999859836,18.0,300000.0,0.01949271137026239,9.0,1.0,1.0,0.0,0.1,30.0,0.554,0.284,-0.06,1.0,1.0,True,FlowControlLab_NACA0018_quasi_steady_pressure,0.85
0.25932660326889856,0.22734437731436383,0.2606445849659313,0.19152118611392158,0.24722769683735676,0.1895640050889689,0.21884683823785184,0.20879942136857782,-0.25932660326889784,-0.22734437731436563,-0.2606445849659272,-0.1915211861139278,-0.2472276968373516,-0.18956400508897223,-0.21884683823785064,-0.20879942136857804,3.2271094574302454e-16,0.0038218495999859836,18.5,300000.0,0.019486880466472303,9.0,1.0,1.0,0.0,0.1,30.0,0.585,0.3,-0.066,1.0,1.0,True,FlowControlLab_NACA0018_quasi_steady_pressure,0.85
0.25932660326889856,0.22734437731436383,0.2606445849659313,0.19152118611392158,0.24722769683735676,0.1895640050889689,0.21884683823785184,0.20879942136857782,-0.25932660326889784,-0.22734437731436563,-0.2606445849659272,-0.1915211861139278,-0.2472276968373516,-0.18956400508897223,-0.21884683823785064,-0.20879942136857804,3.2271094574302454e-16,0.0038218495999859836,19.0,300000.0,0.019475218658892127,9.0,1.0,1.0,0.0,0.1,30.0,0.601,0.313,-0.069,1.0,1.0,True,FlowControlLab_NACA0018_quasi_steady_pressure,0.85
0.25932660326889856,0.22734437731436383,0.2606445849659313,0.19152118611392158,0.24722769683735676,0.1895640050889689,0.21884683823785184,0.20879942136857782,-0.25932660326889784,-0.22734437731436563,-0.2606445849659272,-0.1915211861139278,-0.2472276968373516,-0.18956400508897223,-0.21884683823785064,-0.20879942136857804,3.2271094574302454e-16,0.0038218495999859836,19.5,300000.0,0.01948396501457726,9.0,1.0,1.0,0.0,0.1,30.0,0.612,0.324,-0.071,1.0,1.0,True,FlowControlLab_NACA0018_quasi_steady_pressure,0.85
0.25932660326889856,0.22734437731436383,0.2606445849659313,0.19152118611392158,0.24722769683735676,0.1895640050889689,0.21884683823785184,0.20879942136857782,-0.25932660326889784,-0.22734437731436563,-0.2606445849659272,-0.1915211861139278,-0.2472276968373516,-0.18956400508897223,-0.21884683823785064,-0.20879942136857804,3.2271094574302454e-16,0.0038218495999859836,20.0,300000.0,0.019489795918367345,9.0,1.0,1.0,0.0,0.1,30.0,0.639,0.34,-0.076,1.0,1.0,True,FlowControlLab_NACA0018_quasi_steady_pressure,0.85
0.25932660326889856,0.22734437731436383,0.2606445849659313,0.19152118611392158,0.24722769683735676,0.1895640050889689,0.21884683823785184,0.20879942136857782,-0.25932660326889784,-0.22734437731436563,-0.2606445849659272,-0.1915211861139278,-0.2472276968373516,-0.18956400508897223,-0.21884683823785064,-0.20879942136857804,3.2271094574302454e-16,0.0038218495999859836,20.5,300000.0,0.019489795918367345,9.0,1.0,1.0,0.0,0.1,30.0,0.662,0.355,-0.08,1.0,1.0,True,FlowControlLab_NACA0018_quasi_steady_pressure,0.85
0.25932660326889856,0.22734437731436383,0.2606445849659313,0.19152118611392158,0.24722769683735676,0.1895640050889689,0.21884683823785184,0.20879942136857782,-0.25932660326889784,-0.22734437731436563,-0.2606445849659272,-0.1915211861139278,-0.2472276968373516,-0.18956400508897223,-0.21884683823785064,-0.20879942136857804,3.2271094574302454e-16,0.0038218495999859836,21.0,300000.0,0.019486880466472303,9.0,1.0,1.0,0.0,0.1,30.0,0.68,0.369,-0.083,1.0,1.0,True,FlowControlLab_NACA0018_quasi_steady_pressure,0.85
0.25932660326889856,0.22734437731436383,0.2606445849659313,0.19152118611392158,0.24722769683735676,0.1895640050889689,0.21884683823785184,0.20879942136857782,-0.25932660326889784,-0.22734437731436563,-0.2606445849659272,-0.1915211861139278,-0.2472276968373516,-0.18956400508897223,-0.21884683823785064,-0.20879942136857804,3.2271094574302454e-16,0.0038218495999859836,21.5,300000.0,0.01948396501457726,9.0,1.0,1.0,0.0,0.1,30.0,0.699,0.383,-0.087,1.0,1.0,True,FlowControlLab_NACA0018_quasi_steady_pressure,0.85
0.25932660326889856,0.22734437731436383,0.2606445849659313,0.19152118611392158,0.24722769683735676,0.1895640050889689,0.21884683823785184,0.20879942136857782,-0.25932660326889784,-0.22734437731436563,-0.2606445849659272,-0.1915211861139278,-0.2472276968373516,-0.18956400508897223,-0.21884683823785064,-0.20879942136857804,3.2271094574302454e-16,0.0038218495999859836,22.0,300000.0,0.019495626822157434,9.0,1.0,1.0,0.0,0.1,30.0,0.707,0.394,-0.088,1.0,1.0,True,FlowControlLab_NACA0018_quasi_steady_pressure,0.85
0.25932660326889856,0.22734437731436383,0.2606445849659313,0.19152118611392158,0.24722769683735676,0.1895640050889689,0.21884683823785184,0.20879942136857782,-0.25932660326889784,-0.22734437731436563,-0.2606445849659272,-0.1915211861139278,-0.2472276968373516,-0.18956400508897223,-0.21884683823785064,-0.20879942136857804,3.2271094574302454e-16,0.0038218495999859836,22.5,300000.0,0.01950145772594752,9.0,1.0,1.0,0.0,0.1,30.0,0.714,0.404,-0.09,1.0,1.0,True,FlowControlLab_NACA0018_quasi_steady_pressure,0.85
0.25932660326889856,0.22734437731436383,0.2606445849659313,0.19152118611392158,0.24722769683735676,0.1895640050889689,0.21884683823785184,0.20879942136857782,-0.25932660326889784,-0.22734437731436563,-0.2606445849659272,-0.1915211861139278,-0.2472276968373516,-0.18956400508897223,-0.21884683823785064,-0.20879942136857804,3.2271094574302454e-16,0.0038218495999859836,23.0,300000.0,0.019513119533527697,9.0,1.0,1.0,0.0,0.1,30.0,0.742,0.423,-0.095,1.0,1.0,True,FlowControlLab_NACA0018_quasi_steady_pressure,0.85
0.25932660326889856,0.22734437731436383,0.2606445849659313,0.19152118611392158,0.24722769683735676,0.1895640050889689,0.21884683823785184,0.20879942136857782,-0.25932660326889784,-0.22734437731436563,-0.2606445849659272,-0.1915211861139278,-0.2472276968373516,-0.18956400508897223,-0.21884683823785064,-0.20879942136857804,3.2271094574302454e-16,0.0038218495999859836,23.5,300000.0,0.01950728862973761,9.0,1.0,1.0,0.0,0.1,30.0,0.771,0.443,-0.102,1.0,1.0,True,FlowControlLab_NACA0018_quasi_steady_pressure,0.85
0.25932660326889856,0.22734437731436383,0.2606445849659313,0.19152118611392158,0.24722769683735676,0.1895640050889689,0.21884683823785184,0.20879942136857782,-0.25932660326889784,-0.22734437731436563,-0.2606445849659272,-0.1915211861139278,-0.2472276968373516,-0.18956400508897223,-0.21884683823785064,-0.20879942136857804,3.2271094574302454e-16,0.0038218495999859836,24.0,300000.0,0.019481049562682217,9.0,1.0,1.0,0.0,0.1,30.0,0.777,0.454,-0.103,1.0,1.0,True,FlowControlLab_NACA0018_quasi_steady_pressure,0.85
0.25932660326889856,0.22734437731436383,0.2606445849659313,0.19152118611392158,0.24722769683735676,0.1895640050889689,0.21884683823785184,0.20879942136857782,-0.25932660326889784,-0.22734437731436563,-0.2606445849659272,-0.1915211861139278,-0.2472276968373516,-0.18956400508897223,-0.21884683823785064,-0.20879942136857804,3.2271094574302454e-16,0.0038218495999859836,24.5,300000.0,0.019486880466472303,9.0,1.0,1.0,0.0,0.1,30.0,0.805,0.474,-0.108,1.0,1.0,True,FlowControlLab_NACA0018_quasi_steady_pressure,0.85
0.25932660326889856,0.22734437731436383,0.2606445849659313,0.19152118611392158,0.24722769683735676,0.1895640050889689,0.21884683823785184,0.20879942136857782,-0.25932660326889784,-0.22734437731436563,-0.2606445849659272,-0.1915211861139278,-0.2472276968373516,-0.18956400508897223,-0.21884683823785064,-0.20879942136857804,3.2271094574302454e-16,0.0038218495999859836,25.0,300000.0,0.01949271137026239,9.0,1.0,1.0,0.0,0.1,30.0,0.835,0.496,-0.115,1.0,1.0,True,FlowControlLab_NACA0018_quasi_steady_pressure,0.85
0.25932660326889856,0.22734437731436383,0.2606445849659313,0.19152118611392158,0.24722769683735676,0.1895640050889689,0.21884683823785184,0.20879942136857782,-0.25932660326889784,-0.22734437731436563,-0.2606445849659272,-0.1915211861139278,-0.2472276968373516,-0.18956400508897223,-0.21884683823785064,-0.20879942136857804,3.2271094574302454e-16,0.0038218495999859836,25.5,300000.0,0.01949271137026239,9.0,1.0,1.0,0.0,0.1,30.0,0.837,0.506,-0.116,1.0,1.0,True,FlowControlLab_NACA0018_quasi_steady_pressure,0.85
0.25932660326889856,0.22734437731436383,0.2606445849659313,0.19152118611392158,0.24722769683735676,0.1895640050889689,0.21884683823785184,0.20879942136857782,-0.25932660326889784,-0.22734437731436563,-0.2606445849659272,-0.1915211861139278,-0.2472276968373516,-0.18956400508897223,-0.21884683823785064,-0.20879942136857804,3.2271094574302454e-16,0.0038218495999859836,26.0,300000.0,0.019495626822157434,9.0,1.0,1.0,0.0,0.1,30.0,0.861,0.527,-0.122,1.0,1.0,True,FlowControlLab_NACA0018_quasi_steady_pressure,0.85
0.25932660326889856,0.22734437731436383,0.2606445849659313,0.19152118611392158,0.24722769683735676,0.1895640050889689,0.21884683823785184,0.20879942136857782,-0.25932660326889784,-0.22734437731436563,-0.2606445849659272,-0.1915211861139278,-0.2472276968373516,-0.18956400508897223,-0.21884683823785064,-0.20879942136857804,3.2271094574302454e-16,0.0038218495999859836,26.5,300000.0,0.019504373177842566,9.0,1.0,1.0,0.0,0.1,30.0,0.9,0.554,-0.131,1.0,1.0,True,FlowControlLab_NACA0018_quasi_steady_pressure,0.85
0.25932660326889856,0.22734437731436383,0.2606445849659313,0.19152118611392158,0.24722769683735676,0.1895640050889689,0.21884683823785184,0.20879942136857782,-0.25932660326889784,-0.22734437731436563,-0.2606445849659272,-0.1915211861139278,-0.2472276968373516,-0.18956400508897223,-0.21884683823785064,-0.20879942136857804,3.2271094574302454e-16,0.0038218495999859836,27.0,300000.0,0.01950728862973761,9.0,1.0,1.0,0.0,0.1,30.0,0.926,0.576,-0.137,1.0,1.0,True,FlowControlLab_NACA0018_quasi_steady_pressure,0.85
0.25932660326889856,0.22734437731436383,0.2606445849659313,0.19152118611392158,0.24722769683735676,0.1895640050889689,0.21884683823785184,0.20879942136857782,-0.25932660326889784,-0.22734437731436563,-0.2606445849659272,-0.1915211861139278,-0.2472276968373516,-0.18956400508897223,-0.21884683823785064,-0.20879942136857804,3.2271094574302454e-16,0.0038218495999859836,27.5,300000.0,0.01950145772594752,9.0,1.0,1.0,0.0,0.1,30.0,0.95,0.597,-0.143,1.0,1.0,True,FlowControlLab_NACA0018_quasi_steady_pressure,0.85
0.25932660326889856,0.22734437731436383,0.2606445849659313,0.19152118611392158,0.24722769683735676,0.1895640050889689,0.21884683823785184,0.20879942136857782,-0.25932660326889784,-0.22734437731436563,-0.2606445849659272,-0.1915211861139278,-0.2472276968373516,-0.18956400508897223,-0.21884683823785064,-0.20879942136857804,3.2271094574302454e-16,0.0038218495999859836,28.0,300000.0,0.019504373177842566,9.0,1.0,1.0,0.0,0.1,30.0,0.979,0.622,-0.151,1.0,1.0,True,FlowControlLab_NACA0018_quasi_steady_pressure,0.85
0.25932660326889856,0.22734437731436383,0.2606445849659313,0.19152118611392158,0.24722769683735676,0.1895640050889689,0.21884683823785184,0.20879942136857782,-0.25932660326889784,-0.22734437731436563,-0.2606445849659272,-0.1915211861139278,-0.2472276968373516,-0.18956400508897223,-0.21884683823785064,-0.20879942136857804,3.2271094574302454e-16,0.0038218495999859836,28.5,300000.0,0.01950728862973761,9.0,1.0,1.0,0.0,0.1,30.0,1.003,0.646,-0.157,1.0,1.0,True,FlowControlLab_NACA0018_quasi_steady_pressure,0.85
0.25932660326889856,0.22734437731436383,0.2606445849659313,0.19152118611392158,0.24722769683735676,0.1895640050889689,0.21884683823785184,0.20879942136857782,-0.25932660326889784,-0.22734437731436563,-0.2606445849659272,-0.1915211861139278,-0.2472276968373516,-0.18956400508897223,-0.21884683823785064,-0.20879942136857804,3.2271094574302454e-16,0.0038218495999859836,29.0,300000.0,0.019495626822157434,9.0,1.0,1.0,0.0,0.1,30.0,1.031,0.672,-0.164,1.0,1.0,True,FlowControlLab_NACA0018_quasi_steady_pressure,0.85
0.25932660326889856,0.22734437731436383,0.2606445849659313,0.19152118611392158,0.24722769683735676,0.1895640050889689,0.21884683823785184,0.20879942136857782,-0.25932660326889784,-0.22734437731436563,-0.2606445849659272,-0.1915211861139278,-0.2472276968373516,-0.18956400508897223,-0.21884683823785064,-0.20879942136857804,3.2271094574302454e-16,0.0038218495999859836,29.5,300000.0,0.019475218658892127,9.0,1.0,1.0,0.0,0.1,30.0,1.059,0.699,-0.172,1.0,1.0,True,FlowControlLab_NACA0018_quasi_steady_pressure,0.85
0.25932660326889856,0.22734437731436383,0.2606445849659313,0.19152118611392158,0.24722769683735676,0.1895640050889689,0.21884683823785184,0.20879942136857782,-0.25932660326889784,-0.22734437731436563,-0.2606445849659272,-0.1915211861139278,-0.2472276968373516,-0.18956400508897223,-0.21884683823785064,-0.20879942136857804,3.2271094574302454e-16,0.0038218495999859836,30.0,300000.0,0.019489795918367345,9.0,1.0,1.0,0.0,0.1,30.0,1.079,0.723,-0.178,1.0,1.0,True,FlowControlLab_NACA0018_quasi_steady_pressure,0.85
0.25932660326889856,0.22734437731436383,0.2606445849659313,0.19152118611392158,0.24722769683735676,0.1895640050889689,0.21884683823785184,0.20879942136857782,-0.25932660326889784,-0.22734437731436563,-0.2606445849659272,-0.1915211861139278,-0.2472276968373516,-0.18956400508897223,-0.21884683823785064,-0.20879942136857804,3.2271094574302454e-16,0.0038218495999859836,30.5,300000.0,0.019510204081632655,9.0,1.0,1.0,0.0,0.1,30.0,1.098,0.745,-0.183,1.0,1.0,True,FlowControlLab_NACA0018_quasi_steady_pressure,0.85
0.25932660326889856,0.22734437731436383,0.2606445849659313,0.19152118611392158,0.24722769683735676,0.1895640050889689,0.21884683823785184,0.20879942136857782,-0.25932660326889784,-0.22734437731436563,-0.2606445849659272,-0.1915211861139278,-0.2472276968373516,-0.18956400508897223,-0.21884683823785064,-0.20879942136857804,3.2271094574302454e-16,0.0038218495999859836,31.0,300000.0,0.01950145772594752,9.0,1.0,1.0,0.0,0.1,30.0,1.125,0.773,-0.192,1.0,1.0,True,FlowControlLab_NACA0018_quasi_steady_pressure,0.85
0.25932660326889856,0.22734437731436383,0.2606445849659313,0.19152118611392158,0.24722769683735676,0.1895640050889689,0.21884683823785184,0.20879942136857782,-0.25932660326889784,-0.22734437731436563,-0.2606445849659272,-0.1915211861139278,-0.2472276968373516,-0.18956400508897223,-0.21884683823785064,-0.20879942136857804,3.2271094574302454e-16,0.0038218495999859836,31.5,300000.0,0.019481049562682217,9.0,1.0,1.0,0.0,0.1,30.0,1.135,0.792,-0.197,1.0,1.0,True,FlowControlLab_NACA0018_quasi_steady_pressure,0.85
0.25932660326889856,0.22734437731436383,0.2606445849659313,0.19152118611392158,0.24722769683735676,0.1895640050889689,0.21884683823785184,0.20879942136857782,-0.25932660326889784,-0.22734437731436563,-0.2606445849659272,-0.1915211861139278,-0.2472276968373516,-0.18956400508897223,-0.21884683823785064,-0.20879942136857804,3.2271094574302454e-16,0.0038218495999859836,32.0,300000.0,0.01949271137026239,9.0,1.0,1.0,0.0,0.1,30.0,1.146,0.811,-0.201,1.0,1.0,True,FlowControlLab_NACA0018_quasi_steady_pressure,0.85
0.25932660326889856,0.22734437731436383,0.2606445849659313,0.19152118611392158,0.24722769683735676,0.1895640050889689,0.21884683823785184,0.20879942136857782,-0.25932660326889784,-0.22734437731436563,-0.2606445849659272,-0.1915211861139278,-0.2472276968373516,-0.18956400508897223,-0.21884683823785064,-0.20879942136857804,3.2271094574302454e-16,0.0038218495999859836,-2.0,350000.0,0.019472303206997086,9.0,1.0,1.0,0.0,0.1,30.0,-0.204,0.014,-0.002,1.0,1.0,True,FlowControlLab_NACA0018_quasi_steady_pressure,0.85
0.25932660326889856,0.22734437731436383,0.2606445849659313,0.19152118611392158,0.24722769683735676,0.1895640050889689,0.21884683823785184,0.20879942136857782,-0.25932660326889784,-0.22734437731436563,-0.2606445849659272,-0.1915211861139278,-0.2472276968373516,-0.18956400508897223,-0.21884683823785064,-0.20879942136857804,3.2271094574302454e-16,0.0038218495999859836,-1.5,350000.0,0.019475218658892127,9.0,1.0,1.0,0.0,0.1,30.0,-0.151,0.014,-0.002,1.0,1.0,True,FlowControlLab_NACA0018_quasi_steady_pressure,0.85
0.25932660326889856,0.22734437731436383,0.2606445849659313,0.19152118611392158,0.24722769683735676,0.1895640050889689,0.21884683823785184,0.20879942136857782,-0.25932660326889784,-0.22734437731436563,-0.2606445849659272,-0.1915211861139278,-0.2472276968373516,-0.18956400508897223,-0.21884683823785064,-0.20879942136857804,3.2271094574302454e-16,0.0038218495999859836,-1.0,350000.0,0.019478134110787172,9.0,1.0,1.0,0.0,0.1,30.0,-0.096,0.013,-0.002,1.0,1.0,True,FlowControlLab_NACA0018_quasi_steady_pressure,0.85
0.25932660326889856,0.22734437731436383,0.2606445849659313,0.19152118611392158,0.24722769683735676,0.1895640050889689,0.21884683823785184,0.20879942136857782,-0.25932660326889784,-0.22734437731436563,-0.2606445849659272,-0.1915211861139278,-0.2472276968373516,-0.18956400508897223,-0.21884683823785064,-0.20879942136857804,3.2271094574302454e-16,0.0038218495999859836,-0.5,350000.0,0.019472303206997086,9.0,1.0,1.0,0.0,0.1,30.0,-0.042,0.013,-0.003,1.0,1.0,True,FlowControlLab_NACA0018_quasi_steady_pressure,0.85
0.25932660326889856,0.22734437731436383,0.2606445849659313,0.19152118611392158,0.24722769683735676,0.1895640050889689,0.21884683823785184,0.20879942136857782,-0.25932660326889784,-0.22734437731436563,-0.2606445849659272,-0.1915211861139278,-0.2472276968373516,-0.18956400508897223,-0.21884683823785064,-0.20879942136857804,3.2271094574302454e-16,0.0038218495999859836,0.0,350000.0,0.01946064139941691,9.0,1.0,1.0,0.0,0.1,30.0,0.009,0.013,-0.002,1.0,1.0,True,FlowControlLab_NACA0018_quasi_steady_pressure,0.85
0.25932660326889856,0.22734437731436383,0.2606445849659313,0.19152118611392158,0.24722769683735676,0.1895640050889689,0.21884683823785184,0.20879942136857782,-0.25932660326889784,-0.22734437731436563,-0.2606445849659272,-0.1915211861139278,-0.2472276968373516,-0.18956400508897223,-0.21884683823785064,-0.20879942136857804,3.2271094574302454e-16,0.0038218495999859836,0.5,350000.0,0.01945189504373178,9.0,1.0,1.0,0.0,0.1,30.0,0.059,0.013,-0.001,1.0,1.0,True,FlowControlLab_NACA0018_quasi_steady_pressure,0.85
0.25932660326889856,0.22734437731436383,0.2606445849659313,0.19152118611392158,0.24722769683735676,0.1895640050889689,0.21884683823785184,0.20879942136857782,-0.25932660326889784,-0.22734437731436563,-0.2606445849659272,-0.1915211861139278,-0.2472276968373516,-0.18956400508897223,-0.21884683823785064,-0.20879942136857804,3.2271094574302454e-16,0.0038218495999859836,1.0,350000.0,0.019475218658892127,9.0,1.0,1.0,0.0,0.1,30.0,0.109,0.014,-0.0,1.0,1.0,True,FlowControlLab_NACA0018_quasi_steady_pressure,0.85
0.25932660326889856,0.22734437731436383,0.2606445849659313,0.19152118611392158,0.24722769683735676,0.1895640050889689,0.21884683823785184,0.20879942136857782,-0.25932660326889784,-0.22734437731436563,-0.2606445849659272,-0.1915211861139278,-0.2472276968373516,-0.18956400508897223,-0.21884683823785064,-0.20879942136857804,3.2271094574302454e-16,0.0038218495999859836,1.5,350000.0,0.019478134110787172,9.0,1.0,1.0,0.0,0.1,30.0,0.158,0.014,0.001,1.0,1.0,True,FlowControlLab_NACA0018_quasi_steady_pressure,0.85
0.25932660326889856,0.22734437731436383,0.2606445849659313,0.19152118611392158,0.24722769683735676,0.1895640050889689,0.21884683823785184,0.20879942136857782,-0.25932660326889784,-0.22734437731436563,-0.2606445849659272,-0.1915211861139278,-0.2472276968373516,-0.18956400508897223,-0.21884683823785064,-0.20879942136857804,3.2271094574302454e-16,0.0038218495999859836,2.0,350000.0,0.019481049562682217,9.0,1.0,1.0,0.0,0.1,30.0,0.206,0.014,0.002,1.0,1.0,True,FlowControlLab_NACA0018_quasi_steady_pressure,0.85
0.25932660326889856,0.22734437731436383,0.2606445849659313,0.19152118611392158,0.24722769683735676,0.1895640050889689,0.21884683823785184,0.20879942136857782,-0.25932660326889784,-0.22734437731436563,-0.2606445849659272,-0.1915211861139278,-0.2472276968373516,-0.18956400508897223,-0.21884683823785064,-0.20879942136857804,3.2271094574302454e-16,0.0038218495999859836,2.5,350000.0,0.019475218658892127,9.0,1.0,1.0,0.0,0.1,30.0,0.254,0.014,0.004,1.0,1.0,True,FlowControlLab_NACA0018_quasi_steady_pressure,0.85
0.25932660326889856,0.22734437731436383,0.2606445849659313,0.19152118611392158,0.24722769683735676,0.1895640050889689,0.21884683823785184,0.20879942136857782,-0.25932660326889784,-0.22734437731436563,-0.2606445849659272,-0.1915211861139278,-0.2472276968373516,-0.18956400508897223,-0.21884683823785064,-0.20879942136857804,3.2271094574302454e-16,0.0038218495999859836,3.0,350000.0,0.01945772594752187,9.0,1.0,1.0,0.0,0.1,30.0,0.304,0.015,0.005,1.0,1.0,True,FlowControlLab_NACA0018_quasi_steady_pressure,0.85
0.25932660326889856,0.22734437731436383,0.2606445849659313,0.19152118611392158,0.24722769683735676,0.1895640050889689,0.21884683823785184,0.20879942136857782,-0.25932660326889784,-0.22734437731436563,-0.2606445849659272,-0.1915211861139278,-0.2472276968373516,-0.18956400508897223,-0.21884683823785064,-0.20879942136857804,3.2271094574302454e-16,0.0038218495999859836,3.5,350000.0,0.019472303206997086,9.0,1.0,1.0,0.0,0.1,30.0,0.351,0.016,0.007,1.0,1.0,True,FlowControlLab_NACA0018_quasi_steady_pressure,0.85
0.25932660326889856,0.22734437731436383,0.2606445849659313,0.19152118611392158,0.24722769683735676,0.1895640050889689,0.21884683823785184,0.20879942136857782,-0.25932660326889784,-0.22734437731436563,-0.2606445849659272,-0.1915211861139278,-0.2472276968373516,-0.18956400508897223,-0.21884683823785064,-0.20879942136857804,3.2271094574302454e-16,0.0038218495999859836,4.0,350000.0,0.019495626822157434,9.0,1.0,1.0,0.0,0.1,30.0,0.398,0.016,0.008,1.0,1.0,True,FlowControlLab_NACA0018_quasi_steady_pressure,0.85
0.25932660326889856,0.22734437731436383,0.2606445849659313,0.19152118611392158,0.24722769683735676,0.1895640050889689,0.21884683823785184,0.20879942136857782,-0.25932660326889784,-0.22734437731436563,-0.2606445849659272,-0.1915211861139278,-0.2472276968373516,-0.18956400508897223,-0.21884683823785064,-0.20879942136857804,3.2271094574302454e-16,0.0038218495999859836,4.5,350000.0,0.019495626822157434,9.0,1.0,1.0,0.0,0.1,30.0,0.447,0.017,0.01,1.0,1.0,True,FlowControlLab_NACA0018_quasi_steady_pressure,0.85
0.25932660326889856,0.22734437731436383,0.2606445849659313,0.19152118611392158,0.24722769683735676,0.1895640050889689,0.21884683823785184,0.20879942136857782,-0.25932660326889784,-0.22734437731436563,-0.2606445849659272,-0.1915211861139278,-0.2472276968373516,-0.18956400508897223,-0.21884683823785064,-0.20879942136857804,3.2271094574302454e-16,0.0038218495999859836,5.0,350000.0,0.019475218658892127,9.0,1.0,1.0,0.0,0.1,30.0,0.499,0.018,0.01,1.0,1.0,True,FlowControlLab_NACA0018_quasi_steady_pressure,0.85
0.25932660326889856,0.22734437731436383,0.2606445849659313,0.19152118611392158,0.24722769683735676,0.1895640050889689,0.21884683823785184,0.20879942136857782,-0.25932660326889784,-0.22734437731436563,-0.2606445849659272,-0.1915211861139278,-0.2472276968373516,-0.18956400508897223,-0.21884683823785064,-0.20879942136857804,3.2271094574302454e-16,0.0038218495999859836,5.5,350000.0,0.01946064139941691,9.0,1.0,1.0,0.0,0.1,30.0,0.561,0.019,0.008,1.0,1.0,True,FlowControlLab_NACA0018_quasi_steady_pressure,0.85
0.25932660326889856,0.22734437731436383,0.2606445849659313,0.19152118611392158,0.24722769683735676,0.1895640050889689,0.21884683823785184,0.20879942136857782,-0.25932660326889784,-0.22734437731436563,-0.2606445849659272,-0.1915211861139278,-0.2472276968373516,-0.18956400508897223,-0.21884683823785064,-0.20879942136857804,3.2271094574302454e-16,0.0038218495999859836,6.0,350000.0,0.019463556851311955,9.0,1.0,1.0,0.0,0.1,30.0,0.631,0.02,0.003,1.0,1.0,True,FlowControlLab_NACA0018_quasi_steady_pressure,0.85
0.25932660326889856,0.22734437731436383,0.2606445849659313,0.19152118611392158,0.24722769683735676,0.1895640050889689,0.21884683823785184,0.20879942136857782,-0.25932660326889784,-0.22734437731436563,-0.2606445849659272,-0.1915211861139278,-0.2472276968373516,-0.18956400508897223,-0.21884683823785064,-0.20879942136857804,3.2271094574302454e-16,0.0038218495999859836,6.5,350000.0,0.019466472303206996,9.0,1.0,1.0,0.0,0.1,30.0,0.703,0.022,-0.001,1.0,1.0,True,FlowControlLab_NACA0018_quasi_steady_pressure,0.85
0.25932660326889856,0.22734437731436383,0.2606445849659313,0.19152118611392158,0.24722769683735676,0.1895640050889689,0.21884683823785184,0.20879942136857782,-0.25932660326889784,-0.22734437731436563,-0.2606445849659272,-0.1915211861139278,-0.2472276968373516,-0.18956400508897223,-0.21884683823785064,-0.20879942136857804,3.2271094574302454e-16,0.0038218495999859836,7.0,350000.0,0.01946064139941691,9.0,1.0,1.0,0.0,0.1,30.0,0.775,0.023,-0.005,1.0,1.0,True,FlowControlLab_NACA0018_quasi_steady_pressure,0.85
0.25932660326889856,0.22734437731436383,0.2606445849659313,0.19152118611392158,0.24722769683735676,0.1895640050889689,0.21884683823785184,0.20879942136857782,-0.25932660326889784,-0.22734437731436563,-0.2606445849659272,-0.1915211861139278,-0.2472276968373516,-0.18956400508897223,-0.21884683823785064,-0.20879942136857804,3.2271094574302454e-16,0.0038218495999859836,7.5,350000.0,0.01945189504373178,9.0,1.0,1.0,0.0,0.1,30.0,0.834,0.024,-0.007,1.0,1.0,True,FlowControlLab_NACA0018_quasi_steady_pressure,0.85
0.25932660326889856,0.22734437731436383,0.2606445849659313,0.19152118611392158,0.24722769683735676,0.1895640050889689,0.21884683823785184,0.20879942136857782,-0.25932660326889784,-0.22734437731436563,-0.2606445849659272,-0.1915211861139278,-0.2472276968373516,-0.18956400508897223,-0.21884683823785064,-0.20879942136857804,3.2271094574302454e-16,0.0038218495999859836,8.0,350000.0,0.01945772594752187,9.0,1.0,1.0,0.0,0.1,30.0,0.872,0.025,-0.005,1.0,1.0,True,FlowControlLab_NACA0018_quasi_steady_pressure,0.85
0.25932660326889856,0.22734437731436383,0.2606445849659313,0.19152118611392158,0.24722769683735676,0.1895640050889689,0.21884683823785184,0.20879942136857782,-0.25932660326889784,-0.22734437731436563,-0.2606445849659272,-0.1915211861139278,-0.2472276968373516,-0.18956400508897223,-0.21884683823785064,-0.20879942136857804,3.2271094574302454e-16,0.0038218495999859836,8.5,350000.0,0.019472303206997086,9.0,1.0,1.0,0.0,0.1,30.0,0.895,0.025,-0.0,1.0,1.0,True,FlowControlLab_NACA0018_quasi_steady_pressure,0.85
0.25932660326889856,0.22734437731436383,0.2606445849659313,0.19152118611392158,0.24722769683735676,0.1895640050889689,0.21884683823785184,0.20879942136857782,-0.25932660326889784,-0.22734437731436563,-0.2606445849659272,-0.1915211861139278,-0.2472276968373516,-0.18956400508897223,-0.21884683823785064,-0.20879942136857804,3.2271094574302454e-16,0.0038218495999859836,9.0,350000.0,0.019478134110787172,9.0,1.0,1.0,0.0,0.1,30.0,0.916,0.026,0.006,1.0,1.0,True,FlowControlLab_NACA0018_quasi_steady_pressure,0.85
0.25932660326889856,0.22734437731436383,0.2606445849659313,0.19152118611392158,0.24722769683735676,0.1895640050889689,0.21884683823785184,0.20879942136857782,-0.25932660326889784,-0.22734437731436563,-0.2606445849659272,-0.1915211861139278,-0.2472276968373516,-0.18956400508897223,-0.21884683823785064,-0.20879942136857804,3.2271094574302454e-16,0.0038218495999859836,9.5,350000.0,0.01948396501457726,9.0,1.0,1.0,0.0,0.1,30.0,0.943,0.027,0.011,1.0,1.0,True,FlowControlLab_NACA0018_quasi_steady_pressure,0.85
0.25932660326889856,0.22734437731436383,0.2606445849659313,0.19152118611392158,0.24722769683735676,0.1895640050889689,0.21884683823785184,0.20879942136857782,-0.25932660326889784,-0.22734437731436563,-0.2606445849659272,-0.1915211861139278,-0.2472276968373516,-0.18956400508897223,-0.21884683823785064,-0.20879942136857804,3.2271094574302454e-16,0.0038218495999859836,10.0,350000.0,0.019498542274052476,9.0,1.0,1.0,0.0,0.1,30.0,0.972,0.028,0.015,1.0,1.0,True,FlowControlLab_NACA0018_quasi_steady_pressure,0.85
0.25932660326889856,0.22734437731436383,0.2606445849659313,0.19152118611392158,0.24722769683735676,0.1895640050889689,0.21884683823785184,0.20879942136857782,-0.25932660326889784,-0.22734437731436563,-0.2606445849659272,-0.1915211861139278,-0.2472276968373516,-0.18956400508897223,-0.21884683823785064,-0.20879942136857804,3.2271094574302454e-16,0.0038218495999859836,10.5,350000.0,0.01950728862973761,9.0,1.0,1.0,0.0,0.1,30.0,1.001,0.029,0.018,1.0,1.0,True,FlowControlLab_NACA0018_quasi_steady_pressure,0.85
0.25932660326889856,0.22734437731436383,0.2606445849659313,0.19152118611392158,0.24722769683735676,0.1895640050889689,0.21884683823785184,0.20879942136857782,-0.25932660326889784,-0.22734437731436563,-0.2606445849659272,-0.1915211861139278,-0.2472276968373516,-0.18956400508897223,-0.21884683823785064,-0.20879942136857804,3.2271094574302454e-16,0.0038218495999859836,11.0,350000.0,0.019489795918367345,9.0,1.0,1.0,0.0,0.1,30.0,1.032,0.031,0.021,1.0,1.0,True,FlowControlLab_NACA0018_quasi_steady_pressure,0.85
0.25932660326889856,0.22734437731436383,0.2606445849659313,0.19152118611392158,0.24722769683735676,0.1895640050889689,0.21884683823785184,0.20879942136857782,-0.25932660326889784,-0.22734437731436563,-0.2606445849659272,-0.1915211861139278,-0.2472276968373516,-0.18956400508897223,-0.21884683823785064,-0.20879942136857804,3.2271094574302454e-16,0.0038218495999859836,11.5,350000.0,0.01946938775510204,9.0,1.0,1.0,0.0,0.1,30.0,1.053,0.033,0.025,1.0,1.0,True,FlowControlLab_NACA0018_quasi_steady_pressure,0.85
0.25932660326889856,0.22734437731436383,0.2606445849659313,0.19152118611392158,0.24722769683735676,0.1895640050889689,0.21884683823785184,0.20879942136857782,-0.25932660326889784,-0.22734437731436563,-0.2606445849659272,-0.1915211861139278,-0.2472276968373516,-0.18956400508897223,-0.21884683823785064,-0.20879942136857804,3.2271094574302454e-16,0.0038218495999859836,12.0,350000.0,0.019472303206997086,9.0,1.0,1.0,0.0,0.1,30.0,1.066,0.035,0.029,1.0,1.0,True,FlowControlLab_NACA0018_quasi_steady_pressure,0.85
0.25932660326889856,0.22734437731436383,0.2606445849659313,0.19152118611392158,0.24722769683735676,0.1895640050889689,0.21884683823785184,0.20879942136857782,-0.25932660326889784,-0.22734437731436563,-0.2606445849659272,-0.1915211861139278,-0.2472276968373516,-0.18956400508897223,-0.21884683823785064,-0.20879942136857804,3.2271094574302454e-16,0.0038218495999859836,12.5,350000.0,0.019478134110787172,9.0,1.0,1.0,0.0,0.1,30.0,1.08,0.038,0.032,1.0,1.0,True,FlowControlLab_NACA0018_quasi_steady_pressure,0.85
0.25932660326889856,0.22734437731436383,0.2606445849659313,0.19152118611392158,0.24722769683735676,0.1895640050889689,0.21884683823785184,0.20879942136857782,-0.25932660326889784,-0.22734437731436563,-0.2606445849659272,-0.1915211861139278,-0.2472276968373516,-0.18956400508897223,-0.21884683823785064,-0.20879942136857804,3.2271094574302454e-16,0.0038218495999859836,13.0,350000.0,0.01946938775510204,9.0,1.0,1.0,0.0,0.1,30.0,1.089,0.042,0.033,1.0,1.0,True,FlowControlLab_NACA0018_quasi_steady_pressure,0.85
0.25932660326889856,0.22734437731436383,0.2606445849659313,0.19152118611392158,0.24722769683735676,0.1895640050889689,0.21884683823785184,0.20879942136857782,-0.25932660326889784,-0.22734437731436563,-0.2606445849659272,-0.1915211861139278,-0.2472276968373516,-0.18956400508897223,-0.21884683823785064,-0.20879942136857804,3.2271094574302454e-16,0.0038218495999859836,13.5,350000.0,0.01946938775510204,9.0,1.0,1.0,0.0,0.1,30.0,1.095,0.047,0.034,1.0,1.0,True,FlowControlLab_NACA0018_quasi_steady_pressure,0.85
0.25932660326889856,0.22734437731436383,0.2606445849659313,0.19152118611392158,0.24722769683735676,0.1895640050889689,0.21884683823785184,0.20879942136857782,-0.25932660326889784,-0.22734437731436563,-0.2606445849659272,-0.1915211861139278,-0.2472276968373516,-0.18956400508897223,-0.21884683823785064,-0.20879942136857804,3.2271094574302454e-16,0.0038218495999859836,14.0,350000.0,0.019466472303206996,9.0,1.0,1.0,0.0,0.1,30.0,1.092,0.051,0.034,1.0,1.0,True,FlowControlLab_NACA0018_quasi_steady_pressure,0.85
0.25932660326889856,0.22734437731436383,0.2606445849659313,0.19152118611392158,0.24722769683735676,0.1895640050889689,0.21884683823785184,0.20879942136857782,-0.25932660326889784,-0.22734437731436563,-0.2606445849659272,-0.1915211861139278,-0.2472276968373516,-0.18956400508897223,-0.21884683823785064,-0.20879942136857804,3.2271094574302454e-16,0.0038218495999859836,14.5,350000.0,0.01944606413994169,9.0,1.0,1.0,0.0,0.1,30.0,1.084,0.055,0.034,1.0,1.0,True,FlowControlLab_NACA0018_quasi_steady_pressure,0.85
0.25932660326889856,0.22734437731436383,0.2606445849659313,0.19152118611392158,0.24722769683735676,0.1895640050889689,0.21884683823785184,0.20879942136857782,-0.25932660326889784,-0.22734437731436563,-0.2606445849659272,-0.1915211861139278,-0.2472276968373516,-0.18956400508897223,-0.21884683823785064,-0.20879942136857804,3.2271094574302454e-16,0.0038218495999859836,15.0,350000.0,0.019448979591836734,9.0,1.0,1.0,0.0,0.1,30.0,1.077,0.06,0.033,1.0,1.0,True,FlowControlLab_NACA0018_quasi_steady_pressure,0.85
0.25932660326889856,0.22734437731436383,0.2606445849659313,0.19152118611392158,0.24722769683735676,0.1895640050889689,0.21884683823785184,0.20879942136857782,-0.25932660326889784,-0.22734437731436563,-0.2606445849659272,-0.1915211861139278,-0.2472276968373516,-0.18956400508897223,-0.21884683823785064,-0.20879942136857804,3.2271094574302454e-16,0.0038218495999859836,15.5,350000.0,0.019463556851311955,9.0,1.0,1.0,0.0,0.1,30.0,1.066,0.064,0.031,1.0,1.0,True,FlowControlLab_NACA0018_quasi_steady_pressure,0.85
0.25932660326889856,0.22734437731436383,0.2606445849659313,0.19152118611392158,0.24722769683735676,0.1895640050889689,0.21884683823785184,0.20879942136857782,-0.25932660326889784,-0.22734437731436563,-0.2606445849659272,-0.1915211861139278,-0.2472276968373516,-0.18956400508897223,-0.21884683823785064,-0.20879942136857804,3.2271094574302454e-16,0.0038218495999859836,16.0,350000.0,0.019478134110787172,9.0,1.0,1.0,0.0,0.1,30.0,1.062,0.069,0.028,1.0,1.0,True,FlowControlLab_NACA0018_quasi_steady_pressure,0.85
0.25932660326889856,0.22734437731436383,0.2606445849659313,0.19152118611392158,0.24722769683735676,0.1895640050889689,0.21884683823785184,0.20879942136857782,-0.25932660326889784,-0.22734437731436563,-0.2606445849659272,-0.1915211861139278,-0.2472276968373516,-0.18956400508897223,-0.21884683823785064,-0.20879942136857804,3.2271094574302454e-16,0.0038218495999859836,16.5,350000.0,0.019475218658892127,9.0,1.0,1.0,0.0,0.1,30.0,1.059,0.076,0.025,1.0,1.0,True,FlowControlLab_NACA0018_quasi_steady_pressure,0.85
0.25932660326889856,0.22734437731436383,0.2606445849659313,0.19152118611392158,0.24722769683735676,0.1895640050889689,0.21884683823785184,0.20879942136857782,-0.25932660326889784,-0.22734437731436563,-0.2606445849659272,-0.1915211861139278,-0.2472276968373516,-0.18956400508897223,-0.21884683823785064,-0.20879942136857804,3.2271094574302454e-16,0.0038218495999859836,17.0,350000.0,0.019466472303206996,9.0,1.0,1.0,0.0,0.1,30.0,1.054,0.084,0.022,1.0,1.0,True,FlowControlLab_NACA0018_quasi_steady_pressure,0.85
0.25932660326889856,0.22734437731436383,0.2606445849659313,0.19152118611392158,0.24722769683735676,0.1895640050889689,0.21884683823785184,0.20879942136857782,-0.25932660326889784,-0.22734437731436563,-0.2606445849659272,-0.1915211861139278,-0.2472276968373516,-0.18956400508897223,-0.21884683823785064,-0.20879942136857804,3.2271094574302454e-16,0.0038218495999859836,17.5,350000.0,0.019481049562682217,9.0,1.0,1.0,0.0,0.1,30.0,1.055,0.093,0.018,1.0,1.0,True,FlowControlLab_NACA0018_quasi_steady_pressure,0.85
0.25932660326889856,0.22734437731436383,0.2606445849659313,0.19152118611392158,0.24722769683735676,0.1895640050889689,0.21884683823785184,0.20879942136857782,-0.25932660326889784,-0.22734437731436563,-0.2606445849659272,-0.1915211861139278,-0.2472276968373516,-0.18956400508897223,-0.21884683823785064,-0.20879942136857804,3.2271094574302454e-16,0.0038218495999859836,18.0,350000.0,0.01949271137026239,9.0,1.0,1.0,0.0,0.1,30.0,1.054,0.104,0.013,1.0,1.0,True,FlowControlLab_NACA0018_quasi_steady_pressure,0.85
0.25932660326889856,0.22734437731436383,0.2606445849659313,0.19152118611392158,0.24722769683735676,0.1895640050889689,0.21884683823785184,0.20879942136857782,-0.25932660326889784,-0.22734437731436563,-0.2606445849659272,-0.1915211861139278,-0.2472276968373516,-0.18956400508897223,-0.21884683823785064,-0.20879942136857804,3.2271094574302454e-16,0.0038218495999859836,18.5,350000.0,0.019486880466472303,9.0,1.0,1.0,0.0,0.1,30.0,1.049,0.116,0.007,1.0,1.0,True,FlowControlLab_NACA0018_quasi_steady_pressure,0.85
0.25932660326889856,0.22734437731436383,0.2606445849659313,0.19152118611392158,0.24722769683735676,0.1895640050889689,0.21884683823785184,0.20879942136857782,-0.25932660326889784,-0.22734437731436563,-0.2606445849659272,-0.1915211861139278,-0.2472276968373516,-0.18956400508897223,-0.21884683823785064,-0.20879942136857804,3.2271094574302454e-16,0.0038218495999859836,19.0,350000.0,0.019475218658892127,9.0,1.0,1.0,0.0,0.1,30.0,1.041,0.13,0.0,1.0,1.0,True,FlowControlLab_NACA0018_quasi_steady_pressure,0.85
0.25932660326889856,0.22734437731436383,0.2606445849659313,0.19152118611392158,0.24722769683735676,0.1895640050889689,0.21884683823785184,0.20879942136857782,-0.25932660326889784,-0.22734437731436563,-0.2606445849659272,-0.1915211861139278,-0.2472276968373516,-0.18956400508897223,-0.21884683823785064,-0.20879942136857804,3.2271094574302454e-16,0.0038218495999859836,19.5,350000.0,0.01948396501457726,9.0,1.0,1.0,0.0,0.1,30.0,1.031,0.146,-0.007,1.0,1.0,True,FlowControlLab_NACA0018_quasi_steady_pressure,0.85
0.25932660326889856,0.22734437731436383,0.2606445849659313,0.19152118611392158,0.24722769683735676,0.1895640050889689,0.21884683823785184,0.20879942136857782,-0.25932660326889784,-0.22734437731436563,-0.2606445849659272,-0.1915211861139278,-0.2472276968373516,-0.18956400508897223,-0.21884683823785064,-0.20879942136857804,3.2271094574302454e-16,0.0038218495999859836,20.0,350000.0,0.019489795918367345,9.0,1.0,1.0,0.0,0.1,30.0,1.018,0.161,-0.013,1.0,1.0,True,FlowControlLab_NACA0018_quasi_steady_pressure,0.85
0.25932660326889856,0.22734437731436383,0.2606445849659313,0.19152118611392158,0.24722769683735676,0.1895640050889689,0.21884683823785184,0.20879942136857782,-0.25932660326889784,-0.22734437731436563,-0.2606445849659272,-0.1915211861139278,-0.2472276968373516,-0.18956400508897223,-0.21884683823785064,-0.20879942136857804,3.2271094574302454e-16,0.0038218495999859836,20.5,350000.0,0.019489795918367345,9.0,1.0,1.0,0.0,0.1,30.0,1.004,0.177,-0.02,1.0,1.0,True,FlowControlLab_NACA0018_quasi_steady_pressure,0.85
0.25932660326889856,0.22734437731436383,0.2606445849659313,0.19152118611392158,0.24722769683735676,0.1895640050889689,0.21884683823785184,0.20879942136857782,-0.25932660326889784,-0.22734437731436563,-0.2606445849659272,-0.1915211861139278,-0.2472276968373516,-0.18956400508897223,-0.21884683823785064,-0.20879942136857804,3.2271094574302454e-16,0.0038218495999859836,21.0,350000.0,0.019486880466472303,9.0,1.0,1.0,0.0,0.1,30.0,0.99,0.196,-0.029,1.0,1.0,True,FlowControlLab_NACA0018_quasi_steady_pressure,0.85
0.25932660326889856,0.22734437731436383,0.2606445849659313,0.19152118611392158,0.24722769683735676,0.1895640050889689,0.21884683823785184,0.20879942136857782,-0.25932660326889784,-0.22734437731436563,-0.2606445849659272,-0.1915211861139278,-0.2472276968373516,-0.18956400508897223,-0.21884683823785064,-0.20879942136857804,3.2271094574302454e-16,0.0038218495999859836,21.5,350000.0,0.01948396501457726,9.0,1.0,1.0,0.0,0.1,30.0,0.891,0.276,-0.056,1.0,1.0,True,FlowControlLab_NACA0018_quasi_steady_pressure,0.85
0.25932660326889856,0.22734437731436383,0.2606445849659313,0.19152118611392158,0.24722769683735676,0.1895640050889689,0.21884683823785184,0.20879942136857782,-0.25932660326889784,-0.22734437731436563,-0.2606445849659272,-0.1915211861139278,-0.2472276968373516,-0.18956400508897223,-0.21884683823785064,-0.20879942136857804,3.2271094574302454e-16,0.0038218495999859836,22.0,350000.0,0.019495626822157434,9.0,1.0,1.0,0.0,0.1,30.0,0.761,0.371,-0.084,1.0,1.0,True,FlowControlLab_NACA0018_quasi_steady_pressure,0.85
0.25932660326889856,0.22734437731436383,0.2606445849659313,0.19152118611392158,0.24722769683735676,0.1895640050889689,0.21884683823785184,0.20879942136857782,-0.25932660326889784,-0.22734437731436563,-0.2606445849659272,-0.1915211861139278,-0.2472276968373516,-0.18956400508897223,-0.21884683823785064,-0.20879942136857804,3.2271094574302454e-16,0.0038218495999859836,22.5,350000.0,0.01950145772594752,9.0,1.0,1.0,0.0,0.1,30.0,0.726,0.403,-0.092,1.0,1.0,True,FlowControlLab_NACA0018_quasi_steady_pressure,0.85
0.25932660326889856,0.22734437731436383,0.2606445849659313,0.19152118611392158,0.24722769683735676,0.1895640050889689,0.21884683823785184,0.20879942136857782,-0.25932660326889784,-0.22734437731436563,-0.2606445849659272,-0.1915211861139278,-0.2472276968373516,-0.18956400508897223,-0.21884683823785064,-0.20879942136857804,3.2271094574302454e-16,0.0038218495999859836,23.0,350000.0,0.019513119533527697,9.0,1.0,1.0,0.0,0.1,30.0,0.742,0.418,-0.094,1.0,1.0,True,FlowControlLab_NACA0018_quasi_steady_pressure,0.85
0.25932660326889856,0.22734437731436383,0.2606445849659313,0.19152118611392158,0.24722769683735676,0.1895640050889689,0.21884683823785184,0.20879942136857782,-0.25932660326889784,-0.22734437731436563,-0.2606445849659272,-0.1915211861139278,-0.2472276968373516,-0.18956400508897223,-0.21884683823785064,-0.20879942136857804,3.2271094574302454e-16,0.0038218495999859836,23.5,350000.0,0.01950728862973761,9.0,1.0,1.0,0.0,0.1,30.0,0.753,0.431,-0.097,1.0,1.0,True,FlowControlLab_NACA0018_quasi_steady_pressure,0.85
0.25932660326889856,0.22734437731436383,0.2606445849659313,0.19152118611392158,0.24722769683735676,0.1895640050889689,0.21884683823785184,0.20879942136857782,-0.25932660326889784,-0.22734437731436563,-0.2606445849659272,-0.1915211861139278,-0.2472276968373516,-0.18956400508897223,-0.21884683823785064,-0.20879942136857804,3.2271094574302454e-16,0.0038218495999859836,24.0,350000.0,0.019481049562682217,9.0,1.0,1.0,0.0,0.1,30.0,0.776,0.448,-0.102,1.0,1.0,True,FlowControlLab_NACA0018_quasi_steady_pressure,0.85
0.25932660326889856,0.22734437731436383,0.2606445849659313,0.19152118611392158,0.24722769683735676,0.1895640050889689,0.21884683823785184,0.20879942136857782,-0.25932660326889784,-0.22734437731436563,-0.2606445849659272,-0.1915211861139278,-0.2472276968373516,-0.18956400508897223,-0.21884683823785064,-0.20879942136857804,3.2271094574302454e-16,0.0038218495999859836,24.5,350000.0,0.019486880466472303,9.0,1.0,1.0,0.0,0.1,30.0,0.817,0.474,-0.111,1.0,1.0,True,FlowControlLab_NACA0018_quasi_steady_pressure,0.85
0.25932660326889856,0.22734437731436383,0.2606445849659313,0.19152118611392158,0.24722769683735676,0.1895640050889689,0.21884683823785184,0.20879942136857782,-0.25932660326889784,-0.22734437731436563,-0.2606445849659272,-0.1915211861139278,-0.2472276968373516,-0.18956400508897223,-0.21884683823785064,-0.20879942136857804,3.2271094574302454e-16,0.0038218495999859836,25.0,350000.0,0.01949271137026239,9.0,1.0,1.0,0.0,0.1,30.0,0.841,0.493,-0.116,1.0,1.0,True,FlowControlLab_NACA0018_quasi_steady_pressure,0.85
0.25932660326889856,0.22734437731436383,0.2606445849659313,0.19152118611392158,0.24722769683735676,0.1895640050889689,0.21884683823785184,0.20879942136857782,-0.25932660326889784,-0.22734437731436563,-0.2606445849659272,-0.1915211861139278,-0.2472276968373516,-0.18956400508897223,-0.21884683823785064,-0.20879942136857804,3.2271094574302454e-16,0.0038218495999859836,25.5,350000.0,0.01949271137026239,9.0,1.0,1.0,0.0,0.1,30.0,0.855,0.509,-0.12,1.0,1.0,True,FlowControlLab_NACA0018_quasi_steady_pressure,0.85
0.25932660326889856,0.22734437731436383,0.2606445849659313,0.19152118611392158,0.24722769683735676,0.1895640050889689,0.21884683823785184,0.20879942136857782,-0.25932660326889784,-0.22734437731436563,-0.2606445849659272,-0.1915211861139278,-0.2472276968373516,-0.18956400508897223,-0.21884683823785064,-0.20879942136857804,3.2271094574302454e-16,0.0038218495999859836,26.0,350000.0,0.019495626822157434,9.0,1.0,1.0,0.0,0.1,30.0,0.877,0.528,-0.125,1.0,1.0,True,FlowControlLab_NACA0018_quasi_steady_pressure,0.85
0.25932660326889856,0.22734437731436383,0.2606445849659313,0.19152118611392158,0.24722769683735676,0.1895640050889689,0.21884683823785184,0.20879942136857782,-0.25932660326889784,-0.22734437731436563,-0.2606445849659272,-0.1915211861139278,-0.2472276968373516,-0.18956400508897223,-0.21884683823785064,-0.20879942136857804,3.2271094574302454e-16,0.0038218495999859836,26.5,350000.0,0.019504373177842566,9.0,1.0,1.0,0.0,0.1,30.0,0.895,0.546,-0.129,1.0,1.0,True,FlowControlLab_NACA0018_quasi_steady_pressure,0.85
0.25932660326889856,0.22734437731436383,0.2606445849659313,0.19152118611392158,0.24722769683735676,0.1895640050889689,0.21884683823785184,0.20879942136857782,-0.25932660326889784,-0.22734437731436563,-0.2606445849659272,-0.1915211861139278,-0.2472276968373516,-0.18956400508897223,-0.21884683823785064,-0.20879942136857804,3.2271094574302454e-16,0.0038218495999859836,27.0,350000.0,0.01950728862973761,9.0,1.0,1.0,0.0,0.1,30.0,0.922,0.569,-0.136,1.0,1.0,True,FlowControlLab_NACA0018_quasi_steady_pressure,0.85
0.25932660326889856,0.22734437731436383,0.2606445849659313,0.19152118611392158,0.24722769683735676,0.1895640050889689,0.21884683823785184,0.20879942136857782,-0.25932660326889784,-0.22734437731436563,-0.2606445849659272,-0.1915211861139278,-0.2472276968373516,-0.18956400508897223,-0.21884683823785064,-0.20879942136857804,3.2271094574302454e-16,0.0038218495999859836,27.5,350000.0,0.01950145772594752,9.0,1.0,1.0,0.0,0.1,30.0,0.953,0.593,-0.143,1.0,1.0,True,FlowControlLab_NACA0018_quasi_steady_pressure,0.85
0.25932660326889856,0.22734437731436383,0.2606445849659313,0.19152118611392158,0.24722769683735676,0.1895640050889689,0.21884683823785184,0.20879942136857782,-0.25932660326889784,-0.22734437731436563,-0.2606445849659272,-0.1915211861139278,-0.2472276968373516,-0.18956400508897223,-0.21884683823785064,-0.20879942136857804,3.2271094574302454e-16,0.0038218495999859836,28.0,350000.0,0.019504373177842566,9.0,1.0,1.0,0.0,0.1,30.0,0.978,0.617,-0.15,1.0,1.0,True,FlowControlLab_NACA0018_quasi_steady_pressure,0.85
0.25932660326889856,0.22734437731436383,0.2606445849659313,0.19152118611392158,0.24722769683735676,0.1895640050889689,0.21884683823785184,0.20879942136857782,-0.25932660326889784,-0.22734437731436563,-0.2606445849659272,-0.1915211861139278,-0.2472276968373516,-0.18956400508897223,-0.21884683823785064,-0.20879942136857804,3.2271094574302454e-16,0.0038218495999859836,28.5,350000.0,0.01950728862973761,9.0,1.0,1.0,0.0,0.1,30.0,1.006,0.642,-0.157,1.0,1.0,True,FlowControlLab_NACA0018_quasi_steady_pressure,0.85
0.25932660326889856,0.22734437731436383,0.2606445849659313,0.19152118611392158,0.24722769683735676,0.1895640050889689,0.21884683823785184,0.20879942136857782,-0.25932660326889784,-0.22734437731436563,-0.2606445849659272,-0.1915211861139278,-0.2472276968373516,-0.18956400508897223,-0.21884683823785064,-0.20879942136857804,3.2271094574302454e-16,0.0038218495999859836,29.0,350000.0,0.019495626822157434,9.0,1.0,1.0,0.0,0.1,30.0,1.025,0.663,-0.162,1.0,1.0,True,FlowControlLab_NACA0018_quasi_steady_pressure,0.85
0.25932660326889856,0.22734437731436383,0.2606445849659313,0.19152118611392158,0.24722769683735676,0.1895640050889689,0.21884683823785184,0.20879942136857782,-0.25932660326889784,-0.22734437731436563,-0.2606445849659272,-0.1915211861139278,-0.2472276968373516,-0.18956400508897223,-0.21884683823785064,-0.20879942136857804,3.2271094574302454e-16,0.0038218495999859836,29.5,350000.0,0.019475218658892127,9.0,1.0,1.0,0.0,0.1,30.0,1.055,0.691,-0.171,1.0,1.0,True,FlowControlLab_NACA0018_quasi_steady_pressure,0.85
0.25932660326889856,0.22734437731436383,0.2606445849659313,0.19152118611392158,0.24722769683735676,0.1895640050889689,0.21884683823785184,0.20879942136857782,-0.25932660326889784,-0.22734437731436563,-0.2606445849659272,-0.1915211861139278,-0.2472276968373516,-0.18956400508897223,-0.21884683823785064,-0.20879942136857804,3.2271094574302454e-16,0.0038218495999859836,30.0,350000.0,0.019489795918367345,9.0,1.0,1.0,0.0,0.1,30.0,1.089,0.722,-0.18,1.0,1.0,True,FlowControlLab_NACA0018_quasi_steady_pressure,0.85
0.25932660326889856,0.22734437731436383,0.2606445849659313,0.19152118611392158,0.24722769683735676,0.1895640050889689,0.21884683823785184,0.20879942136857782,-0.25932660326889784,-0.22734437731436563,-0.2606445849659272,-0.1915211861139278,-0.2472276968373516,-0.18956400508897223,-0.21884683823785064,-0.20879942136857804,3.2271094574302454e-16,0.0038218495999859836,30.5,350000.0,0.019510204081632655,9.0,1.0,1.0,0.0,0.1,30.0,1.109,0.745,-0.186,1.0,1.0,True,FlowControlLab_NACA0018_quasi_steady_pressure,0.85
0.25932660326889856,0.22734437731436383,0.2606445849659313,0.19152118611392158,0.24722769683735676,0.1895640050889689,0.21884683823785184,0.20879942136857782,-0.25932660326889784,-0.22734437731436563,-0.2606445849659272,-0.1915211861139278,-0.2472276968373516,-0.18956400508897223,-0.21884683823785064,-0.20879942136857804,3.2271094574302454e-16,0.0038218495999859836,31.0,350000.0,0.01950145772594752,9.0,1.0,1.0,0.0,0.1,30.0,1.139,0.775,-0.196,1.0,1.0,True,FlowControlLab_NACA0018_quasi_steady_pressure,0.85
0.25932660326889856,0.22734437731436383,0.2606445849659313,0.19152118611392158,0.24722769683735676,0.1895640050889689,0.21884683823785184,0.20879942136857782,-0.25932660326889784,-0.22734437731436563,-0.2606445849659272,-0.1915211861139278,-0.2472276968373516,-0.18956400508897223,-0.21884683823785064,-0.20879942136857804,3.2271094574302454e-16,0.0038218495999859836,31.5,350000.0,0.019481049562682217,9.0,1.0,1.0,0.0,0.1,30.0,1.16,0.8,-0.202,1.0,1.0,True,FlowControlLab_NACA0018_quasi_steady_pressure,0.85
0.25932660326889856,0.22734437731436383,0.2606445849659313,0.19152118611392158,0.24722769683735676,0.1895640050889689,0.21884683823785184,0.20879942136857782,-0.25932660326889784,-0.22734437731436563,-0.2606445849659272,-0.1915211861139278,-0.2472276968373516,-0.18956400508897223,-0.21884683823785064,-0.20879942136857804,3.2271094574302454e-16,0.0038218495999859836,32.0,350000.0,0.01949271137026239,9.0,1.0,1.0,0.0,0.1,30.0,1.168,0.818,-0.206,1.0,1.0,True,FlowControlLab_NACA0018_quasi_steady_pressure,0.85
0.25932660326889856,0.22734437731436383,0.2606445849659313,0.19152118611392158,0.24722769683735676,0.1895640050889689,0.21884683823785184,0.20879942136857782,-0.25932660326889784,-0.22734437731436563,-0.2606445849659272,-0.1915211861139278,-0.2472276968373516,-0.18956400508897223,-0.21884683823785064,-0.20879942136857804,3.2271094574302454e-16,0.0038218495999859836,-2.0,350000.0,0.019472303206997086,9.0,1.0,1.0,0.0,0.1,30.0,-0.201,0.014,-0.002,1.0,1.0,True,FlowControlLab_NACA0018_quasi_steady_pressure,0.85
0.25932660326889856,0.22734437731436383,0.2606445849659313,0.19152118611392158,0.24722769683735676,0.1895640050889689,0.21884683823785184,0.20879942136857782,-0.25932660326889784,-0.22734437731436563,-0.2606445849659272,-0.1915211861139278,-0.2472276968373516,-0.18956400508897223,-0.21884683823785064,-0.20879942136857804,3.2271094574302454e-16,0.0038218495999859836,-1.5,350000.0,0.019475218658892127,9.0,1.0,1.0,0.0,0.1,30.0,-0.148,0.014,-0.002,1.0,1.0,True,FlowControlLab_NACA0018_quasi_steady_pressure,0.85
0.25932660326889856,0.22734437731436383,0.2606445849659313,0.19152118611392158,0.24722769683735676,0.1895640050889689,0.21884683823785184,0.20879942136857782,-0.25932660326889784,-0.22734437731436563,-0.2606445849659272,-0.1915211861139278,-0.2472276968373516,-0.18956400508897223,-0.21884683823785064,-0.20879942136857804,3.2271094574302454e-16,0.0038218495999859836,-1.0,350000.0,0.019478134110787172,9.0,1.0,1.0,0.0,0.1,30.0,-0.093,0.014,-0.002,1.0,1.0,True,FlowControlLab_NACA0018_quasi_steady_pressure,0.85
0.25932660326889856,0.22734437731436383,0.2606445849659313,0.19152118611392158,0.24722769683735676,0.1895640050889689,0.21884683823785184,0.20879942136857782,-0.25932660326889784,-0.22734437731436563,-0.2606445849659272,-0.1915211861139278,-0.2472276968373516,-0.18956400508897223,-0.21884683823785064,-0.20879942136857804,3.2271094574302454e-16,0.0038218495999859836,-0.5,350000.0,0.019472303206997086,9.0,1.0,1.0,0.0,0.1,30.0,-0.039,0.013,-0.002,1.0,1.0,True,FlowControlLab_NACA0018_quasi_steady_pressure,0.85
0.25932660326889856,0.22734437731436383,0.2606445849659313,0.19152118611392158,0.24722769683735676,0.1895640050889689,0.21884683823785184,0.20879942136857782,-0.25932660326889784,-0.22734437731436563,-0.2606445849659272,-0.1915211861139278,-0.2472276968373516,-0.18956400508897223,-0.21884683823785064,-0.20879942136857804,3.2271094574302454e-16,0.0038218495999859836,0.0,350000.0,0.01946064139941691,9.0,1.0,1.0,0.0,0.1,30.0,0.012,0.013,-0.002,1.0,1.0,True,FlowControlLab_NACA0018_quasi_steady_pressure,0.85
0.25932660326889856,0.22734437731436383,0.2606445849659313,0.19152118611392158,0.24722769683735676,0.1895640050889689,0.21884683823785184,0.20879942136857782,-0.25932660326889784,-0.22734437731436563,-0.2606445849659272,-0.1915211861139278,-0.2472276968373516,-0.18956400508897223,-0.21884683823785064,-0.20879942136857804,3.2271094574302454e-16,0.0038218495999859836,0.5,350000.0,0.01945189504373178,9.0,1.0,1.0,0.0,0.1,30.0,0.062,0.014,-0.001,1.0,1.0,True,FlowControlLab_NACA0018_quasi_steady_pressure,0.85
0.25932660326889856,0.22734437731436383,0.2606445849659313,0.19152118611392158,0.24722769683735676,0.1895640050889689,0.21884683823785184,0.20879942136857782,-0.25932660326889784,-0.22734437731436563,-0.2606445849659272,-0.1915211861139278,-0.2472276968373516,-0.18956400508897223,-0.21884683823785064,-0.20879942136857804,3.2271094574302454e-16,0.0038218495999859836,1.0,350000.0,0.019475218658892127,9.0,1.0,1.0,0.0,0.1,30.0,0.112,0.014,0.0,1.0,1.0,True,FlowControlLab_NACA0018_quasi_steady_pressure,0.85
0.25932660326889856,0.22734437731436383,0.2606445849659313,0.19152118611392158,0.24722769683735676,0.1895640050889689,0.21884683823785184,0.20879942136857782,-0.25932660326889784,-0.22734437731436563,-0.2606445849659272,-0.1915211861139278,-0.2472276968373516,-0.18956400508897223,-0.21884683823785064,-0.20879942136857804,3.2271094574302454e-16,0.0038218495999859836,1.5,350000.0,0.019478134110787172,9.0,1.0,1.0,0.0,0.1,30.0,0.16,0.014,0.001,1.0,1.0,True,FlowControlLab_NACA0018_quasi_steady_pressure,0.85
0.25932660326889856,0.22734437731436383,0.2606445849659313,0.19152118611392158,0.24722769683735676,0.1895640050889689,0.21884683823785184,0.20879942136857782,-0.25932660326889784,-0.22734437731436563,-0.2606445849659272,-0.1915211861139278,-0.2472276968373516,-0.18956400508897223,-0.21884683823785064,-0.20879942136857804,3.2271094574302454e-16,0.0038218495999859836,2.0,350000.0,0.019481049562682217,9.0,1.0,1.0,0.0,0.1,30.0,0.209,0.014,0.003,1.0,1.0,True,FlowControlLab_NACA0018_quasi_steady_pressure,0.85
0.25932660326889856,0.22734437731436383,0.2606445849659313,0.19152118611392158,0.24722769683735676,0.1895640050889689,0.21884683823785184,0.20879942136857782,-0.25932660326889784,-0.22734437731436563,-0.2606445849659272,-0.1915211861139278,-0.2472276968373516,-0.18956400508897223,-0.21884683823785064,-0.20879942136857804,3.2271094574302454e-16,0.0038218495999859836,2.5,350000.0,0.019475218658892127,9.0,1.0,1.0,0.0,0.1,30.0,0.258,0.015,0.004,1.0,1.0,True,FlowControlLab_NACA0018_quasi_steady_pressure,0.85
0.25932660326889856,0.22734437731436383,0.2606445849659313,0.19152118611392158,0.24722769683735676,0.1895640050889689,0.21884683823785184,0.20879942136857782,-0.25932660326889784,-0.22734437731436563,-0.2606445849659272,-0.1915211861139278,-0.2472276968373516,-0.18956400508897223,-0.21884683823785064,-0.20879942136857804,3.2271094574302454e-16,0.0038218495999859836,3.0,350000.0,0.01945772594752187,9.0,1.0,1.0,0.0,0.1,30.0,0.306,0.015,0.005,1.0,1.0,True,FlowControlLab_NACA0018_quasi_steady_pressure,0.85
0.25932660326889856,0.22734437731436383,0.2606445849659313,0.19152118611392158,0.24722769683735676,0.1895640050889689,0.21884683823785184,0.20879942136857782,-0.25932660326889784,-0.22734437731436563,-0.2606445849659272,-0.1915211861139278,-0.2472276968373516,-0.18956400508897223,-0.21884683823785064,-0.20879942136857804,3.2271094574302454e-16,0.0038218495999859836,3.5,350000.0,0.019472303206997086,9.0,1.0,1.0,0.0,0.1,30.0,0.354,0.016,0.007,1.0,1.0,True,FlowControlLab_NACA0018_quasi_steady_pressure,0.85
0.25932660326889856,0.22734437731436383,0.2606445849659313,0.19152118611392158,0.24722769683735676,0.1895640050889689,0.21884683823785184,0.20879942136857782,-0.25932660326889784,-0.22734437731436563,-0.2606445849659272,-0.1915211861139278,-0.2472276968373516,-0.18956400508897223,-0.21884683823785064,-0.20879942136857804,3.2271094574302454e-16,0.0038218495999859836,4.0,350000.0,0.019495626822157434,9.0,1.0,1.0,0.0,0.1,30.0,0.402,0.016,0.008,1.0,1.0,True,FlowControlLab_NACA0018_quasi_steady_pressure,0.85
0.25932660326889856,0.22734437731436383,0.2606445849659313,0.19152118611392158,0.24722769683735676,0.1895640050889689,0.21884683823785184,0.20879942136857782,-0.25932660326889784,-0.22734437731436563,-0.2606445849659272,-0.1915211861139278,-0.2472276968373516,-0.18956400508897223,-0.21884683823785064,-0.20879942136857804,3.2271094574302454e-16,0.0038218495999859836,4.5,350000.0,0.019495626822157434,9.0,1.0,1.0,0.0,0.1,30.0,0.45,0.017,0.01,1.0,1.0,True,FlowControlLab_NACA0018_quasi_steady_pressure,0.85
0.25932660326889856,0.22734437731436383,0.2606445849659313,0.19152118611392158,0.24722769683735676,0.1895640050889689,0.21884683823785184,0.20879942136857782,-0.25932660326889784,-0.22734437731436563,-0.2606445849659272,-0.1915211861139278,-0.2472276968373516,-0.18956400508897223,-0.21884683823785064,-0.20879942136857804,3.2271094574302454e-16,0.0038218495999859836,5.0,350000.0,0.019475218658892127,9.0,1.0,1.0,0.0,0.1,30.0,0.502,0.018,0.01,1.0,1.0,True,FlowControlLab_NACA0018_quasi_steady_pressure,0.85
0.25932660326889856,0.22734437731436383,0.2606445849659313,0.19152118611392158,0.24722769683735676,0.1895640050889689,0.21884683823785184,0.20879942136857782,-0.25932660326889784,-0.22734437731436563,-0.2606445849659272,-0.1915211861139278,-0.2472276968373516,-0.18956400508897223,-0.21884683823785064,-0.20879942136857804,3.2271094574302454e-16,0.0038218495999859836,5.5,350000.0,0.01946064139941691,9.0,1.0,1.0,0.0,0.1,30.0,0.567,0.019,0.007,1.0,1.0,True,FlowControlLab_NACA0018_quasi_steady_pressure,0.85
0.25932660326889856,0.22734437731436383,0.2606445849659313,0.19152118611392158,0.24722769683735676,0.1895640050889689,0.21884683823785184,0.20879942136857782,-0.25932660326889784,-0.22734437731436563,-0.2606445849659272,-0.1915211861139278,-0.2472276968373516,-0.18956400508897223,-0.21884683823785064,-0.20879942136857804,3.2271094574302454e-16,0.0038218495999859836,6.0,350000.0,0.019463556851311955,9.0,1.0,1.0,0.0,0.1,30.0,0.64,0.02,0.003,1.0,1.0,True,FlowControlLab_NACA0018_quasi_steady_pressure,0.85
0.25932660326889856,0.22734437731436383,0.2606445849659313,0.19152118611392158,0.24722769683735676,0.1895640050889689,0.21884683823785184,0.20879942136857782,-0.25932660326889784,-0.22734437731436563,-0.2606445849659272,-0.1915211861139278,-0.2472276968373516,-0.18956400508897223,-0.21884683823785064,-0.20879942136857804,3.2271094574302454e-16,0.0038218495999859836,6.5,350000.0,0.019466472303206996,9.0,1.0,1.0,0.0,0.1,30.0,0.712,0.022,-0.002,1.0,1.0,True,FlowControlLab_NACA0018_quasi_steady_pressure,0.85
0.25932660326889856,0.22734437731436383,0.2606445849659313,0.19152118611392158,0.24722769683735676,0.1895640050889689,0.21884683823785184,0.20879942136857782,-0.25932660326889784,-0.22734437731436563,-0.2606445849659272,-0.1915211861139278,-0.2472276968373516,-0.18956400508897223,-0.21884683823785064,-0.20879942136857804,3.2271094574302454e-16,0.0038218495999859836,7.0,350000.0,0.01946064139941691,9.0,1.0,1.0,0.0,0.1,30.0,0.781,0.023,-0.005,1.0,1.0,True,FlowControlLab_NACA0018_quasi_steady_pressure,0.85
0.25932660326889856,0.22734437731436383,0.2606445849659313,0.19152118611392158,0.24722769683735676,0.1895640050889689,0.21884683823785184,0.20879942136857782,-0.25932660326889784,-0.22734437731436563,-0.2606445849659272,-0.1915211861139278,-0.2472276968373516,-0.18956400508897223,-0.21884683823785064,-0.20879942136857804,3.2271094574302454e-16,0.0038218495999859836,7.5,350000.0,0.01945189504373178,9.0,1.0,1.0,0.0,0.1,30.0,0.839,0.024,-0.007,1.0,1.0,True,FlowControlLab_NACA0018_quasi_steady_pressure,0.85
0.25932660326889856,0.22734437731436383,0.2606445849659313,0.19152118611392158,0.24722769683735676,0.1895640050889689,0.21884683823785184,0.20879942136857782,-0.25932660326889784,-0.22734437731436563,-0.2606445849659272,-0.1915211861139278,-0.2472276968373516,-0.18956400508897223,-0.21884683823785064,-0.20879942136857804,3.2271094574302454e-16,0.0038218495999859836,8.0,350000.0,0.01945772594752187,9.0,1.0,1.0,0.0,0.1,30.0,0.875,0.024,-0.005,1.0,1.0,True,FlowControlLab_NACA0018_quasi_steady_pressure,0.85
0.25932660326889856,0.22734437731436383,0.2606445849659313,0.19152118611392158,0.24722769683735676,0.1895640050889689,0.21884683823785184,0.20879942136857782,-0.25932660326889784,-0.22734437731436563,-0.2606445849659272,-0.1915211861139278,-0.2472276968373516,-0.18956400508897223,-0.21884683823785064,-0.20879942136857804,3.2271094574302454e-16,0.0038218495999859836,8.5,350000.0,0.019472303206997086,9.0,1.0,1.0,0.0,0.1,30.0,0.898,0.025,0.0,1.0,1.0,True,FlowControlLab_NACA0018_quasi_steady_pressure,0.85
0.25932660326889856,0.22734437731436383,0.2606445849659313,0.19152118611392158,0.24722769683735676,0.1895640050889689,0.21884683823785184,0.20879942136857782,-0.25932660326889784,-0.22734437731436563,-0.2606445849659272,-0.1915211861139278,-0.2472276968373516,-0.18956400508897223,-0.21884683823785064,-0.20879942136857804,3.2271094574302454e-16,0.0038218495999859836,9.0,350000.0,0.019478134110787172,9.0,1.0,1.0,0.0,0.1,30.0,0.918,0.025,0.006,1.0,1.0,True,FlowControlLab_NACA0018_quasi_steady_pressure,0.85
0.25932660326889856,0.22734437731436383,0.2606445849659313,0.19152118611392158,0.24722769683735676,0.1895640050889689,0.21884683823785184,0.20879942136857782,-0.25932660326889784,-0.22734437731436563,-0.2606445849659272,-0.1915211861139278,-0.2472276968373516,-0.18956400508897223,-0.21884683823785064,-0.20879942136857804,3.2271094574302454e-16,0.0038218495999859836,9.5,350000.0,0.01948396501457726,9.0,1.0,1.0,0.0,0.1,30.0,0.943,0.026,0.011,1.0,1.0,True,FlowControlLab_NACA0018_quasi_steady_pressure,0.85
0.25932660326889856,0.22734437731436383,0.2606445849659313,0.19152118611392158,0.24722769683735676,0.1895640050889689,0.21884683823785184,0.20879942136857782,-0.25932660326889784,-0.22734437731436563,-0.2606445849659272,-0.1915211861139278,-0.2472276968373516,-0.18956400508897223,-0.21884683823785064,-0.20879942136857804,3.2271094574302454e-16,0.0038218495999859836,10.0,350000.0,0.019498542274052476,9.0,1.0,1.0,0.0,0.1,30.0,0.976,0.027,0.015,1.0,1.0,True,FlowControlLab_NACA0018_quasi_steady_pressure,0.85
0.25932660326889856,0.22734437731436383,0.2606445849659313,0.19152118611392158,0.24722769683735676,0.1895640050889689,0.21884683823785184,0.20879942136857782,-0.25932660326889784,-0.22734437731436563,-0.2606445849659272,-0.1915211861139278,-0.2472276968373516,-0.18956400508897223,-0.21884683823785064,-0.20879942136857804,3.2271094574302454e-16,0.0038218495999859836,10.5,350000.0,0.01950728862973761,9.0,1.0,1.0,0.0,0.1,30.0,1.005,0.029,0.019,1.0,1.0,True,FlowControlLab_NACA0018_quasi_steady_pressure,0.85
0.25932660326889856,0.22734437731436383,0.2606445849659313,0.19152118611392158,0.24722769683735676,0.1895640050889689,0.21884683823785184,0.20879942136857782,-0.25932660326889784,-0.22734437731436563,-0.2606445849659272,-0.1915211861139278,-0.2472276968373516,-0.18956400508897223,-0.21884683823785064,-0.20879942136857804,3.2271094574302454e-16,0.0038218495999859836,11.0,350000.0,0.019489795918367345,9.0,1.0,1.0,0.0,0.1,30.0,1.029,0.031,0.022,1.0,1.0,True,FlowControlLab_NACA0018_quasi_steady_pressure,0.85
0.25932660326889856,0.22734437731436383,0.2606445849659313,0.19152118611392158,0.24722769683735676,0.1895640050889689,0.21884683823785184,0.20879942136857782,-0.25932660326889784,-0.22734437731436563,-0.2606445849659272,-0.1915211861139278,-0.2472276968373516,-0.18956400508897223,-0.21884683823785064,-0.20879942136857804,3.2271094574302454e-16,0.0038218495999859836,11.5,350000.0,0.01946938775510204,9.0,1.0,1.0,0.0,0.1,30.0,1.052,0.033,0.026,1.0,1.0,True,FlowControlLab_NACA0018_quasi_steady_pressure,0.85
0.25932660326889856,0.22734437731436383,0.2606445849659313,0.19152118611392158,0.24722769683735676,0.1895640050889689,0.21884683823785184,0.20879942136857782,-0.25932660326889784,-0.22734437731436563,-0.2606445849659272,-0.1915211861139278,-0.2472276968373516,-0.18956400508897223,-0.21884683823785064,-0.20879942136857804,3.2271094574302454e-16,0.0038218495999859836,12.0,350000.0,0.019472303206997086,9.0,1.0,1.0,0.0,0.1,30.0,1.065,0.035,0.03,1.0,1.0,True,FlowControlLab_NACA0018_quasi_steady_pressure,0.85
0.25932660326889856,0.22734437731436383,0.2606445849659313,0.19152118611392158,0.24722769683735676,0.1895640050889689,0.21884683823785184,0.20879942136857782,-0.25932660326889784,-0.22734437731436563,-0.2606445849659272,-0.1915211861139278,-0.2472276968373516,-0.18956400508897223,-0.21884683823785064,-0.20879942136857804,3.2271094574302454e-16,0.0038218495999859836,12.5,350000.0,0.019478134110787172,9.0,1.0,1.0,0.0,0.1,30.0,1.076,0.038,0.032,1.0,1.0,True,FlowControlLab_NACA0018_quasi_steady_pressure,0.85
0.25932660326889856,0.22734437731436383,0.2606445849659313,0.19152118611392158,0.24722769683735676,0.1895640050889689,0.21884683823785184,0.20879942136857782,-0.25932660326889784,-0.22734437731436563,-0.2606445849659272,-0.1915211861139278,-0.2472276968373516,-0.18956400508897223,-0.21884683823785064,-0.20879942136857804,3.2271094574302454e-16,0.0038218495999859836,13.0,350000.0,0.01946938775510204,9.0,1.0,1.0,0.0,0.1,30.0,1.085,0.042,0.034,1.0,1.0,True,FlowControlLab_NACA0018_quasi_steady_pressure,0.85
0.25932660326889856,0.22734437731436383,0.2606445849659313,0.19152118611392158,0.24722769683735676,0.1895640050889689,0.21884683823785184,0.20879942136857782,-0.25932660326889784,-0.22734437731436563,-0.2606445849659272,-0.1915211861139278,-0.2472276968373516,-0.18956400508897223,-0.21884683823785064,-0.20879942136857804,3.2271094574302454e-16,0.0038218495999859836,13.5,350000.0,0.01946938775510204,9.0,1.0,1.0,0.0,0.1,30.0,1.088,0.046,0.035,1.0,1.0,True,FlowControlLab_NACA0018_quasi_steady_pressure,0.85
0.25932660326889856,0.22734437731436383,0.2606445849659313,0.19152118611392158,0.24722769683735676,0.1895640050889689,0.21884683823785184,0.20879942136857782,-0.25932660326889784,-0.22734437731436563,-0.2606445849659272,-0.1915211861139278,-0.2472276968373516,-0.18956400508897223,-0.21884683823785064,-0.20879942136857804,3.2271094574302454e-16,0.0038218495999859836,14.0,350000.0,0.019466472303206996,9.0,1.0,1.0,0.0,0.1,30.0,1.09,0.051,0.035,1.0,1.0,True,FlowControlLab_NACA0018_quasi_steady_pressure,0.85
0.25932660326889856,0.22734437731436383,0.2606445849659313,0.19152118611392158,0.24722769683735676,0.1895640050889689,0.21884683823785184,0.20879942136857782,-0.25932660326889784,-0.22734437731436563,-0.2606445849659272,-0.1915211861139278,-0.2472276968373516,-0.18956400508897223,-0.21884683823785064,-0.20879942136857804,3.2271094574302454e-16,0.0038218495999859836,14.5,350000.0,0.01944606413994169,9.0,1.0,1.0,0.0,0.1,30.0,1.084,0.055,0.034,1.0,1.0,True,FlowControlLab_NACA0018_quasi_steady_pressure,0.85
0.25932660326889856,0.22734437731436383,0.2606445849659313,0.19152118611392158,0.24722769683735676,0.1895640050889689,0.21884683823785184,0.20879942136857782,-0.25932660326889784,-0.22734437731436563,-0.2606445849659272,-0.1915211861139278,-0.2472276968373516,-0.18956400508897223,-0.21884683823785064,-0.20879942136857804,3.2271094574302454e-16,0.0038218495999859836,15.0,350000.0,0.019448979591836734,9.0,1.0,1.0,0.0,0.1,30.0,1.071,0.059,0.033,1.0,1.0,True,FlowControlLab_NACA0018_quasi_steady_pressure,0.85
0.25932660326889856,0.22734437731436383,0.2606445849659313,0.19152118611392158,0.24722769683735676,0.1895640050889689,0.21884683823785184,0.20879942136857782,-0.25932660326889784,-0.22734437731436563,-0.2606445849659272,-0.1915211861139278,-0.2472276968373516,-0.18956400508897223,-0.21884683823785064,-0.20879942136857804,3.2271094574302454e-16,0.0038218495999859836,15.5,350000.0,0.019463556851311955,9.0,1.0,1.0,0.0,0.1,30.0,1.044,0.073,0.027,1.0,1.0,True,FlowControlLab_NACA0018_quasi_steady_pressure,0.85
0.25932660326889856,0.22734437731436383,0.2606445849659313,0.19152118611392158,0.24722769683735676,0.1895640050889689,0.21884683823785184,0.20879942136857782,-0.25932660326889784,-0.22734437731436563,-0.2606445849659272,-0.1915211861139278,-0.2472276968373516,-0.18956400508897223,-0.21884683823785064,-0.20879942136857804,3.2271094574302454e-16,0.0038218495999859836,16.0,350000.0,0.019478134110787172,9.0,1.0,1.0,0.0,0.1,30.0,0.824,0.149,-0.008,1.0,1.0,True,FlowControlLab_NACA0018_quasi_steady_pressure,0.85
0.25932660326889856,0.22734437731436383,0.2606445849659313,0.19152118611392158,0.24722769683735676,0.1895640050889689,0.21884683823785184,0.20879942136857782,-0.25932660326889784,-0.22734437731436563,-0.2606445849659272,-0.1915211861139278,-0.2472276968373516,-0.18956400508897223,-0.21884683823785064,-0.20879942136857804,3.2271094574302454e-16,0.0038218495999859836,16.5,350000.0,0.019475218658892127,9.0,1.0,1.0,0.0,0.1,30.0,0.578,0.233,-0.046,1.0,1.0,True,FlowControlLab_NACA0018_quasi_steady_pressure,0.85
0.25932660326889856,0.22734437731436383,0.2606445849659313,0.19152118611392158,0.24722769683735676,0.1895640050889689,0.21884683823785184,0.20879942136857782,-0.25932660326889784,-0.22734437731436563,-0.2606445849659272,-0.1915211861139278,-0.2472276968373516,-0.18956400508897223,-0.21884683823785064,-0.20879942136857804,3.2271094574302454e-16,0.0038218495999859836,17.0,350000.0,0.019466472303206996,9.0,1.0,1.0,0.0,0.1,30.0,0.535,0.259,-0.056,1.0,1.0,True,FlowControlLab_NACA0018_quasi_steady_pressure,0.85
0.25932660326889856,0.22734437731436383,0.2606445849659313,0.19152118611392158,0.24722769683735676,0.1895640050889689,0.21884683823785184,0.20879942136857782,-0.25932660326889784,-0.22734437731436563,-0.2606445849659272,-0.1915211861139278,-0.2472276968373516,-0.18956400508897223,-0.21884683823785064,-0.20879942136857804,3.2271094574302454e-16,0.0038218495999859836,17.5,350000.0,0.019481049562682217,9.0,1.0,1.0,0.0,0.1,30.0,0.556,0.272,-0.06,1.0,1.0,True,FlowControlLab_NACA0018_quasi_steady_pressure,0.85
0.25932660326889856,0.22734437731436383,0.2606445849659313,0.19152118611392158,0.24722769683735676,0.1895640050889689,0.21884683823785184,0.20879942136857782,-0.25932660326889784,-0.22734437731436563,-0.2606445849659272,-0.1915211861139278,-0.2472276968373516,-0.18956400508897223,-0.21884683823785064,-0.20879942136857804,3.2271094574302454e-16,0.0038218495999859836,18.0,350000.0,0.01949271137026239,9.0,1.0,1.0,0.0,0.1,30.0,0.585,0.289,-0.066,1.0,1.0,True,FlowControlLab_NACA0018_quasi_steady_pressure,0.85
0.25932660326889856,0.22734437731436383,0.2606445849659313,0.19152118611392158,0.24722769683735676,0.1895640050889689,0.21884683823785184,0.20879942136857782,-0.25932660326889784,-0.22734437731436563,-0.2606445849659272,-0.1915211861139278,-0.2472276968373516,-0.18956400508897223,-0.21884683823785064,-0.20879942136857804,3.2271094574302454e-16,0.0038218495999859836,18.5,350000.0,0.019486880466472303,9.0,1.0,1.0,0.0,0.1,30.0,0.625,0.309,-0.075,1.0,1.0,True,FlowControlLab_NACA0018_quasi_steady_pressure,0.85
0.25932660326889856,0.22734437731436383,0.2606445849659313,0.19152118611392158,0.24722769683735676,0.1895640050889689,0.21884683823785184,0.20879942136857782,-0.25932660326889784,-0.22734437731436563,-0.2606445849659272,-0.1915211861139278,-0.2472276968373516,-0.18956400508897223,-0.21884683823785064,-0.20879942136857804,3.2271094574302454e-16,0.0038218495999859836,19.0,350000.0,0.019475218658892127,9.0,1.0,1.0,0.0,0.1,30.0,0.644,0.323,-0.079,1.0,1.0,True,FlowControlLab_NACA0018_quasi_steady_pressure,0.85
0.25932660326889856,0.22734437731436383,0.2606445849659313,0.19152118611392158,0.24722769683735676,0.1895640050889689,0.21884683823785184,0.20879942136857782,-0.25932660326889784,-0.22734437731436563,-0.2606445849659272,-0.1915211861139278,-0.2472276968373516,-0.18956400508897223,-0.21884683823785064,-0.20879942136857804,3.2271094574302454e-16,0.0038218495999859836,19.5,350000.0,0.01948396501457726,9.0,1.0,1.0,0.0,0.1,30.0,0.639,0.328,-0.076,1.0,1.0,True,FlowControlLab_NACA0018_quasi_steady_pressure,0.85
0.25932660326889856,0.22734437731436383,0.2606445849659313,0.19152118611392158,0.24722769683735676,0.1895640050889689,0.21884683823785184,0.20879942136857782,-0.25932660326889784,-0.22734437731436563,-0.2606445849659272,-0.1915211861139278,-0.2472276968373516,-0.18956400508897223,-0.21884683823785064,-0.20879942136857804,3.2271094574302454e-16,0.0038218495999859836,20.0,350000.0,0.019489795918367345,9.0,1.0,1.0,0.0,0.1,30.0,0.641,0.336,-0.076,1.0,1.0,True,FlowControlLab_NACA0018_quasi_steady_pressure,0.85
0.25932660326889856,0.22734437731436383,0.2606445849659313,0.19152118611392158,0.24722769683735676,0.1895640050889689,0.21884683823785184,0.20879942136857782,-0.25932660326889784,-0.22734437731436563,-0.2606445849659272,-0.1915211861139278,-0.2472276968373516,-0.18956400508897223,-0.21884683823785064,-0.20879942136857804,3.2271094574302454e-16,0.0038218495999859836,20.5,350000.0,0.019489795918367345,9.0,1.0,1.0,0.0,0.1,30.0,0.668,0.354,-0.081,1.0,1.0,True,FlowControlLab_NACA0018_quasi_steady_pressure,0.85
0.25932660326889856,0.22734437731436383,0.2606445849659313,0.19152118611392158,0.24722769683735676,0.1895640050889689,0.21884683823785184,0.20879942136857782,-0.25932660326889784,-0.22734437731436563,-0.2606445849659272,-0.1915211861139278,-0.2472276968373516,-0.18956400508897223,-0.21884683823785064,-0.20879942136857804,3.2271094574302454e-16,0.0038218495999859836,21.0,350000.0,0.019486880466472303,9.0,1.0,1.0,0.0,0.1,30.0,0.699,0.372,-0.087,1.0,1.0,True,FlowControlLab_NACA0018_quasi_steady_pressure,0.85
0.25932660326889856,0.22734437731436383,0.2606445849659313,0.19152118611392158,0.24722769683735676,0.1895640050889689,0.21884683823785184,0.20879942136857782,-0.25932660326889784,-0.22734437731436563,-0.2606445849659272,-0.1915211861139278,-0.2472276968373516,-0.18956400508897223,-0.21884683823785064,-0.20879942136857804,3.2271094574302454e-16,0.0038218495999859836,21.5,350000.0,0.01948396501457726,9.0,1.0,1.0,0.0,0.1,30.0,0.712,0.384,-0.089,1.0,1.0,True,FlowControlLab_NACA0018_quasi_steady_pressure,0.85
0.25932660326889856,0.22734437731436383,0.2606445849659313,0.19152118611392158,0.24722769683735676,0.1895640050889689,0.21884683823785184,0.20879942136857782,-0.25932660326889784,-0.22734437731436563,-0.2606445849659272,-0.1915211861139278,-0.2472276968373516,-0.18956400508897223,-0.21884683823785064,-0.20879942136857804,3.2271094574302454e-16,0.0038218495999859836,22.0,350000.0,0.019495626822157434,9.0,1.0,1.0,0.0,0.1,30.0,0.72,0.395,-0.091,1.0,1.0,True,FlowControlLab_NACA0018_quasi_steady_pressure,0.85
0.25932660326889856,0.22734437731436383,0.2606445849659313,0.19152118611392158,0.24722769683735676,0.1895640050889689,0.21884683823785184,0.20879942136857782,-0.25932660326889784,-0.22734437731436563,-0.2606445849659272,-0.1915211861139278,-0.2472276968373516,-0.18956400508897223,-0.21884683823785064,-0.20879942136857804,3.2271094574302454e-16,0.0038218495999859836,22.5,350000.0,0.01950145772594752,9.0,1.0,1.0,0.0,0.1,30.0,0.734,0.408,-0.093,1.0,1.0,True,FlowControlLab_NACA0018_quasi_steady_pressure,0.85
0.25932660326889856,0.22734437731436383,0.2606445849659313,0.19152118611392158,0.24722769683735676,0.1895640050889689,0.21884683823785184,0.20879942136857782,-0.25932660326889784,-0.22734437731436563,-0.2606445849659272,-0.1915211861139278,-0.2472276968373516,-0.18956400508897223,-0.21884683823785064,-0.20879942136857804,3.2271094574302454e-16,0.0038218495999859836,23.0,350000.0,0.019513119533527697,9.0,1.0,1.0,0.0,0.1,30.0,0.75,0.422,-0.095,1.0,1.0,True,FlowControlLab_NACA0018_quasi_steady_pressure,0.85
0.25932660326889856,0.22734437731436383,0.2606445849659313,0.19152118611392158,0.24722769683735676,0.1895640050889689,0.21884683823785184,0.20879942136857782,-0.25932660326889784,-0.22734437731436563,-0.2606445849659272,-0.1915211861139278,-0.2472276968373516,-0.18956400508897223,-0.21884683823785064,-0.20879942136857804,3.2271094574302454e-16,0.0038218495999859836,23.5,350000.0,0.01950728862973761,9.0,1.0,1.0,0.0,0.1,30.0,0.765,0.436,-0.099,1.0,1.0,True,FlowControlLab_NACA0018_quasi_steady_pressure,0.85
0.25932660326889856,0.22734437731436383,0.2606445849659313,0.19152118611392158,0.24722769683735676,0.1895640050889689,0.21884683823785184,0.20879942136857782,-0.25932660326889784,-0.22734437731436563,-0.2606445849659272,-0.1915211861139278,-0.2472276968373516,-0.18956400508897223,-0.21884683823785064,-0.20879942136857804,3.2271094574302454e-16,0.0038218495999859836,24.0,350000.0,0.019481049562682217,9.0,1.0,1.0,0.0,0.1,30.0,0.797,0.458,-0.106,1.0,1.0,True,FlowControlLab_NACA0018_quasi_steady_pressure,0.85
0.25932660326889856,0.22734437731436383,0.2606445849659313,0.19152118611392158,0.24722769683735676,0.1895640050889689,0.21884683823785184,0.20879942136857782,-0.25932660326889784,-0.22734437731436563,-0.2606445849659272,-0.1915211861139278,-0.2472276968373516,-0.18956400508897223,-0.21884683823785064,-0.20879942136857804,3.2271094574302454e-16,0.0038218495999859836,24.5,350000.0,0.019486880466472303,9.0,1.0,1.0,0.0,0.1,30.0,0.828,0.479,-0.113,1.0,1.0,True,FlowControlLab_NACA0018_quasi_steady_pressure,0.85
0.25932660326889856,0.22734437731436383,0.2606445849659313,0.19152118611392158,0.24722769683735676,0.1895640050889689,0.21884683823785184,0.20879942136857782,-0.25932660326889784,-0.22734437731436563,-0.2606445849659272,-0.1915211861139278,-0.2472276968373516,-0.18956400508897223,-0.21884683823785064,-0.20879942136857804,3.2271094574302454e-16,0.0038218495999859836,25.0,350000.0,0.01949271137026239,9.0,1.0,1.0,0.0,0.1,30.0,0.849,0.498,-0.118,1.0,1.0,True,FlowControlLab_NACA0018_quasi_steady_pressure,0.85
0.25932660326889856,0.22734437731436383,0.2606445849659313,0.19152118611392158,0.24722769683735676,0.1895640050889689,0.21884683823785184,0.20879942136857782,-0.25932660326889784,-0.22734437731436563,-0.2606445849659272,-0.1915211861139278,-0.2472276968373516,-0.18956400508897223,-0.21884683823785064,-0.20879942136857804,3.2271094574302454e-16,0.0038218495999859836,25.5,350000.0,0.01949271137026239,9.0,1.0,1.0,0.0,0.1,30.0,0.86,0.512,-0.12,1.0,1.0,True,FlowControlLab_NACA0018_quasi_steady_pressure,0.85
0.25932660326889856,0.22734437731436383,0.2606445849659313,0.19152118611392158,0.24722769683735676,0.1895640050889689,0.21884683823785184,0.20879942136857782,-0.25932660326889784,-0.22734437731436563,-0.2606445849659272,-0.1915211861139278,-0.2472276968373516,-0.18956400508897223,-0.21884683823785064,-0.20879942136857804,3.2271094574302454e-16,0.0038218495999859836,26.0,350000.0,0.019495626822157434,9.0,1.0,1.0,0.0,0.1,30.0,0.87,0.525,-0.122,1.0,1.0,True,FlowControlLab_NACA0018_quasi_steady_pressure,0.85
0.25932660326889856,0.22734437731436383,0.2606445849659313,0.19152118611392158,0.24722769683735676,0.1895640050889689,0.21884683823785184,0.20879942136857782,-0.25932660326889784,-0.22734437731436563,-0.2606445849659272,-0.1915211861139278,-0.2472276968373516,-0.18956400508897223,-0.21884683823785064,-0.20879942136857804,3.2271094574302454e-16,0.0038218495999859836,26.5,350000.0,0.019504373177842566,9.0,1.0,1.0,0.0,0.1,30.0,0.9,0.549,-0.13,1.0,1.0,True,FlowControlLab_NACA0018_quasi_steady_pressure,0.85
0.25932660326889856,0.22734437731436383,0.2606445849659313,0.19152118611392158,0.24722769683735676,0.1895640050889689,0.21884683823785184,0.20879942136857782,-0.25932660326889784,-0.22734437731436563,-0.2606445849659272,-0.1915211861139278,-0.2472276968373516,-0.18956400508897223,-0.21884683823785064,-0.20879942136857804,3.2271094574302454e-16,0.0038218495999859836,27.0,350000.0,0.01950728862973761,9.0,1.0,1.0,0.0,0.1,30.0,0.923,0.57,-0.135,1.0,1.0,True,FlowControlLab_NACA0018_quasi_steady_pressure,0.85
0.25932660326889856,0.22734437731436383,0.2606445849659313,0.19152118611392158,0.24722769683735676,0.1895640050889689,0.21884683823785184,0.20879942136857782,-0.25932660326889784,-0.22734437731436563,-0.2606445849659272,-0.1915211861139278,-0.2472276968373516,-0.18956400508897223,-0.21884683823785064,-0.20879942136857804,3.2271094574302454e-16,0.0038218495999859836,27.5,350000.0,0.01950145772594752,9.0,1.0,1.0,0.0,0.1,30.0,0.949,0.593,-0.142,1.0,1.0,True,FlowControlLab_NACA0018_quasi_steady_pressure,0.85
0.25932660326889856,0.22734437731436383,0.2606445849659313,0.19152118611392158,0.24722769683735676,0.1895640050889689,0.21884683823785184,0.20879942136857782,-0.25932660326889784,-0.22734437731436563,-0.2606445849659272,-0.1915211861139278,-0.2472276968373516,-0.18956400508897223,-0.21884683823785064,-0.20879942136857804,3.2271094574302454e-16,0.0038218495999859836,28.0,350000.0,0.019504373177842566,9.0,1.0,1.0,0.0,0.1,30.0,0.981,0.619,-0.15,1.0,1.0,True,FlowControlLab_NACA0018_quasi_steady_pressure,0.85
0.25932660326889856,0.22734437731436383,0.2606445849659313,0.19152118611392158,0.24722769683735676,0.1895640050889689,0.21884683823785184,0.20879942136857782,-0.25932660326889784,-0.22734437731436563,-0.2606445849659272,-0.1915211861139278,-0.2472276968373516,-0.18956400508897223,-0.21884683823785064,-0.20879942136857804,3.2271094574302454e-16,0.0038218495999859836,28.5,350000.0,0.01950728862973761,9.0,1.0,1.0,0.0,0.1,30.0,1.007,0.644,-0.156,1.0,1.0,True,FlowControlLab_NACA0018_quasi_steady_pressure,0.85
0.25932660326889856,0.22734437731436383,0.2606445849659313,0.19152118611392158,0.24722769683735676,0.1895640050889689,0.21884683823785184,0.20879942136857782,-0.25932660326889784,-0.22734437731436563,-0.2606445849659272,-0.1915211861139278,-0.2472276968373516,-0.18956400508897223,-0.21884683823785064,-0.20879942136857804,3.2271094574302454e-16,0.0038218495999859836,29.0,350000.0,0.019495626822157434,9.0,1.0,1.0,0.0,0.1,30.0,1.045,0.675,-0.166,1.0,1.0,True,FlowControlLab_NACA0018_quasi_steady_pressure,0.85
0.25932660326889856,0.22734437731436383,0.2606445849659313,0.19152118611392158,0.24722769683735676,0.1895640050889689,0.21884683823785184,0.20879942136857782,-0.25932660326889784,-0.22734437731436563,-0.2606445849659272,-0.1915211861139278,-0.2472276968373516,-0.18956400508897223,-0.21884683823785064,-0.20879942136857804,3.2271094574302454e-16,0.0038218495999859836,29.5,350000.0,0.019475218658892127,9.0,1.0,1.0,0.0,0.1,30.0,1.071,0.701,-0.174,1.0,1.0,True,FlowControlLab_NACA0018_quasi_steady_pressure,0.85
0.25932660326889856,0.22734437731436383,0.2606445849659313,0.19152118611392158,0.24722769683735676,0.1895640050889689,0.21884683823785184,0.20879942136857782,-0.25932660326889784,-0.22734437731436563,-0.2606445849659272,-0.1915211861139278,-0.2472276968373516,-0.18956400508897223,-0.21884683823785064,-0.20879942136857804,3.2271094574302454e-16,0.0038218495999859836,30.0,350000.0,0.019489795918367345,9.0,1.0,1.0,0.0,0.1,30.0,1.1,0.729,-0.183,1.0,1.0,True,FlowControlLab_NACA0018_quasi_steady_pressure,0.85
0.25932660326889856,0.22734437731436383,0.2606445849659313,0.19152118611392158,0.24722769683735676,0.1895640050889689,0.21884683823785184,0.20879942136857782,-0.25932660326889784,-0.22734437731436563,-0.2606445849659272,-0.1915211861139278,-0.2472276968373516,-0.18956400508897223,-0.21884683823785064,-0.20879942136857804,3.2271094574302454e-16,0.0038218495999859836,30.5,350000.0,0.019510204081632655,9.0,1.0,1.0,0.0,0.1,30.0,1.123,0.755,-0.19,1.0,1.0,True,FlowControlLab_NACA0018_quasi_steady_pressure,0.85
0.25932660326889856,0.22734437731436383,0.2606445849659313,0.19152118611392158,0.24722769683735676,0.1895640050889689,0.21884683823785184,0.20879942136857782,-0.25932660326889784,-0.22734437731436563,-0.2606445849659272,-0.1915211861139278,-0.2472276968373516,-0.18956400508897223,-0.21884683823785064,-0.20879942136857804,3.2271094574302454e-16,0.0038218495999859836,31.0,350000.0,0.01950145772594752,9.0,1.0,1.0,0.0,0.1,30.0,1.139,0.776,-0.195,1.0,1.0,True,FlowControlLab_NACA0018_quasi_steady_pressure,0.85
0.25932660326889856,0.22734437731436383,0.2606445849659313,0.19152118611392158,0.24722769683735676,0.1895640050889689,0.21884683823785184,0.20879942136857782,-0.25932660326889784,-0.22734437731436563,-0.2606445849659272,-0.1915211861139278,-0.2472276968373516,-0.18956400508897223,-0.21884683823785064,-0.20879942136857804,3.2271094574302454e-16,0.0038218495999859836,31.5,350000.0,0.019481049562682217,9.0,1.0,1.0,0.0,0.1,30.0,1.158,0.799,-0.2,1.0,1.0,True,FlowControlLab_NACA0018_quasi_steady_pressure,0.85
0.25932660326889856,0.22734437731436383,0.2606445849659313,0.19152118611392158,0.24722769683735676,0.1895640050889689,0.21884683823785184,0.20879942136857782,-0.25932660326889784,-0.22734437731436563,-0.2606445849659272,-0.1915211861139278,-0.2472276968373516,-0.18956400508897223,-0.21884683823785064,-0.20879942136857804,3.2271094574302454e-16,0.0038218495999859836,32.0,350000.0,0.01949271137026239,9.0,1.0,1.0,0.0,0.1,30.0,1.184,0.829,-0.209,1.0,1.0,True,FlowControlLab_NACA0018_quasi_steady_pressure,0.85
0.25932660326889856,0.22734437731436383,0.2606445849659313,0.19152118611392158,0.24722769683735676,0.1895640050889689,0.21884683823785184,0.20879942136857782,-0.25932660326889784,-0.22734437731436563,-0.2606445849659272,-0.1915211861139278,-0.2472276968373516,-0.18956400508897223,-0.21884683823785064,-0.20879942136857804,3.2271094574302454e-16,0.0038218495999859836,-2.0,400000.0,0.019472303206997086,9.0,1.0,1.0,0.0,0.1,30.0,-0.203,0.01,-0.002,1.0,1.0,True,FlowControlLab_NACA0018_quasi_steady_pressure,0.85
0.25932660326889856,0.22734437731436383,0.2606445849659313,0.19152118611392158,0.24722769683735676,0.1895640050889689,0.21884683823785184,0.20879942136857782,-0.25932660326889784,-0.22734437731436563,-0.2606445849659272,-0.1915211861139278,-0.2472276968373516,-0.18956400508897223,-0.21884683823785064,-0.20879942136857804,3.2271094574302454e-16,0.0038218495999859836,-1.5,400000.0,0.019475218658892127,9.0,1.0,1.0,0.0,0.1,30.0,-0.151,0.01,-0.002,1.0,1.0,True,FlowControlLab_NACA0018_quasi_steady_pressure,0.85
0.25932660326889856,0.22734437731436383,0.2606445849659313,0.19152118611392158,0.24722769683735676,0.1895640050889689,0.21884683823785184,0.20879942136857782,-0.25932660326889784,-0.22734437731436563,-0.2606445849659272,-0.1915211861139278,-0.2472276968373516,-0.18956400508897223,-0.21884683823785064,-0.20879942136857804,3.2271094574302454e-16,0.0038218495999859836,-1.0,400000.0,0.019478134110787172,9.0,1.0,1.0,0.0,0.1,30.0,-0.098,0.009,-0.002,1.0,1.0,True,FlowControlLab_NACA0018_quasi_steady_pressure,0.85
0.25932660326889856,0.22734437731436383,0.2606445849659313,0.19152118611392158,0.24722769683735676,0.1895640050889689,0.21884683823785184,0.20879942136857782,-0.25932660326889784,-0.22734437731436563,-0.2606445849659272,-0.1915211861139278,-0.2472276968373516,-0.18956400508897223,-0.21884683823785064,-0.20879942136857804,3.2271094574302454e-16,0.0038218495999859836,-0.5,400000.0,0.019472303206997086,9.0,1.0,1.0,0.0,0.1,30.0,-0.044,0.009,-0.002,1.0,1.0,True,FlowControlLab_NACA0018_quasi_steady_pressure,0.85
0.25932660326889856,0.22734437731436383,0.2606445849659313,0.19152118611392158,0.24722769683735676,0.1895640050889689,0.21884683823785184,0.20879942136857782,-0.25932660326889784,-0.22734437731436563,-0.2606445849659272,-0.1915211861139278,-0.2472276968373516,-0.18956400508897223,-0.21884683823785064,-0.20879942136857804,3.2271094574302454e-16,0.0038218495999859836,0.0,400000.0,0.01946064139941691,9.0,1.0,1.0,0.0,0.1,30.0,0.009,0.009,-0.002,1.0,1.0,True,FlowControlLab_NACA0018_quasi_steady_pressure,0.85
0.25932660326889856,0.22734437731436383,0.2606445849659313,0.19152118611392158,0.24722769683735676,0.1895640050889689,0.21884683823785184,0.20879942136857782,-0.25932660326889784,-0.22734437731436563,-0.2606445849659272,-0.1915211861139278,-0.2472276968373516,-0.18956400508897223,-0.21884683823785064,-0.20879942136857804,3.2271094574302454e-16,0.0038218495999859836,0.5,400000.0,0.01945189504373178,9.0,1.0,1.0,0.0,0.1,30.0,0.059,0.009,-0.001,1.0,1.0,True,FlowControlLab_NACA0018_quasi_steady_pressure,0.85
0.25932660326889856,0.22734437731436383,0.2606445849659313,0.19152118611392158,0.24722769683735676,0.1895640050889689,0.21884683823785184,0.20879942136857782,-0.25932660326889784,-0.22734437731436563,-0.2606445849659272,-0.1915211861139278,-0.2472276968373516,-0.18956400508897223,-0.21884683823785064,-0.20879942136857804,3.2271094574302454e-16,0.0038218495999859836,1.0,400000.0,0.019475218658892127,9.0,1.0,1.0,0.0,0.1,30.0,0.108,0.009,0.0,1.0,1.0,True,FlowControlLab_NACA0018_quasi_steady_pressure,0.85
0.25932660326889856,0.22734437731436383,0.2606445849659313,0.19152118611392158,0.24722769683735676,0.1895640050889689,0.21884683823785184,0.20879942136857782,-0.25932660326889784,-0.22734437731436563,-0.2606445849659272,-0.1915211861139278,-0.2472276968373516,-0.18956400508897223,-0.21884683823785064,-0.20879942136857804,3.2271094574302454e-16,0.0038218495999859836,1.5,400000.0,0.019478134110787172,9.0,1.0,1.0,0.0,0.1,30.0,0.157,0.009,0.001,1.0,1.0,True,FlowControlLab_NACA0018_quasi_steady_pressure,0.85
0.25932660326889856,0.22734437731436383,0.2606445849659313,0.19152118611392158,0.24722769683735676,0.1895640050889689,0.21884683823785184,0.20879942136857782,-0.25932660326889784,-0.22734437731436563,-0.2606445849659272,-0.1915211861139278,-0.2472276968373516,-0.18956400508897223,-0.21884683823785064,-0.20879942136857804,3.2271094574302454e-16,0.0038218495999859836,2.0,400000.0,0.019481049562682217,9.0,1.0,1.0,0.0,0.1,30.0,0.207,0.01,0.002,1.0,1.0,True,FlowControlLab_NACA0018_quasi_steady_pressure,0.85
0.25932660326889856,0.22734437731436383,0.2606445849659313,0.19152118611392158,0.24722769683735676,0.1895640050889689,0.21884683823785184,0.20879942136857782,-0.25932660326889784,-0.22734437731436563,-0.2606445849659272,-0.1915211861139278,-0.2472276968373516,-0.18956400508897223,-0.21884683823785064,-0.20879942136857804,3.2271094574302454e-16,0.0038218495999859836,2.5,400000.0,0.019475218658892127,9.0,1.0,1.0,0.0,0.1,30.0,0.255,0.01,0.003,1.0,1.0,True,FlowControlLab_NACA0018_quasi_steady_pressure,0.85
0.25932660326889856,0.22734437731436383,0.2606445849659313,0.19152118611392158,0.24722769683735676,0.1895640050889689,0.21884683823785184,0.20879942136857782,-0.25932660326889784,-0.22734437731436563,-0.2606445849659272,-0.1915211861139278,-0.2472276968373516,-0.18956400508897223,-0.21884683823785064,-0.20879942136857804,3.2271094574302454e-16,0.0038218495999859836,3.0,400000.0,0.01945772594752187,9.0,1.0,1.0,0.0,0.1,30.0,0.302,0.01,0.005,1.0,1.0,True,FlowControlLab_NACA0018_quasi_steady_pressure,0.85
0.25932660326889856,0.22734437731436383,0.2606445849659313,0.19152118611392158,0.24722769683735676,0.1895640050889689,0.21884683823785184,0.20879942136857782,-0.25932660326889784,-0.22734437731436563,-0.2606445849659272,-0.1915211861139278,-0.2472276968373516,-0.18956400508897223,-0.21884683823785064,-0.20879942136857804,3.2271094574302454e-16,0.0038218495999859836,3.5,400000.0,0.019472303206997086,9.0,1.0,1.0,0.0,0.1,30.0,0.348,0.011,0.006,1.0,1.0,True,FlowControlLab_NACA0018_quasi_steady_pressure,0.85
0.25932660326889856,0.22734437731436383,0.2606445849659313,0.19152118611392158,0.24722769683735676,0.1895640050889689,0.21884683823785184,0.20879942136857782,-0.25932660326889784,-0.22734437731436563,-0.2606445849659272,-0.1915211861139278,-0.2472276968373516,-0.18956400508897223,-0.21884683823785064,-0.20879942136857804,3.2271094574302454e-16,0.0038218495999859836,4.0,400000.0,0.019495626822157434,9.0,1.0,1.0,0.0,0.1,30.0,0.396,0.011,0.008,1.0,1.0,True,FlowControlLab_NACA0018_quasi_steady_pressure,0.85
0.25932660326889856,0.22734437731436383,0.2606445849659313,0.19152118611392158,0.24722769683735676,0.1895640050889689,0.21884683823785184,0.20879942136857782,-0.25932660326889784,-0.22734437731436563,-0.2606445849659272,-0.1915211861139278,-0.2472276968373516,-0.18956400508897223,-0.21884683823785064,-0.20879942136857804,3.2271094574302454e-16,0.0038218495999859836,4.5,400000.0,0.019495626822157434,9.0,1.0,1.0,0.0,0.1,30.0,0.446,0.012,0.009,1.0,1.0,True,FlowControlLab_NACA0018_quasi_steady_pressure,0.85
0.25932660326889856,0.22734437731436383,0.2606445849659313,0.19152118611392158,0.24722769683735676,0.1895640050889689,0.21884683823785184,0.20879942136857782,-0.25932660326889784,-0.22734437731436563,-0.2606445849659272,-0.1915211861139278,-0.2472276968373516,-0.18956400508897223,-0.21884683823785064,-0.20879942136857804,3.2271094574302454e-16,0.0038218495999859836,5.0,400000.0,0.019475218658892127,9.0,1.0,1.0,0.0,0.1,30.0,0.494,0.013,0.01,1.0,1.0,True,FlowControlLab_NACA0018_quasi_steady_pressure,0.85
0.25932660326889856,0.22734437731436383,0.2606445849659313,0.19152118611392158,0.24722769683735676,0.1895640050889689,0.21884683823785184,0.20879942136857782,-0.25932660326889784,-0.22734437731436563,-0.2606445849659272,-0.1915211861139278,-0.2472276968373516,-0.18956400508897223,-0.21884683823785064,-0.20879942136857804,3.2271094574302454e-16,0.0038218495999859836,5.5,400000.0,0.01946064139941691,9.0,1.0,1.0,0.0,0.1,30.0,0.545,0.014,0.011,1.0,1.0,True,FlowControlLab_NACA0018_quasi_steady_pressure,0.85
0.25932660326889856,0.22734437731436383,0.2606445849659313,0.19152118611392158,0.24722769683735676,0.1895640050889689,0.21884683823785184,0.20879942136857782,-0.25932660326889784,-0.22734437731436563,-0.2606445849659272,-0.1915211861139278,-0.2472276968373516,-0.18956400508897223,-0.21884683823785064,-0.20879942136857804,3.2271094574302454e-16,0.0038218495999859836,6.0,400000.0,0.019463556851311955,9.0,1.0,1.0,0.0,0.1,30.0,0.604,0.015,0.009,1.0,1.0,True,FlowControlLab_NACA0018_quasi_steady_pressure,0.85
0.25932660326889856,0.22734437731436383,0.2606445849659313,0.19152118611392158,0.24722769683735676,0.1895640050889689,0.21884683823785184,0.20879942136857782,-0.25932660326889784,-0.22734437731436563,-0.2606445849659272,-0.1915211861139278,-0.2472276968373516,-0.18956400508897223,-0.21884683823785064,-0.20879942136857804,3.2271094574302454e-16,0.0038218495999859836,6.5,400000.0,0.019466472303206996,9.0,1.0,1.0,0.0,0.1,30.0,0.674,0.016,0.006,1.0,1.0,True,FlowControlLab_NACA0018_quasi_steady_pressure,0.85
0.25932660326889856,0.22734437731436383,0.2606445849659313,0.19152118611392158,0.24722769683735676,0.1895640050889689,0.21884683823785184,0.20879942136857782,-0.25932660326889784,-0.22734437731436563,-0.2606445849659272,-0.1915211861139278,-0.2472276968373516,-0.18956400508897223,-0.21884683823785064,-0.20879942136857804,3.2271094574302454e-16,0.0038218495999859836,7.0,400000.0,0.01946064139941691,9.0,1.0,1.0,0.0,0.1,30.0,0.742,0.017,0.002,1.0,1.0,True,FlowControlLab_NACA0018_quasi_steady_pressure,0.85
0.25932660326889856,0.22734437731436383,0.2606445849659313,0.19152118611392158,0.24722769683735676,0.1895640050889689,0.21884683823785184,0.20879942136857782,-0.25932660326889784,-0.22734437731436563,-0.2606445849659272,-0.1915211861139278,-0.2472276968373516,-0.18956400508897223,-0.21884683823785064,-0.20879942136857804,3.2271094574302454e-16,0.0038218495999859836,7.5,400000.0,0.01945189504373178,9.0,1.0,1.0,0.0,0.1,30.0,0.798,0.018,-0.0,1.0,1.0,True,FlowControlLab_NACA0018_quasi_steady_pressure,0.85
0.25932660326889856,0.22734437731436383,0.2606445849659313,0.19152118611392158,0.24722769683735676,0.1895640050889689,0.21884683823785184,0.20879942136857782,-0.25932660326889784,-0.22734437731436563,-0.2606445849659272,-0.1915211861139278,-0.2472276968373516,-0.18956400508897223,-0.21884683823785064,-0.20879942136857804,3.2271094574302454e-16,0.0038218495999859836,8.0,400000.0,0.01945772594752187,9.0,1.0,1.0,0.0,0.1,30.0,0.846,0.019,-0.001,1.0,1.0,True,FlowControlLab_NACA0018_quasi_steady_pressure,0.85
0.25932660326889856,0.22734437731436383,0.2606445849659313,0.19152118611392158,0.24722769683735676,0.1895640050889689,0.21884683823785184,0.20879942136857782,-0.25932660326889784,-0.22734437731436563,-0.2606445849659272,-0.1915211861139278,-0.2472276968373516,-0.18956400508897223,-0.21884683823785064,-0.20879942136857804,3.2271094574302454e-16,0.0038218495999859836,8.5,400000.0,0.019472303206997086,9.0,1.0,1.0,0.0,0.1,30.0,0.885,0.02,0.002,1.0,1.0,True,FlowControlLab_NACA0018_quasi_steady_pressure,0.85
0.25932660326889856,0.22734437731436383,0.2606445849659313,0.19152118611392158,0.24722769683735676,0.1895640050889689,0.21884683823785184,0.20879942136857782,-0.25932660326889784,-0.22734437731436563,-0.2606445849659272,-0.1915211861139278,-0.2472276968373516,-0.18956400508897223,-0.21884683823785064,-0.20879942136857804,3.2271094574302454e-16,0.0038218495999859836,9.0,400000.0,0.019478134110787172,9.0,1.0,1.0,0.0,0.1,30.0,0.912,0.021,0.007,1.0,1.0,True,FlowControlLab_NACA0018_quasi_steady_pressure,0.85
0.25932660326889856,0.22734437731436383,0.2606445849659313,0.19152118611392158,0.24722769683735676,0.1895640050889689,0.21884683823785184,0.20879942136857782,-0.25932660326889784,-0.22734437731436563,-0.2606445849659272,-0.1915211861139278,-0.2472276968373516,-0.18956400508897223,-0.21884683823785064,-0.20879942136857804,3.2271094574302454e-16,0.0038218495999859836,9.5,400000.0,0.01948396501457726,9.0,1.0,1.0,0.0,0.1,30.0,0.935,0.022,0.012,1.0,1.0,True,FlowControlLab_NACA0018_quasi_steady_pressure,0.85
0.25932660326889856,0.22734437731436383,0.2606445849659313,0.19152118611392158,0.24722769683735676,0.1895640050889689,0.21884683823785184,0.20879942136857782,-0.25932660326889784,-0.22734437731436563,-0.2606445849659272,-0.1915211861139278,-0.2472276968373516,-0.18956400508897223,-0.21884683823785064,-0.20879942136857804,3.2271094574302454e-16,0.0038218495999859836,10.0,400000.0,0.019498542274052476,9.0,1.0,1.0,0.0,0.1,30.0,0.963,0.023,0.016,1.0,1.0,True,FlowControlLab_NACA0018_quasi_steady_pressure,0.85
0.25932660326889856,0.22734437731436383,0.2606445849659313,0.19152118611392158,0.24722769683735676,0.1895640050889689,0.21884683823785184,0.20879942136857782,-0.25932660326889784,-0.22734437731436563,-0.2606445849659272,-0.1915211861139278,-0.2472276968373516,-0.18956400508897223,-0.21884683823785064,-0.20879942136857804,3.2271094574302454e-16,0.0038218495999859836,10.5,400000.0,0.01950728862973761,9.0,1.0,1.0,0.0,0.1,30.0,0.992,0.024,0.02,1.0,1.0,True,FlowControlLab_NACA0018_quasi_steady_pressure,0.85
0.25932660326889856,0.22734437731436383,0.2606445849659313,0.19152118611392158,0.24722769683735676,0.1895640050889689,0.21884683823785184,0.20879942136857782,-0.25932660326889784,-0.22734437731436563,-0.2606445849659272,-0.1915211861139278,-0.2472276968373516,-0.18956400508897223,-0.21884683823785064,-0.20879942136857804,3.2271094574302454e-16,0.0038218495999859836,11.0,400000.0,0.019489795918367345,9.0,1.0,1.0,0.0,0.1,30.0,1.014,0.026,0.024,1.0,1.0,True,FlowControlLab_NACA0018_quasi_steady_pressure,0.85
0.25932660326889856,0.22734437731436383,0.2606445849659313,0.19152118611392158,0.24722769683735676,0.1895640050889689,0.21884683823785184,0.20879942136857782,-0.25932660326889784,-0.22734437731436563,-0.2606445849659272,-0.1915211861139278,-0.2472276968373516,-0.18956400508897223,-0.21884683823785064,-0.20879942136857804,3.2271094574302454e-16,0.0038218495999859836,11.5,400000.0,0.01946938775510204,9.0,1.0,1.0,0.0,0.1,30.0,1.033,0.028,0.027,1.0,1.0,True,FlowControlLab_NACA0018_quasi_steady_pressure,0.85
0.25932660326889856,0.22734437731436383,0.2606445849659313,0.19152118611392158,0.24722769683735676,0.1895640050889689,0.21884683823785184,0.20879942136857782,-0.25932660326889784,-0.22734437731436563,-0.2606445849659272,-0.1915211861139278,-0.2472276968373516,-0.18956400508897223,-0.21884683823785064,-0.20879942136857804,3.2271094574302454e-16,0.0038218495999859836,12.0,400000.0,0.019472303206997086,9.0,1.0,1.0,0.0,0.1,30.0,1.048,0.031,0.03,1.0,1.0,True,FlowControlLab_NACA0018_quasi_steady_pressure,0.85
0.25932660326889856,0.22734437731436383,0.2606445849659313,0.19152118611392158,0.24722769683735676,0.1895640050889689,0.21884683823785184,0.20879942136857782,-0.25932660326889784,-0.22734437731436563,-0.2606445849659272,-0.1915211861139278,-0.2472276968373516,-0.18956400508897223,-0.21884683823785064,-0.20879942136857804,3.2271094574302454e-16,0.0038218495999859836,12.5,400000.0,0.019478134110787172,9.0,1.0,1.0,0.0,0.1,30.0,1.062,0.034,0.031,1.0,1.0,True,FlowControlLab_NACA0018_quasi_steady_pressure,0.85
0.25932660326889856,0.22734437731436383,0.2606445849659313,0.19152118611392158,0.24722769683735676,0.1895640050889689,0.21884683823785184,0.20879942136857782,-0.25932660326889784,-0.22734437731436563,-0.2606445849659272,-0.1915211861139278,-0.2472276968373516,-0.18956400508897223,-0.21884683823785064,-0.20879942136857804,3.2271094574302454e-16,0.0038218495999859836,13.0,400000.0,0.01946938775510204,9.0,1.0,1.0,0.0,0.1,30.0,1.071,0.038,0.032,1.0,1.0,True,FlowControlLab_NACA0018_quasi_steady_pressure,0.85
0.25932660326889856,0.22734437731436383,0.2606445849659313,0.19152118611392158,0.24722769683735676,0.1895640050889689,0.21884683823785184,0.20879942136857782,-0.25932660326889784,-0.22734437731436563,-0.2606445849659272,-0.1915211861139278,-0.2472276968373516,-0.18956400508897223,-0.21884683823785064,-0.20879942136857804,3.2271094574302454e-16,0.0038218495999859836,13.5,400000.0,0.01946938775510204,9.0,1.0,1.0,0.0,0.1,30.0,1.074,0.043,0.031,1.0,1.0,True,FlowControlLab_NACA0018_quasi_steady_pressure,0.85
0.25932660326889856,0.22734437731436383,0.2606445849659313,0.19152118611392158,0.24722769683735676,0.1895640050889689,0.21884683823785184,0.20879942136857782,-0.25932660326889784,-0.22734437731436563,-0.2606445849659272,-0.1915211861139278,-0.2472276968373516,-0.18956400508897223,-0.21884683823785064,-0.20879942136857804,3.2271094574302454e-16,0.0038218495999859836,14.0,400000.0,0.019466472303206996,9.0,1.0,1.0,0.0,0.1,30.0,1.072,0.047,0.031,1.0,1.0,True,FlowControlLab_NACA0018_quasi_steady_pressure,0.85
0.25932660326889856,0.22734437731436383,0.2606445849659313,0.19152118611392158,0.24722769683735676,0.1895640050889689,0.21884683823785184,0.20879942136857782,-0.25932660326889784,-0.22734437731436563,-0.2606445849659272,-0.1915211861139278,-0.2472276968373516,-0.18956400508897223,-0.21884683823785064,-0.20879942136857804,3.2271094574302454e-16,0.0038218495999859836,14.5,400000.0,0.01944606413994169,9.0,1.0,1.0,0.0,0.1,30.0,1.064,0.05,0.032,1.0,1.0,True,FlowControlLab_NACA0018_quasi_steady_pressure,0.85
0.25932660326889856,0.22734437731436383,0.2606445849659313,0.19152118611392158,0.24722769683735676,0.1895640050889689,0.21884683823785184,0.20879942136857782,-0.25932660326889784,-0.22734437731436563,-0.2606445849659272,-0.1915211861139278,-0.2472276968373516,-0.18956400508897223,-0.21884683823785064,-0.20879942136857804,3.2271094574302454e-16,0.0038218495999859836,15.0,400000.0,0.019448979591836734,9.0,1.0,1.0,0.0,0.1,30.0,1.058,0.053,0.032,1.0,1.0,True,FlowControlLab_NACA0018_quasi_steady_pressure,0.85
0.25932660326889856,0.22734437731436383,0.2606445849659313,0.19152118611392158,0.24722769683735676,0.1895640050889689,0.21884683823785184,0.20879942136857782,-0.25932660326889784,-0.22734437731436563,-0.2606445849659272,-0.1915211861139278,-0.2472276968373516,-0.18956400508897223,-0.21884683823785064,-0.20879942136857804,3.2271094574302454e-16,0.0038218495999859836,15.5,400000.0,0.019463556851311955,9.0,1.0,1.0,0.0,0.1,30.0,1.057,0.058,0.031,1.0,1.0,True,FlowControlLab_NACA0018_quasi_steady_pressure,0.85
0.25932660326889856,0.22734437731436383,0.2606445849659313,0.19152118611392158,0.24722769683735676,0.1895640050889689,0.21884683823785184,0.20879942136857782,-0.25932660326889784,-0.22734437731436563,-0.2606445849659272,-0.1915211861139278,-0.2472276968373516,-0.18956400508897223,-0.21884683823785064,-0.20879942136857804,3.2271094574302454e-16,0.0038218495999859836,16.0,400000.0,0.019478134110787172,9.0,1.0,1.0,0.0,0.1,30.0,1.058,0.065,0.028,1.0,1.0,True,FlowControlLab_NACA0018_quasi_steady_pressure,0.85
0.25932660326889856,0.22734437731436383,0.2606445849659313,0.19152118611392158,0.24722769683735676,0.1895640050889689,0.21884683823785184,0.20879942136857782,-0.25932660326889784,-0.22734437731436563,-0.2606445849659272,-0.1915211861139278,-0.2472276968373516,-0.18956400508897223,-0.21884683823785064,-0.20879942136857804,3.2271094574302454e-16,0.0038218495999859836,16.5,400000.0,0.019475218658892127,9.0,1.0,1.0,0.0,0.1,30.0,1.056,0.073,0.024,1.0,1.0,True,FlowControlLab_NACA0018_quasi_steady_pressure,0.85
0.25932660326889856,0.22734437731436383,0.2606445849659313,0.19152118611392158,0.24722769683735676,0.1895640050889689,0.21884683823785184,0.20879942136857782,-0.25932660326889784,-0.22734437731436563,-0.2606445849659272,-0.1915211861139278,-0.2472276968373516,-0.18956400508897223,-0.21884683823785064,-0.20879942136857804,3.2271094574302454e-16,0.0038218495999859836,17.0,400000.0,0.019466472303206996,9.0,1.0,1.0,0.0,0.1,30.0,1.055,0.082,0.02,1.0,1.0,True,FlowControlLab_NACA0018_quasi_steady_pressure,0.85
0.25932660326889856,0.22734437731436383,0.2606445849659313,0.19152118611392158,0.24722769683735676,0.1895640050889689,0.21884683823785184,0.20879942136857782,-0.25932660326889784,-0.22734437731436563,-0.2606445849659272,-0.1915211861139278,-0.2472276968373516,-0.18956400508897223,-0.21884683823785064,-0.20879942136857804,3.2271094574302454e-16,0.0038218495999859836,17.5,400000.0,0.019481049562682217,9.0,1.0,1.0,0.0,0.1,30.0,1.055,0.093,0.015,1.0,1.0,True,FlowControlLab_NACA0018_quasi_steady_pressure,0.85
0.25932660326889856,0.22734437731436383,0.2606445849659313,0.19152118611392158,0.24722769683735676,0.1895640050889689,0.21884683823785184,0.20879942136857782,-0.25932660326889784,-0.22734437731436563,-0.2606445849659272,-0.1915211861139278,-0.2472276968373516,-0.18956400508897223,-0.21884683823785064,-0.20879942136857804,3.2271094574302454e-16,0.0038218495999859836,18.0,400000.0,0.01949271137026239,9.0,1.0,1.0,0.0,0.1,30.0,1.058,0.106,0.009,1.0,1.0,True,FlowControlLab_NACA0018_quasi_steady_pressure,0.85
0.25932660326889856,0.22734437731436383,0.2606445849659313,0.19152118611392158,0.24722769683735676,0.1895640050889689,0.21884683823785184,0.20879942136857782,-0.25932660326889784,-0.22734437731436563,-0.2606445849659272,-0.1915211861139278,-0.2472276968373516,-0.18956400508897223,-0.21884683823785064,-0.20879942136857804,3.2271094574302454e-16,0.0038218495999859836,18.5,400000.0,0.019486880466472303,9.0,1.0,1.0,0.0,0.1,30.0,1.054,0.116,0.005,1.0,1.0,True,FlowControlLab_NACA0018_quasi_steady_pressure,0.85
0.25932660326889856,0.22734437731436383,0.2606445849659313,0.19152118611392158,0.24722769683735676,0.1895640050889689,0.21884683823785184,0.20879942136857782,-0.25932660326889784,-0.22734437731436563,-0.2606445849659272,-0.1915211861139278,-0.2472276968373516,-0.18956400508897223,-0.21884683823785064,-0.20879942136857804,3.2271094574302454e-16,0.0038218495999859836,19.0,400000.0,0.019475218658892127,9.0,1.0,1.0,0.0,0.1,30.0,1.042,0.126,-0.0,1.0,1.0,True,FlowControlLab_NACA0018_quasi_steady_pressure,0.85
0.25932660326889856,0.22734437731436383,0.2606445849659313,0.19152118611392158,0.24722769683735676,0.1895640050889689,0.21884683823785184,0.20879942136857782,-0.25932660326889784,-0.22734437731436563,-0.2606445849659272,-0.1915211861139278,-0.2472276968373516,-0.18956400508897223,-0.21884683823785064,-0.20879942136857804,3.2271094574302454e-16,0.0038218495999859836,19.5,400000.0,0.01948396501457726,9.0,1.0,1.0,0.0,0.1,30.0,1.03,0.139,-0.008,1.0,1.0,True,FlowControlLab_NACA0018_quasi_steady_pressure,0.85
0.25932660326889856,0.22734437731436383,0.2606445849659313,0.19152118611392158,0.24722769683735676,0.1895640050889689,0.21884683823785184,0.20879942136857782,-0.25932660326889784,-0.22734437731436563,-0.2606445849659272,-0.1915211861139278,-0.2472276968373516,-0.18956400508897223,-0.21884683823785064,-0.20879942136857804,3.2271094574302454e-16,0.0038218495999859836,20.0,400000.0,0.019489795918367345,9.0,1.0,1.0,0.0,0.1,30.0,1.016,0.153,-0.014,1.0,1.0,True,FlowControlLab_NACA0018_quasi_steady_pressure,0.85
0.25932660326889856,0.22734437731436383,0.2606445849659313,0.19152118611392158,0.24722769683735676,0.1895640050889689,0.21884683823785184,0.20879942136857782,-0.25932660326889784,-0.22734437731436563,-0.2606445849659272,-0.1915211861139278,-0.2472276968373516,-0.18956400508897223,-0.21884683823785064,-0.20879942136857804,3.2271094574302454e-16,0.0038218495999859836,20.5,400000.0,0.019489795918367345,9.0,1.0,1.0,0.0,0.1,30.0,1.002,0.168,-0.02,1.0,1.0,True,FlowControlLab_NACA0018_quasi_steady_pressure,0.85
0.25932660326889856,0.22734437731436383,0.2606445849659313,0.19152118611392158,0.24722769683735676,0.1895640050889689,0.21884683823785184,0.20879942136857782,-0.25932660326889784,-0.22734437731436563,-0.2606445849659272,-0.1915211861139278,-0.2472276968373516,-0.18956400508897223,-0.21884683823785064,-0.20879942136857804,3.2271094574302454e-16,0.0038218495999859836,21.0,400000.0,0.019486880466472303,9.0,1.0,1.0,0.0,0.1,30.0,0.989,0.181,-0.025,1.0,1.0,True,FlowControlLab_NACA0018_quasi_steady_pressure,0.85
0.25932660326889856,0.22734437731436383,0.2606445849659313,0.19152118611392158,0.24722769683735676,0.1895640050889689,0.21884683823785184,0.20879942136857782,-0.25932660326889784,-0.22734437731436563,-0.2606445849659272,-0.1915211861139278,-0.2472276968373516,-0.18956400508897223,-0.21884683823785064,-0.20879942136857804,3.2271094574302454e-16,0.0038218495999859836,21.5,400000.0,0.01948396501457726,9.0,1.0,1.0,0.0,0.1,30.0,0.986,0.195,-0.029,1.0,1.0,True,FlowControlLab_NACA0018_quasi_steady_pressure,0.85
0.25932660326889856,0.22734437731436383,0.2606445849659313,0.19152118611392158,0.24722769683735676,0.1895640050889689,0.21884683823785184,0.20879942136857782,-0.25932660326889784,-0.22734437731436563,-0.2606445849659272,-0.1915211861139278,-0.2472276968373516,-0.18956400508897223,-0.21884683823785064,-0.20879942136857804,3.2271094574302454e-16,0.0038218495999859836,22.0,400000.0,0.019495626822157434,9.0,1.0,1.0,0.0,0.1,30.0,0.91,0.281,-0.057,1.0,1.0,True,FlowControlLab_NACA0018_quasi_steady_pressure,0.85
0.25932660326889856,0.22734437731436383,0.2606445849659313,0.19152118611392158,0.24722769683735676,0.1895640050889689,0.21884683823785184,0.20879942136857782,-0.25932660326889784,-0.22734437731436563,-0.2606445849659272,-0.1915211861139278,-0.2472276968373516,-0.18956400508897223,-0.21884683823785064,-0.20879942136857804,3.2271094574302454e-16,0.0038218495999859836,22.5,400000.0,0.01950145772594752,9.0,1.0,1.0,0.0,0.1,30.0,0.778,0.381,-0.088,1.0,1.0,True,FlowControlLab_NACA0018_quasi_steady_pressure,0.85
0.25932660326889856,0.22734437731436383,0.2606445849659313,0.19152118611392158,0.24722769683735676,0.1895640050889689,0.21884683823785184,0.20879942136857782,-0.25932660326889784,-0.22734437731436563,-0.2606445849659272,-0.1915211861139278,-0.2472276968373516,-0.18956400508897223,-0.21884683823785064,-0.20879942136857804,3.2271094574302454e-16,0.0038218495999859836,23.0,400000.0,0.019513119533527697,9.0,1.0,1.0,0.0,0.1,30.0,0.744,0.414,-0.096,1.0,1.0,True,FlowControlLab_NACA0018_quasi_steady_pressure,0.85
0.25932660326889856,0.22734437731436383,0.2606445849659313,0.19152118611392158,0.24722769683735676,0.1895640050889689,0.21884683823785184,0.20879942136857782,-0.25932660326889784,-0.22734437731436563,-0.2606445849659272,-0.1915211861139278,-0.2472276968373516,-0.18956400508897223,-0.21884683823785064,-0.20879942136857804,3.2271094574302454e-16,0.0038218495999859836,23.5,400000.0,0.01950728862973761,9.0,1.0,1.0,0.0,0.1,30.0,0.768,0.432,-0.101,1.0,1.0,True,FlowControlLab_NACA0018_quasi_steady_pressure,0.85
0.25932660326889856,0.22734437731436383,0.2606445849659313,0.19152118611392158,0.24722769683735676,0.1895640050889689,0.21884683823785184,0.20879942136857782,-0.25932660326889784,-0.22734437731436563,-0.2606445849659272,-0.1915211861139278,-0.2472276968373516,-0.18956400508897223,-0.21884683823785064,-0.20879942136857804,3.2271094574302454e-16,0.0038218495999859836,24.0,400000.0,0.019481049562682217,9.0,1.0,1.0,0.0,0.1,30.0,0.779,0.445,-0.103,1.0,1.0,True,FlowControlLab_NACA0018_quasi_steady_pressure,0.85
0.25932660326889856,0.22734437731436383,0.2606445849659313,0.19152118611392158,0.24722769683735676,0.1895640050889689,0.21884683823785184,0.20879942136857782,-0.25932660326889784,-0.22734437731436563,-0.2606445849659272,-0.1915211861139278,-0.2472276968373516,-0.18956400508897223,-0.21884683823785064,-0.20879942136857804,3.2271094574302454e-16,0.0038218495999859836,24.5,400000.0,0.019486880466472303,9.0,1.0,1.0,0.0,0.1,30.0,0.798,0.462,-0.107,1.0,1.0,True,FlowControlLab_NACA0018_quasi_steady_pressure,0.85
0.25932660326889856,0.22734437731436383,0.2606445849659313,0.19152118611392158,0.24722769683735676,0.1895640050889689,0.21884683823785184,0.20879942136857782,-0.25932660326889784,-0.22734437731436563,-0.2606445849659272,-0.1915211861139278,-0.2472276968373516,-0.18956400508897223,-0.21884683823785064,-0.20879942136857804,3.2271094574302454e-16,0.0038218495999859836,25.0,400000.0,0.01949271137026239,9.0,1.0,1.0,0.0,0.1,30.0,0.825,0.482,-0.113,1.0,1.0,True,FlowControlLab_NACA0018_quasi_steady_pressure,0.85
0.25932660326889856,0.22734437731436383,0.2606445849659313,0.19152118611392158,0.24722769683735676,0.1895640050889689,0.21884683823785184,0.20879942136857782,-0.25932660326889784,-0.22734437731436563,-0.2606445849659272,-0.1915211861139278,-0.2472276968373516,-0.18956400508897223,-0.21884683823785064,-0.20879942136857804,3.2271094574302454e-16,0.0038218495999859836,25.5,400000.0,0.01949271137026239,9.0,1.0,1.0,0.0,0.1,30.0,0.858,0.505,-0.121,1.0,1.0,True,FlowControlLab_NACA0018_quasi_steady_pressure,0.85
0.25932660326889856,0.22734437731436383,0.2606445849659313,0.19152118611392158,0.24722769683735676,0.1895640050889689,0.21884683823785184,0.20879942136857782,-0.25932660326889784,-0.22734437731436563,-0.2606445849659272,-0.1915211861139278,-0.2472276968373516,-0.18956400508897223,-0.21884683823785064,-0.20879942136857804,3.2271094574302454e-16,0.0038218495999859836,26.0,400000.0,0.019495626822157434,9.0,1.0,1.0,0.0,0.1,30.0,0.89,0.53,-0.128,1.0,1.0,True,FlowControlLab_NACA0018_quasi_steady_pressure,0.85
0.25932660326889856,0.22734437731436383,0.2606445849659313,0.19152118611392158,0.24722769683735676,0.1895640050889689,0.21884683823785184,0.20879942136857782,-0.25932660326889784,-0.22734437731436563,-0.2606445849659272,-0.1915211861139278,-0.2472276968373516,-0.18956400508897223,-0.21884683823785064,-0.20879942136857804,3.2271094574302454e-16,0.0038218495999859836,26.5,400000.0,0.019504373177842566,9.0,1.0,1.0,0.0,0.1,30.0,0.904,0.545,-0.131,1.0,1.0,True,FlowControlLab_NACA0018_quasi_steady_pressure,0.85
0.25932660326889856,0.22734437731436383,0.2606445849659313,0.19152118611392158,0.24722769683735676,0.1895640050889689,0.21884683823785184,0.20879942136857782,-0.25932660326889784,-0.22734437731436563,-0.2606445849659272,-0.1915211861139278,-0.2472276968373516,-0.18956400508897223,-0.21884683823785064,-0.20879942136857804,3.2271094574302454e-16,0.0038218495999859836,27.0,400000.0,0.01950728862973761,9.0,1.0,1.0,0.0,0.1,30.0,0.916,0.56,-0.134,1.0,1.0,True,FlowControlLab_NACA0018_quasi_steady_pressure,0.85
0.25932660326889856,0.22734437731436383,0.2606445849659313,0.19152118611392158,0.24722769683735676,0.1895640050889689,0.21884683823785184,0.20879942136857782,-0.25932660326889784,-0.22734437731436563,-0.2606445849659272,-0.1915211861139278,-0.2472276968373516,-0.18956400508897223,-0.21884683823785064,-0.20879942136857804,3.2271094574302454e-16,0.0038218495999859836,27.5,400000.0,0.01950145772594752,9.0,1.0,1.0,0.0,0.1,30.0,0.948,0.586,-0.142,1.0,1.0,True,FlowControlLab_NACA0018_quasi_steady_pressure,0.85
0.25932660326889856,0.22734437731436383,0.2606445849659313,0.19152118611392158,0.24722769683735676,0.1895640050889689,0.21884683823785184,0.20879942136857782,-0.25932660326889784,-0.22734437731436563,-0.2606445849659272,-0.1915211861139278,-0.2472276968373516,-0.18956400508897223,-0.21884683823785064,-0.20879942136857804,3.2271094574302454e-16,0.0038218495999859836,28.0,400000.0,0.019504373177842566,9.0,1.0,1.0,0.0,0.1,30.0,0.979,0.613,-0.15,1.0,1.0,True,FlowControlLab_NACA0018_quasi_steady_pressure,0.85
0.25932660326889856,0.22734437731436383,0.2606445849659313,0.19152118611392158,0.24722769683735676,0.1895640050889689,0.21884683823785184,0.20879942136857782,-0.25932660326889784,-0.22734437731436563,-0.2606445849659272,-0.1915211861139278,-0.2472276968373516,-0.18956400508897223,-0.21884683823785064,-0.20879942136857804,3.2271094574302454e-16,0.0038218495999859836,28.5,400000.0,0.01950728862973761,9.0,1.0,1.0,0.0,0.1,30.0,1.001,0.635,-0.156,1.0,1.0,True,FlowControlLab_NACA0018_quasi_steady_pressure,0.85
0.25932660326889856,0.22734437731436383,0.2606445849659313,0.19152118611392158,0.24722769683735676,0.1895640050889689,0.21884683823785184,0.20879942136857782,-0.25932660326889784,-0.22734437731436563,-0.2606445849659272,-0.1915211861139278,-0.2472276968373516,-0.18956400508897223,-0.21884683823785064,-0.20879942136857804,3.2271094574302454e-16,0.0038218495999859836,29.0,400000.0,0.019495626822157434,9.0,1.0,1.0,0.0,0.1,30.0,1.025,0.658,-0.163,1.0,1.0,True,FlowControlLab_NACA0018_quasi_steady_pressure,0.85
0.25932660326889856,0.22734437731436383,0.2606445849659313,0.19152118611392158,0.24722769683735676,0.1895640050889689,0.21884683823785184,0.20879942136857782,-0.25932660326889784,-0.22734437731436563,-0.2606445849659272,-0.1915211861139278,-0.2472276968373516,-0.18956400508897223,-0.21884683823785064,-0.20879942136857804,3.2271094574302454e-16,0.0038218495999859836,29.5,400000.0,0.019475218658892127,9.0,1.0,1.0,0.0,0.1,30.0,1.05,0.683,-0.17,1.0,1.0,True,FlowControlLab_NACA0018_quasi_steady_pressure,0.85
0.25932660326889856,0.22734437731436383,0.2606445849659313,0.19152118611392158,0.24722769683735676,0.1895640050889689,0.21884683823785184,0.20879942136857782,-0.25932660326889784,-0.22734437731436563,-0.2606445849659272,-0.1915211861139278,-0.2472276968373516,-0.18956400508897223,-0.21884683823785064,-0.20879942136857804,3.2271094574302454e-16,0.0038218495999859836,30.0,400000.0,0.019489795918367345,9.0,1.0,1.0,0.0,0.1,30.0,1.076,0.71,-0.177,1.0,1.0,True,FlowControlLab_NACA0018_quasi_steady_pressure,0.85
0.25932660326889856,0.22734437731436383,0.2606445849659313,0.19152118611392158,0.24722769683735676,0.1895640050889689,0.21884683823785184,0.20879942136857782,-0.25932660326889784,-0.22734437731436563,-0.2606445849659272,-0.1915211861139278,-0.2472276968373516,-0.18956400508897223,-0.21884683823785064,-0.20879942136857804,3.2271094574302454e-16,0.0038218495999859836,30.5,400000.0,0.019510204081632655,9.0,1.0,1.0,0.0,0.1,30.0,1.109,0.74,-0.187,1.0,1.0,True,FlowControlLab_NACA0018_quasi_steady_pressure,0.85
0.25932660326889856,0.22734437731436383,0.2606445849659313,0.19152118611392158,0.24722769683735676,0.1895640050889689,0.21884683823785184,0.20879942136857782,-0.25932660326889784,-0.22734437731436563,-0.2606445849659272,-0.1915211861139278,-0.2472276968373516,-0.18956400508897223,-0.21884683823785064,-0.20879942136857804,3.2271094574302454e-16,0.0038218495999859836,31.0,400000.0,0.01950145772594752,9.0,1.0,1.0,0.0,0.1,30.0,1.139,0.77,-0.196,1.0,1.0,True,FlowControlLab_NACA0018_quasi_steady_pressure,0.85
0.25932660326889856,0.22734437731436383,0.2606445849659313,0.19152118611392158,0.24722769683735676,0.1895640050889689,0.21884683823785184,0.20879942136857782,-0.25932660326889784,-0.22734437731436563,-0.2606445849659272,-0.1915211861139278,-0.2472276968373516,-0.18956400508897223,-0.21884683823785064,-0.20879942136857804,3.2271094574302454e-16,0.0038218495999859836,31.5,400000.0,0.019481049562682217,9.0,1.0,1.0,0.0,0.1,30.0,1.158,0.794,-0.202,1.0,1.0,True,FlowControlLab_NACA0018_quasi_steady_pressure,0.85
0.25932660326889856,0.22734437731436383,0.2606445849659313,0.19152118611392158,0.24722769683735676,0.1895640050889689,0.21884683823785184,0.20879942136857782,-0.25932660326889784,-0.22734437731436563,-0.2606445849659272,-0.1915211861139278,-0.2472276968373516,-0.18956400508897223,-0.21884683823785064,-0.20879942136857804,3.2271094574302454e-16,0.0038218495999859836,32.0,400000.0,0.01949271137026239,9.0,1.0,1.0,0.0,0.1,30.0,1.18,0.822,-0.21,1.0,1.0,True,FlowControlLab_NACA0018_quasi_steady_pressure,0.85
0.25932660326889856,0.22734437731436383,0.2606445849659313,0.19152118611392158,0.24722769683735676,0.1895640050889689,0.21884683823785184,0.20879942136857782,-0.25932660326889784,-0.22734437731436563,-0.2606445849659272,-0.1915211861139278,-0.2472276968373516,-0.18956400508897223,-0.21884683823785064,-0.20879942136857804,3.2271094574302454e-16,0.0038218495999859836,-2.0,400000.0,0.019472303206997086,9.0,1.0,1.0,0.0,0.1,30.0,-0.2,0.01,-0.002,1.0,1.0,True,FlowControlLab_NACA0018_quasi_steady_pressure,0.85
0.25932660326889856,0.22734437731436383,0.2606445849659313,0.19152118611392158,0.24722769683735676,0.1895640050889689,0.21884683823785184,0.20879942136857782,-0.25932660326889784,-0.22734437731436563,-0.2606445849659272,-0.1915211861139278,-0.2472276968373516,-0.18956400508897223,-0.21884683823785064,-0.20879942136857804,3.2271094574302454e-16,0.0038218495999859836,-1.5,400000.0,0.019475218658892127,9.0,1.0,1.0,0.0,0.1,30.0,-0.148,0.01,-0.002,1.0,1.0,True,FlowControlLab_NACA0018_quasi_steady_pressure,0.85
0.25932660326889856,0.22734437731436383,0.2606445849659313,0.19152118611392158,0.24722769683735676,0.1895640050889689,0.21884683823785184,0.20879942136857782,-0.25932660326889784,-0.22734437731436563,-0.2606445849659272,-0.1915211861139278,-0.2472276968373516,-0.18956400508897223,-0.21884683823785064,-0.20879942136857804,3.2271094574302454e-16,0.0038218495999859836,-1.0,400000.0,0.019478134110787172,9.0,1.0,1.0,0.0,0.1,30.0,-0.095,0.009,-0.002,1.0,1.0,True,FlowControlLab_NACA0018_quasi_steady_pressure,0.85
0.25932660326889856,0.22734437731436383,0.2606445849659313,0.19152118611392158,0.24722769683735676,0.1895640050889689,0.21884683823785184,0.20879942136857782,-0.25932660326889784,-0.22734437731436563,-0.2606445849659272,-0.1915211861139278,-0.2472276968373516,-0.18956400508897223,-0.21884683823785064,-0.20879942136857804,3.2271094574302454e-16,0.0038218495999859836,-0.5,400000.0,0.019472303206997086,9.0,1.0,1.0,0.0,0.1,30.0,-0.04,0.009,-0.002,1.0,1.0,True,FlowControlLab_NACA0018_quasi_steady_pressure,0.85
0.25932660326889856,0.22734437731436383,0.2606445849659313,0.19152118611392158,0.24722769683735676,0.1895640050889689,0.21884683823785184,0.20879942136857782,-0.25932660326889784,-0.22734437731436563,-0.2606445849659272,-0.1915211861139278,-0.2472276968373516,-0.18956400508897223,-0.21884683823785064,-0.20879942136857804,3.2271094574302454e-16,0.0038218495999859836,0.0,400000.0,0.01946064139941691,9.0,1.0,1.0,0.0,0.1,30.0,0.012,0.009,-0.002,1.0,1.0,True,FlowControlLab_NACA0018_quasi_steady_pressure,0.85
0.25932660326889856,0.22734437731436383,0.2606445849659313,0.19152118611392158,0.24722769683735676,0.1895640050889689,0.21884683823785184,0.20879942136857782,-0.25932660326889784,-0.22734437731436563,-0.2606445849659272,-0.1915211861139278,-0.2472276968373516,-0.18956400508897223,-0.21884683823785064,-0.20879942136857804,3.2271094574302454e-16,0.0038218495999859836,0.5,400000.0,0.01945189504373178,9.0,1.0,1.0,0.0,0.1,30.0,0.062,0.009,-0.001,1.0,1.0,True,FlowControlLab_NACA0018_quasi_steady_pressure,0.85
0.25932660326889856,0.22734437731436383,0.2606445849659313,0.19152118611392158,0.24722769683735676,0.1895640050889689,0.21884683823785184,0.20879942136857782,-0.25932660326889784,-0.22734437731436563,-0.2606445849659272,-0.1915211861139278,-0.2472276968373516,-0.18956400508897223,-0.21884683823785064,-0.20879942136857804,3.2271094574302454e-16,0.0038218495999859836,1.0,400000.0,0.019475218658892127,9.0,1.0,1.0,0.0,0.1,30.0,0.111,0.009,0.0,1.0,1.0,True,FlowControlLab_NACA0018_quasi_steady_pressure,0.85
0.25932660326889856,0.22734437731436383,0.2606445849659313,0.19152118611392158,0.24722769683735676,0.1895640050889689,0.21884683823785184,0.20879942136857782,-0.25932660326889784,-0.22734437731436563,-0.2606445849659272,-0.1915211861139278,-0.2472276968373516,-0.18956400508897223,-0.21884683823785064,-0.20879942136857804,3.2271094574302454e-16,0.0038218495999859836,1.5,400000.0,0.019478134110787172,9.0,1.0,1.0,0.0,0.1,30.0,0.159,0.009,0.001,1.0,1.0,True,FlowControlLab_NACA0018_quasi_steady_pressure,0.85
0.25932660326889856,0.22734437731436383,0.2606445849659313,0.19152118611392158,0.24722769683735676,0.1895640050889689,0.21884683823785184,0.20879942136857782,-0.25932660326889784,-0.22734437731436563,-0.2606445849659272,-0.1915211861139278,-0.2472276968373516,-0.18956400508897223,-0.21884683823785064,-0.20879942136857804,3.2271094574302454e-16,0.0038218495999859836,2.0,400000.0,0.019481049562682217,9.0,1.0,1.0,0.0,0.1,30.0,0.208,0.009,0.003,1.0,1.0,True,FlowControlLab_NACA0018_quasi_steady_pressure,0.85
0.25932660326889856,0.22734437731436383,0.2606445849659313,0.19152118611392158,0.24722769683735676,0.1895640050889689,0.21884683823785184,0.20879942136857782,-0.25932660326889784,-0.22734437731436563,-0.2606445849659272,-0.1915211861139278,-0.2472276968373516,-0.18956400508897223,-0.21884683823785064,-0.20879942136857804,3.2271094574302454e-16,0.0038218495999859836,2.5,400000.0,0.019475218658892127,9.0,1.0,1.0,0.0,0.1,30.0,0.257,0.01,0.004,1.0,1.0,True,FlowControlLab_NACA0018_quasi_steady_pressure,0.85
0.25932660326889856,0.22734437731436383,0.2606445849659313,0.19152118611392158,0.24722769683735676,0.1895640050889689,0.21884683823785184,0.20879942136857782,-0.25932660326889784,-0.22734437731436563,-0.2606445849659272,-0.1915211861139278,-0.2472276968373516,-0.18956400508897223,-0.21884683823785064,-0.20879942136857804,3.2271094574302454e-16,0.0038218495999859836,3.0,400000.0,0.01945772594752187,9.0,1.0,1.0,0.0,0.1,30.0,0.305,0.01,0.005,1.0,1.0,True,FlowControlLab_NACA0018_quasi_steady_pressure,0.85
0.25932660326889856,0.22734437731436383,0.2606445849659313,0.19152118611392158,0.24722769683735676,0.1895640050889689,0.21884683823785184,0.20879942136857782,-0.25932660326889784,-0.22734437731436563,-0.2606445849659272,-0.1915211861139278,-0.2472276968373516,-0.18956400508897223,-0.21884683823785064,-0.20879942136857804,3.2271094574302454e-16,0.0038218495999859836,3.5,400000.0,0.019472303206997086,9.0,1.0,1.0,0.0,0.1,30.0,0.352,0.011,0.007,1.0,1.0,True,FlowControlLab_NACA0018_quasi_steady_pressure,0.85
0.25932660326889856,0.22734437731436383,0.2606445849659313,0.19152118611392158,0.24722769683735676,0.1895640050889689,0.21884683823785184,0.20879942136857782,-0.25932660326889784,-0.22734437731436563,-0.2606445849659272,-0.1915211861139278,-0.2472276968373516,-0.18956400508897223,-0.21884683823785064,-0.20879942136857804,3.2271094574302454e-16,0.0038218495999859836,4.0,400000.0,0.019495626822157434,9.0,1.0,1.0,0.0,0.1,30.0,0.4,0.011,0.008,1.0,1.0,True,FlowControlLab_NACA0018_quasi_steady_pressure,0.85
0.25932660326889856,0.22734437731436383,0.2606445849659313,0.19152118611392158,0.24722769683735676,0.1895640050889689,0.21884683823785184,0.20879942136857782,-0.25932660326889784,-0.22734437731436563,-0.2606445849659272,-0.1915211861139278,-0.2472276968373516,-0.18956400508897223,-0.21884683823785064,-0.20879942136857804,3.2271094574302454e-16,0.0038218495999859836,4.5,400000.0,0.019495626822157434,9.0,1.0,1.0,0.0,0.1,30.0,0.447,0.012,0.009,1.0,1.0,True,FlowControlLab_NACA0018_quasi_steady_pressure,0.85
0.25932660326889856,0.22734437731436383,0.2606445849659313,0.19152118611392158,0.24722769683735676,0.1895640050889689,0.21884683823785184,0.20879942136857782,-0.25932660326889784,-0.22734437731436563,-0.2606445849659272,-0.1915211861139278,-0.2472276968373516,-0.18956400508897223,-0.21884683823785064,-0.20879942136857804,3.2271094574302454e-16,0.0038218495999859836,5.0,400000.0,0.019475218658892127,9.0,1.0,1.0,0.0,0.1,30.0,0.494,0.012,0.011,1.0,1.0,True,FlowControlLab_NACA0018_quasi_steady_pressure,0.85
0.25932660326889856,0.22734437731436383,0.2606445849659313,0.19152118611392158,0.24722769683735676,0.1895640050889689,0.21884683823785184,0.20879942136857782,-0.25932660326889784,-0.22734437731436563,-0.2606445849659272,-0.1915211861139278,-0.2472276968373516,-0.18956400508897223,-0.21884683823785064,-0.20879942136857804,3.2271094574302454e-16,0.0038218495999859836,5.5,400000.0,0.01946064139941691,9.0,1.0,1.0,0.0,0.1,30.0,0.548,0.013,0.011,1.0,1.0,True,FlowControlLab_NACA0018_quasi_steady_pressure,0.85
0.25932660326889856,0.22734437731436383,0.2606445849659313,0.19152118611392158,0.24722769683735676,0.1895640050889689,0.21884683823785184,0.20879942136857782,-0.25932660326889784,-0.22734437731436563,-0.2606445849659272,-0.1915211861139278,-0.2472276968373516,-0.18956400508897223,-0.21884683823785064,-0.20879942136857804,3.2271094574302454e-16,0.0038218495999859836,6.0,400000.0,0.019463556851311955,9.0,1.0,1.0,0.0,0.1,30.0,0.611,0.014,0.009,1.0,1.0,True,FlowControlLab_NACA0018_quasi_steady_pressure,0.85
0.25932660326889856,0.22734437731436383,0.2606445849659313,0.19152118611392158,0.24722769683735676,0.1895640050889689,0.21884683823785184,0.20879942136857782,-0.25932660326889784,-0.22734437731436563,-0.2606445849659272,-0.1915211861139278,-0.2472276968373516,-0.18956400508897223,-0.21884683823785064,-0.20879942136857804,3.2271094574302454e-16,0.0038218495999859836,6.5,400000.0,0.019466472303206996,9.0,1.0,1.0,0.0,0.1,30.0,0.678,0.015,0.005,1.0,1.0,True,FlowControlLab_NACA0018_quasi_steady_pressure,0.85
0.25932660326889856,0.22734437731436383,0.2606445849659313,0.19152118611392158,0.24722769683735676,0.1895640050889689,0.21884683823785184,0.20879942136857782,-0.25932660326889784,-0.22734437731436563,-0.2606445849659272,-0.1915211861139278,-0.2472276968373516,-0.18956400508897223,-0.21884683823785064,-0.20879942136857804,3.2271094574302454e-16,0.0038218495999859836,7.0,400000.0,0.01946064139941691,9.0,1.0,1.0,0.0,0.1,30.0,0.743,0.017,0.002,1.0,1.0,True,FlowControlLab_NACA0018_quasi_steady_pressure,0.85
0.25932660326889856,0.22734437731436383,0.2606445849659313,0.19152118611392158,0.24722769683735676,0.1895640050889689,0.21884683823785184,0.20879942136857782,-0.25932660326889784,-0.22734437731436563,-0.2606445849659272,-0.1915211861139278,-0.2472276968373516,-0.18956400508897223,-0.21884683823785064,-0.20879942136857804,3.2271094574302454e-16,0.0038218495999859836,7.5,400000.0,0.01945189504373178,9.0,1.0,1.0,0.0,0.1,30.0,0.802,0.018,-0.0,1.0,1.0,True,FlowControlLab_NACA0018_quasi_steady_pressure,0.85
0.25932660326889856,0.22734437731436383,0.2606445849659313,0.19152118611392158,0.24722769683735676,0.1895640050889689,0.21884683823785184,0.20879942136857782,-0.25932660326889784,-0.22734437731436563,-0.2606445849659272,-0.1915211861139278,-0.2472276968373516,-0.18956400508897223,-0.21884683823785064,-0.20879942136857804,3.2271094574302454e-16,0.0038218495999859836,8.0,400000.0,0.01945772594752187,9.0,1.0,1.0,0.0,0.1,30.0,0.853,0.019,-0.001,1.0,1.0,True,FlowControlLab_NACA0018_quasi_steady_pressure,0.85
0.25932660326889856,0.22734437731436383,0.2606445849659313,0.19152118611392158,0.24722769683735676,0.1895640050889689,0.21884683823785184,0.20879942136857782,-0.25932660326889784,-0.22734437731436563,-0.2606445849659272,-0.1915211861139278,-0.2472276968373516,-0.18956400508897223,-0.21884683823785064,-0.20879942136857804,3.2271094574302454e-16,0.0038218495999859836,8.5,400000.0,0.019472303206997086,9.0,1.0,1.0,0.0,0.1,30.0,0.888,0.02,0.002,1.0,1.0,True,FlowControlLab_NACA0018_quasi_steady_pressure,0.85
0.25932660326889856,0.22734437731436383,0.2606445849659313,0.19152118611392158,0.24722769683735676,0.1895640050889689,0.21884683823785184,0.20879942136857782,-0.25932660326889784,-0.22734437731436563,-0.2606445849659272,-0.1915211861139278,-0.2472276968373516,-0.18956400508897223,-0.21884683823785064,-0.20879942136857804,3.2271094574302454e-16,0.0038218495999859836,9.0,400000.0,0.019478134110787172,9.0,1.0,1.0,0.0,0.1,30.0,0.911,0.02,0.007,1.0,1.0,True,FlowControlLab_NACA0018_quasi_steady_pressure,0.85
0.25932660326889856,0.22734437731436383,0.2606445849659313,0.19152118611392158,0.24722769683735676,0.1895640050889689,0.21884683823785184,0.20879942136857782,-0.25932660326889784,-0.22734437731436563,-0.2606445849659272,-0.1915211861139278,-0.2472276968373516,-0.18956400508897223,-0.21884683823785064,-0.20879942136857804,3.2271094574302454e-16,0.0038218495999859836,9.5,400000.0,0.01948396501457726,9.0,1.0,1.0,0.0,0.1,30.0,0.936,0.021,0.013,1.0,1.0,True,FlowControlLab_NACA0018_quasi_steady_pressure,0.85
0.25932660326889856,0.22734437731436383,0.2606445849659313,0.19152118611392158,0.24722769683735676,0.1895640050889689,0.21884683823785184,0.20879942136857782,-0.25932660326889784,-0.22734437731436563,-0.2606445849659272,-0.1915211861139278,-0.2472276968373516,-0.18956400508897223,-0.21884683823785064,-0.20879942136857804,3.2271094574302454e-16,0.0038218495999859836,10.0,400000.0,0.019498542274052476,9.0,1.0,1.0,0.0,0.1,30.0,0.963,0.022,0.017,1.0,1.0,True,FlowControlLab_NACA0018_quasi_steady_pressure,0.85
0.25932660326889856,0.22734437731436383,0.2606445849659313,0.19152118611392158,0.24722769683735676,0.1895640050889689,0.21884683823785184,0.20879942136857782,-0.25932660326889784,-0.22734437731436563,-0.2606445849659272,-0.1915211861139278,-0.2472276968373516,-0.18956400508897223,-0.21884683823785064,-0.20879942136857804,3.2271094574302454e-16,0.0038218495999859836,10.5,400000.0,0.01950728862973761,9.0,1.0,1.0,0.0,0.1,30.0,0.987,0.024,0.021,1.0,1.0,True,FlowControlLab_NACA0018_quasi_steady_pressure,0.85
0.25932660326889856,0.22734437731436383,0.2606445849659313,0.19152118611392158,0.24722769683735676,0.1895640050889689,0.21884683823785184,0.20879942136857782,-0.25932660326889784,-0.22734437731436563,-0.2606445849659272,-0.1915211861139278,-0.2472276968373516,-0.18956400508897223,-0.21884683823785064,-0.20879942136857804,3.2271094574302454e-16,0.0038218495999859836,11.0,400000.0,0.019489795918367345,9.0,1.0,1.0,0.0,0.1,30.0,1.015,0.025,0.024,1.0,1.0,True,FlowControlLab_NACA0018_quasi_steady_pressure,0.85
0.25932660326889856,0.22734437731436383,0.2606445849659313,0.19152118611392158,0.24722769683735676,0.1895640050889689,0.21884683823785184,0.20879942136857782,-0.25932660326889784,-0.22734437731436563,-0.2606445849659272,-0.1915211861139278,-0.2472276968373516,-0.18956400508897223,-0.21884683823785064,-0.20879942136857804,3.2271094574302454e-16,0.0038218495999859836,11.5,400000.0,0.01946938775510204,9.0,1.0,1.0,0.0,0.1,30.0,1.038,0.028,0.028,1.0,1.0,True,FlowControlLab_NACA0018_quasi_steady_pressure,0.85
0.25932660326889856,0.22734437731436383,0.2606445849659313,0.19152118611392158,0.24722769683735676,0.1895640050889689,0.21884683823785184,0.20879942136857782,-0.25932660326889784,-0.22734437731436563,-0.2606445849659272,-0.1915211861139278,-0.2472276968373516,-0.18956400508897223,-0.21884683823785064,-0.20879942136857804,3.2271094574302454e-16,0.0038218495999859836,12.0,400000.0,0.019472303206997086,9.0,1.0,1.0,0.0,0.1,30.0,1.048,0.03,0.03,1.0,1.0,True,FlowControlLab_NACA0018_quasi_steady_pressure,0.85
0.25932660326889856,0.22734437731436383,0.2606445849659313,0.19152118611392158,0.24722769683735676,0.1895640050889689,0.21884683823785184,0.20879942136857782,-0.25932660326889784,-0.22734437731436563,-0.2606445849659272,-0.1915211861139278,-0.2472276968373516,-0.18956400508897223,-0.21884683823785064,-0.20879942136857804,3.2271094574302454e-16,0.0038218495999859836,12.5,400000.0,0.019478134110787172,9.0,1.0,1.0,0.0,0.1,30.0,1.058,0.034,0.032,1.0,1.0,True,FlowControlLab_NACA0018_quasi_steady_pressure,0.85
0.25932660326889856,0.22734437731436383,0.2606445849659313,0.19152118611392158,0.24722769683735676,0.1895640050889689,0.21884683823785184,0.20879942136857782,-0.25932660326889784,-0.22734437731436563,-0.2606445849659272,-0.1915211861139278,-0.2472276968373516,-0.18956400508897223,-0.21884683823785064,-0.20879942136857804,3.2271094574302454e-16,0.0038218495999859836,13.0,400000.0,0.01946938775510204,9.0,1.0,1.0,0.0,0.1,30.0,1.068,0.038,0.032,1.0,1.0,True,FlowControlLab_NACA0018_quasi_steady_pressure,0.85
0.25932660326889856,0.22734437731436383,0.2606445849659313,0.19152118611392158,0.24722769683735676,0.1895640050889689,0.21884683823785184,0.20879942136857782,-0.25932660326889784,-0.22734437731436563,-0.2606445849659272,-0.1915211861139278,-0.2472276968373516,-0.18956400508897223,-0.21884683823785064,-0.20879942136857804,3.2271094574302454e-16,0.0038218495999859836,13.5,400000.0,0.01946938775510204,9.0,1.0,1.0,0.0,0.1,30.0,1.07,0.042,0.032,1.0,1.0,True,FlowControlLab_NACA0018_quasi_steady_pressure,0.85
0.25932660326889856,0.22734437731436383,0.2606445849659313,0.19152118611392158,0.24722769683735676,0.1895640050889689,0.21884683823785184,0.20879942136857782,-0.25932660326889784,-0.22734437731436563,-0.2606445849659272,-0.1915211861139278,-0.2472276968373516,-0.18956400508897223,-0.21884683823785064,-0.20879942136857804,3.2271094574302454e-16,0.0038218495999859836,14.0,400000.0,0.019466472303206996,9.0,1.0,1.0,0.0,0.1,30.0,1.064,0.046,0.032,1.0,1.0,True,FlowControlLab_NACA0018_quasi_steady_pressure,0.85
0.25932660326889856,0.22734437731436383,0.2606445849659313,0.19152118611392158,0.24722769683735676,0.1895640050889689,0.21884683823785184,0.20879942136857782,-0.25932660326889784,-0.22734437731436563,-0.2606445849659272,-0.1915211861139278,-0.2472276968373516,-0.18956400508897223,-0.21884683823785064,-0.20879942136857804,3.2271094574302454e-16,0.0038218495999859836,14.5,400000.0,0.01944606413994169,9.0,1.0,1.0,0.0,0.1,30.0,1.058,0.049,0.033,1.0,1.0,True,FlowControlLab_NACA0018_quasi_steady_pressure,0.85
0.25932660326889856,0.22734437731436383,0.2606445849659313,0.19152118611392158,0.24722769683735676,0.1895640050889689,0.21884683823785184,0.20879942136857782,-0.25932660326889784,-0.22734437731436563,-0.2606445849659272,-0.1915211861139278,-0.2472276968373516,-0.18956400508897223,-0.21884683823785064,-0.20879942136857804,3.2271094574302454e-16,0.0038218495999859836,15.0,400000.0,0.019448979591836734,9.0,1.0,1.0,0.0,0.1,30.0,1.058,0.053,0.033,1.0,1.0,True,FlowControlLab_NACA0018_quasi_steady_pressure,0.85
0.25932660326889856,0.22734437731436383,0.2606445849659313,0.19152118611392158,0.24722769683735676,0.1895640050889689,0.21884683823785184,0.20879942136857782,-0.25932660326889784,-0.22734437731436563,-0.2606445849659272,-0.1915211861139278,-0.2472276968373516,-0.18956400508897223,-0.21884683823785064,-0.20879942136857804,3.2271094574302454e-16,0.0038218495999859836,15.5,400000.0,0.019463556851311955,9.0,1.0,1.0,0.0,0.1,30.0,1.053,0.063,0.029,1.0,1.0,True,FlowControlLab_NACA0018_quasi_steady_pressure,0.85
0.25932660326889856,0.22734437731436383,0.2606445849659313,0.19152118611392158,0.24722769683735676,0.1895640050889689,0.21884683823785184,0.20879942136857782,-0.25932660326889784,-0.22734437731436563,-0.2606445849659272,-0.1915211861139278,-0.2472276968373516,-0.18956400508897223,-0.21884683823785064,-0.20879942136857804,3.2271094574302454e-16,0.0038218495999859836,16.0,400000.0,0.019478134110787172,9.0,1.0,1.0,0.0,0.1,30.0,0.901,0.122,0.002,1.0,1.0,True,FlowControlLab_NACA0018_quasi_steady_pressure,0.85
0.25932660326889856,0.22734437731436383,0.2606445849659313,0.19152118611392158,0.24722769683735676,0.1895640050889689,0.21884683823785184,0.20879942136857782,-0.25932660326889784,-0.22734437731436563,-0.2606445849659272,-0.1915211861139278,-0.2472276968373516,-0.18956400508897223,-0.21884683823785064,-0.20879942136857804,3.2271094574302454e-16,0.0038218495999859836,16.5,400000.0,0.019475218658892127,9.0,1.0,1.0,0.0,0.1,30.0,0.636,0.209,-0.037,1.0,1.0,True,FlowControlLab_NACA0018_quasi_steady_pressure,0.85
0.25932660326889856,0.22734437731436383,0.2606445849659313,0.19152118611392158,0.24722769683735676,0.1895640050889689,0.21884683823785184,0.20879942136857782,-0.25932660326889784,-0.22734437731436563,-0.2606445849659272,-0.1915211861139278,-0.2472276968373516,-0.18956400508897223,-0.21884683823785064,-0.20879942136857804,3.2271094574302454e-16,0.0038218495999859836,17.0,400000.0,0.019466472303206996,9.0,1.0,1.0,0.0,0.1,30.0,0.523,0.251,-0.054,1.0,1.0,True,FlowControlLab_NACA0018_quasi_steady_pressure,0.85
0.25932660326889856,0.22734437731436383,0.2606445849659313,0.19152118611392158,0.24722769683735676,0.1895640050889689,0.21884683823785184,0.20879942136857782,-0.25932660326889784,-0.22734437731436563,-0.2606445849659272,-0.1915211861139278,-0.2472276968373516,-0.18956400508897223,-0.21884683823785064,-0.20879942136857804,3.2271094574302454e-16,0.0038218495999859836,17.5,400000.0,0.019481049562682217,9.0,1.0,1.0,0.0,0.1,30.0,0.54,0.263,-0.057,1.0,1.0,True,FlowControlLab_NACA0018_quasi_steady_pressure,0.85
0.25932660326889856,0.22734437731436383,0.2606445849659313,0.19152118611392158,0.24722769683735676,0.1895640050889689,0.21884683823785184,0.20879942136857782,-0.25932660326889784,-0.22734437731436563,-0.2606445849659272,-0.1915211861139278,-0.2472276968373516,-0.18956400508897223,-0.21884683823785064,-0.20879942136857804,3.2271094574302454e-16,0.0038218495999859836,18.0,400000.0,0.01949271137026239,9.0,1.0,1.0,0.0,0.1,30.0,0.565,0.278,-0.062,1.0,1.0,True,FlowControlLab_NACA0018_quasi_steady_pressure,0.85
0.25932660326889856,0.22734437731436383,0.2606445849659313,0.19152118611392158,0.24722769683735676,0.1895640050889689,0.21884683823785184,0.20879942136857782,-0.25932660326889784,-0.22734437731436563,-0.2606445849659272,-0.1915211861139278,-0.2472276968373516,-0.18956400508897223,-0.21884683823785064,-0.20879942136857804,3.2271094574302454e-16,0.0038218495999859836,18.5,400000.0,0.019486880466472303,9.0,1.0,1.0,0.0,0.1,30.0,0.595,0.294,-0.068,1.0,1.0,True,FlowControlLab_NACA0018_quasi_steady_pressure,0.85
0.25932660326889856,0.22734437731436383,0.2606445849659313,0.19152118611392158,0.24722769683735676,0.1895640050889689,0.21884683823785184,0.20879942136857782,-0.25932660326889784,-0.22734437731436563,-0.2606445849659272,-0.1915211861139278,-0.2472276968373516,-0.18956400508897223,-0.21884683823785064,-0.20879942136857804,3.2271094574302454e-16,0.0038218495999859836,19.0,400000.0,0.019475218658892127,9.0,1.0,1.0,0.0,0.1,30.0,0.624,0.312,-0.074,1.0,1.0,True,FlowControlLab_NACA0018_quasi_steady_pressure,0.85
0.25932660326889856,0.22734437731436383,0.2606445849659313,0.19152118611392158,0.24722769683735676,0.1895640050889689,0.21884683823785184,0.20879942136857782,-0.25932660326889784,-0.22734437731436563,-0.2606445849659272,-0.1915211861139278,-0.2472276968373516,-0.18956400508897223,-0.21884683823785064,-0.20879942136857804,3.2271094574302454e-16,0.0038218495999859836,19.5,400000.0,0.01948396501457726,9.0,1.0,1.0,0.0,0.1,30.0,0.656,0.33,-0.081,1.0,1.0,True,FlowControlLab_NACA0018_quasi_steady_pressure,0.85
0.25932660326889856,0.22734437731436383,0.2606445849659313,0.19152118611392158,0.24722769683735676,0.1895640050889689,0.21884683823785184,0.20879942136857782,-0.25932660326889784,-0.22734437731436563,-0.2606445849659272,-0.1915211861139278,-0.2472276968373516,-0.18956400508897223,-0.21884683823785064,-0.20879942136857804,3.2271094574302454e-16,0.0038218495999859836,20.0,400000.0,0.019489795918367345,9.0,1.0,1.0,0.0,0.1,30.0,0.674,0.343,-0.084,1.0,1.0,True,FlowControlLab_NACA0018_quasi_steady_pressure,0.85
0.25932660326889856,0.22734437731436383,0.2606445849659313,0.19152118611392158,0.24722769683735676,0.1895640050889689,0.21884683823785184,0.20879942136857782,-0.25932660326889784,-0.22734437731436563,-0.2606445849659272,-0.1915211861139278,-0.2472276968373516,-0.18956400508897223,-0.21884683823785064,-0.20879942136857804,3.2271094574302454e-16,0.0038218495999859836,20.5,400000.0,0.019489795918367345,9.0,1.0,1.0,0.0,0.1,30.0,0.673,0.35,-0.083,1.0,1.0,True,FlowControlLab_NACA0018_quasi_steady_pressure,0.85
0.25932660326889856,0.22734437731436383,0.2606445849659313,0.19152118611392158,0.24722769683735676,0.1895640050889689,0.21884683823785184,0.20879942136857782,-0.25932660326889784,-0.22734437731436563,-0.2606445849659272,-0.1915211861139278,-0.2472276968373516,-0.18956400508897223,-0.21884683823785064,-0.20879942136857804,3.2271094574302454e-16,0.0038218495999859836,21.0,400000.0,0.019486880466472303,9.0,1.0,1.0,0.0,0.1,30.0,0.68,0.359,-0.083,1.0,1.0,True,FlowControlLab_NACA0018_quasi_steady_pressure,0.85
0.25932660326889856,0.22734437731436383,0.2606445849659313,0.19152118611392158,0.24722769683735676,0.1895640050889689,0.21884683823785184,0.20879942136857782,-0.25932660326889784,-0.22734437731436563,-0.2606445849659272,-0.1915211861139278,-0.2472276968373516,-0.18956400508897223,-0.21884683823785064,-0.20879942136857804,3.2271094574302454e-16,0.0038218495999859836,21.5,400000.0,0.01948396501457726,9.0,1.0,1.0,0.0,0.1,30.0,0.703,0.375,-0.088,1.0,1.0,True,FlowControlLab_NACA0018_quasi_steady_pressure,0.85
0.25932660326889856,0.22734437731436383,0.2606445849659313,0.19152118611392158,0.24722769683735676,0.1895640050889689,0.21884683823785184,0.20879942136857782,-0.25932660326889784,-0.22734437731436563,-0.2606445849659272,-0.1915211861139278,-0.2472276968373516,-0.18956400508897223,-0.21884683823785064,-0.20879942136857804,3.2271094574302454e-16,0.0038218495999859836,22.0,400000.0,0.019495626822157434,9.0,1.0,1.0,0.0,0.1,30.0,0.731,0.393,-0.093,1.0,1.0,True,FlowControlLab_NACA0018_quasi_steady_pressure,0.85
0.25932660326889856,0.22734437731436383,0.2606445849659313,0.19152118611392158,0.24722769683735676,0.1895640050889689,0.21884683823785184,0.20879942136857782,-0.25932660326889784,-0.22734437731436563,-0.2606445849659272,-0.1915211861139278,-0.2472276968373516,-0.18956400508897223,-0.21884683823785064,-0.20879942136857804,3.2271094574302454e-16,0.0038218495999859836,22.5,400000.0,0.01950145772594752,9.0,1.0,1.0,0.0,0.1,30.0,0.739,0.405,-0.095,1.0,1.0,True,FlowControlLab_NACA0018_quasi_steady_pressure,0.85
0.25932660326889856,0.22734437731436383,0.2606445849659313,0.19152118611392158,0.24722769683735676,0.1895640050889689,0.21884683823785184,0.20879942136857782,-0.25932660326889784,-0.22734437731436563,-0.2606445849659272,-0.1915211861139278,-0.2472276968373516,-0.18956400508897223,-0.21884683823785064,-0.20879942136857804,3.2271094574302454e-16,0.0038218495999859836,23.0,400000.0,0.019513119533527697,9.0,1.0,1.0,0.0,0.1,30.0,0.747,0.416,-0.096,1.0,1.0,True,FlowControlLab_NACA0018_quasi_steady_pressure,0.85
0.25932660326889856,0.22734437731436383,0.2606445849659313,0.19152118611392158,0.24722769683735676,0.1895640050889689,0.21884683823785184,0.20879942136857782,-0.25932660326889784,-0.22734437731436563,-0.2606445849659272,-0.1915211861139278,-0.2472276968373516,-0.18956400508897223,-0.21884683823785064,-0.20879942136857804,3.2271094574302454e-16,0.0038218495999859836,23.5,400000.0,0.01950728862973761,9.0,1.0,1.0,0.0,0.1,30.0,0.761,0.43,-0.098,1.0,1.0,True,FlowControlLab_NACA0018_quasi_steady_pressure,0.85
0.25932660326889856,0.22734437731436383,0.2606445849659313,0.19152118611392158,0.24722769683735676,0.1895640050889689,0.21884683823785184,0.20879942136857782,-0.25932660326889784,-0.22734437731436563,-0.2606445849659272,-0.1915211861139278,-0.2472276968373516,-0.18956400508897223,-0.21884683823785064,-0.20879942136857804,3.2271094574302454e-16,0.0038218495999859836,24.0,400000.0,0.019481049562682217,9.0,1.0,1.0,0.0,0.1,30.0,0.785,0.448,-0.104,1.0,1.0,True,FlowControlLab_NACA0018_quasi_steady_pressure,0.85
0.25932660326889856,0.22734437731436383,0.2606445849659313,0.19152118611392158,0.24722769683735676,0.1895640050889689,0.21884683823785184,0.20879942136857782,-0.25932660326889784,-0.22734437731436563,-0.2606445849659272,-0.1915211861139278,-0.2472276968373516,-0.18956400508897223,-0.21884683823785064,-0.20879942136857804,3.2271094574302454e-16,0.0038218495999859836,24.5,400000.0,0.019486880466472303,9.0,1.0,1.0,0.0,0.1,30.0,0.819,0.47,-0.111,1.0,1.0,True,FlowControlLab_NACA0018_quasi_steady_pressure,0.85
0.25932660326889856,0.22734437731436383,0.2606445849659313,0.19152118611392158,0.24722769683735676,0.1895640050889689,0.21884683823785184,0.20879942136857782,-0.25932660326889784,-0.22734437731436563,-0.2606445849659272,-0.1915211861139278,-0.2472276968373516,-0.18956400508897223,-0.21884683823785064,-0.20879942136857804,3.2271094574302454e-16,0.0038218495999859836,25.0,400000.0,0.01949271137026239,9.0,1.0,1.0,0.0,0.1,30.0,0.835,0.486,-0.115,1.0,1.0,True,FlowControlLab_NACA0018_quasi_steady_pressure,0.85
0.25932660326889856,0.22734437731436383,0.2606445849659313,0.19152118611392158,0.24722769683735676,0.1895640050889689,0.21884683823785184,0.20879942136857782,-0.25932660326889784,-0.22734437731436563,-0.2606445849659272,-0.1915211861139278,-0.2472276968373516,-0.18956400508897223,-0.21884683823785064,-0.20879942136857804,3.2271094574302454e-16,0.0038218495999859836,25.5,400000.0,0.01949271137026239,9.0,1.0,1.0,0.0,0.1,30.0,0.859,0.506,-0.12,1.0,1.0,True,FlowControlLab_NACA0018_quasi_steady_pressure,0.85
0.25932660326889856,0.22734437731436383,0.2606445849659313,0.19152118611392158,0.24722769683735676,0.1895640050889689,0.21884683823785184,0.20879942136857782,-0.25932660326889784,-0.22734437731436563,-0.2606445849659272,-0.1915211861139278,-0.2472276968373516,-0.18956400508897223,-0.21884683823785064,-0.20879942136857804,3.2271094574302454e-16,0.0038218495999859836,26.0,400000.0,0.019495626822157434,9.0,1.0,1.0,0.0,0.1,30.0,0.884,0.527,-0.126,1.0,1.0,True,FlowControlLab_NACA0018_quasi_steady_pressure,0.85
0.25932660326889856,0.22734437731436383,0.2606445849659313,0.19152118611392158,0.24722769683735676,0.1895640050889689,0.21884683823785184,0.20879942136857782,-0.25932660326889784,-0.22734437731436563,-0.2606445849659272,-0.1915211861139278,-0.2472276968373516,-0.18956400508897223,-0.21884683823785064,-0.20879942136857804,3.2271094574302454e-16,0.0038218495999859836,26.5,400000.0,0.019504373177842566,9.0,1.0,1.0,0.0,0.1,30.0,0.902,0.544,-0.13,1.0,1.0,True,FlowControlLab_NACA0018_quasi_steady_pressure,0.85
0.25932660326889856,0.22734437731436383,0.2606445849659313,0.19152118611392158,0.24722769683735676,0.1895640050889689,0.21884683823785184,0.20879942136857782,-0.25932660326889784,-0.22734437731436563,-0.2606445849659272,-0.1915211861139278,-0.2472276968373516,-0.18956400508897223,-0.21884683823785064,-0.20879942136857804,3.2271094574302454e-16,0.0038218495999859836,27.0,400000.0,0.01950728862973761,9.0,1.0,1.0,0.0,0.1,30.0,0.925,0.566,-0.136,1.0,1.0,True,FlowControlLab_NACA0018_quasi_steady_pressure,0.85
0.25932660326889856,0.22734437731436383,0.2606445849659313,0.19152118611392158,0.24722769683735676,0.1895640050889689,0.21884683823785184,0.20879942136857782,-0.25932660326889784,-0.22734437731436563,-0.2606445849659272,-0.1915211861139278,-0.2472276968373516,-0.18956400508897223,-0.21884683823785064,-0.20879942136857804,3.2271094574302454e-16,0.0038218495999859836,27.5,400000.0,0.01950145772594752,9.0,1.0,1.0,0.0,0.1,30.0,0.955,0.591,-0.144,1.0,1.0,True,FlowControlLab_NACA0018_quasi_steady_pressure,0.85
0.25932660326889856,0.22734437731436383,0.2606445849659313,0.19152118611392158,0.24722769683735676,0.1895640050889689,0.21884683823785184,0.20879942136857782,-0.25932660326889784,-0.22734437731436563,-0.2606445849659272,-0.1915211861139278,-0.2472276968373516,-0.18956400508897223,-0.21884683823785064,-0.20879942136857804,3.2271094574302454e-16,0.0038218495999859836,28.0,400000.0,0.019504373177842566,9.0,1.0,1.0,0.0,0.1,30.0,0.985,0.617,-0.151,1.0,1.0,True,FlowControlLab_NACA0018_quasi_steady_pressure,0.85
0.25932660326889856,0.22734437731436383,0.2606445849659313,0.19152118611392158,0.24722769683735676,0.1895640050889689,0.21884683823785184,0.20879942136857782,-0.25932660326889784,-0.22734437731436563,-0.2606445849659272,-0.1915211861139278,-0.2472276968373516,-0.18956400508897223,-0.21884683823785064,-0.20879942136857804,3.2271094574302454e-16,0.0038218495999859836,28.5,400000.0,0.01950728862973761,9.0,1.0,1.0,0.0,0.1,30.0,1.014,0.642,-0.159,1.0,1.0,True,FlowControlLab_NACA0018_quasi_steady_pressure,0.85
0.25932660326889856,0.22734437731436383,0.2606445849659313,0.19152118611392158,0.24722769683735676,0.1895640050889689,0.21884683823785184,0.20879942136857782,-0.25932660326889784,-0.22734437731436563,-0.2606445849659272,-0.1915211861139278,-0.2472276968373516,-0.18956400508897223,-0.21884683823785064,-0.20879942136857804,3.2271094574302454e-16,0.0038218495999859836,29.0,400000.0,0.019495626822157434,9.0,1.0,1.0,0.0,0.1,30.0,1.036,0.665,-0.165,1.0,1.0,True,FlowControlLab_NACA0018_quasi_steady_pressure,0.85
0.25932660326889856,0.22734437731436383,0.2606445849659313,0.19152118611392158,0.24722769683735676,0.1895640050889689,0.21884683823785184,0.20879942136857782,-0.25932660326889784,-0.22734437731436563,-0.2606445849659272,-0.1915211861139278,-0.2472276968373516,-0.18956400508897223,-0.21884683823785064,-0.20879942136857804,3.2271094574302454e-16,0.0038218495999859836,29.5,400000.0,0.019475218658892127,9.0,1.0,1.0,0.0,0.1,30.0,1.05,0.683,-0.169,1.0,1.0,True,FlowControlLab_NACA0018_quasi_steady_pressure,0.85
0.25932660326889856,0.22734437731436383,0.2606445849659313,0.19152118611392158,0.24722769683735676,0.1895640050889689,0.21884683823785184,0.20879942136857782,-0.25932660326889784,-0.22734437731436563,-0.2606445849659272,-0.1915211861139278,-0.2472276968373516,-0.18956400508897223,-0.21884683823785064,-0.20879942136857804,3.2271094574302454e-16,0.0038218495999859836,30.0,400000.0,0.019489795918367345,9.0,1.0,1.0,0.0,0.1,30.0,1.07,0.706,-0.175,1.0,1.0,True,FlowControlLab_NACA0018_quasi_steady_pressure,0.85
0.25932660326889856,0.22734437731436383,0.2606445849659313,0.19152118611392158,0.24722769683735676,0.1895640050889689,0.21884683823785184,0.20879942136857782,-0.25932660326889784,-0.22734437731436563,-0.2606445849659272,-0.1915211861139278,-0.2472276968373516,-0.18956400508897223,-0.21884683823785064,-0.20879942136857804,3.2271094574302454e-16,0.0038218495999859836,30.5,400000.0,0.019510204081632655,9.0,1.0,1.0,0.0,0.1,30.0,1.104,0.737,-0.185,1.0,1.0,True,FlowControlLab_NACA0018_quasi_steady_pressure,0.85
0.25932660326889856,0.22734437731436383,0.2606445849659313,0.19152118611392158,0.24722769683735676,0.1895640050889689,0.21884683823785184,0.20879942136857782,-0.25932660326889784,-0.22734437731436563,-0.2606445849659272,-0.1915211861139278,-0.2472276968373516,-0.18956400508897223,-0.21884683823785064,-0.20879942136857804,3.2271094574302454e-16,0.0038218495999859836,31.0,400000.0,0.01950145772594752,9.0,1.0,1.0,0.0,0.1,30.0,1.131,0.766,-0.194,1.0,1.0,True,FlowControlLab_NACA0018_quasi_steady_pressure,0.85
0.25932660326889856,0.22734437731436383,0.2606445849659313,0.19152118611392158,0.24722769683735676,0.1895640050889689,0.21884683823785184,0.20879942136857782,-0.25932660326889784,-0.22734437731436563,-0.2606445849659272,-0.1915211861139278,-0.2472276968373516,-0.18956400508897223,-0.21884683823785064,-0.20879942136857804,3.2271094574302454e-16,0.0038218495999859836,31.5,400000.0,0.019481049562682217,9.0,1.0,1.0,0.0,0.1,30.0,1.153,0.792,-0.2,1.0,1.0,True,FlowControlLab_NACA0018_quasi_steady_pressure,0.85
0.25932660326889856,0.22734437731436383,0.2606445849659313,0.19152118611392158,0.24722769683735676,0.1895640050889689,0.21884683823785184,0.20879942136857782,-0.25932660326889784,-0.22734437731436563,-0.2606445849659272,-0.1915211861139278,-0.2472276968373516,-0.18956400508897223,-0.21884683823785064,-0.20879942136857804,3.2271094574302454e-16,0.0038218495999859836,32.0,400000.0,0.01949271137026239,9.0,1.0,1.0,0.0,0.1,30.0,1.186,0.825,-0.21,1.0,1.0,True,FlowControlLab_NACA0018_quasi_steady_pressure,0.85
0.25932660326889856,0.22734437731436383,0.2606445849659313,0.19152118611392158,0.24722769683735676,0.1895640050889689,0.21884683823785184,0.20879942136857782,-0.25932660326889784,-0.22734437731436563,-0.2606445849659272,-0.1915211861139278,-0.2472276968373516,-0.18956400508897223,-0.21884683823785064,-0.20879942136857804,3.2271094574302454e-16,0.0038218495999859836,-2.0,500000.0,0.019472303206997086,9.0,1.0,1.0,0.0,0.1,30.0,-0.207,0.006,-0.002,1.0,1.0,True,FlowControlLab_NACA0018_quasi_steady_pressure,0.85
0.25932660326889856,0.22734437731436383,0.2606445849659313,0.19152118611392158,0.24722769683735676,0.1895640050889689,0.21884683823785184,0.20879942136857782,-0.25932660326889784,-0.22734437731436563,-0.2606445849659272,-0.1915211861139278,-0.2472276968373516,-0.18956400508897223,-0.21884683823785064,-0.20879942136857804,3.2271094574302454e-16,0.0038218495999859836,-1.5,500000.0,0.019475218658892127,9.0,1.0,1.0,0.0,0.1,30.0,-0.155,0.005,-0.002,1.0,1.0,True,FlowControlLab_NACA0018_quasi_steady_pressure,0.85
0.25932660326889856,0.22734437731436383,0.2606445849659313,0.19152118611392158,0.24722769683735676,0.1895640050889689,0.21884683823785184,0.20879942136857782,-0.25932660326889784,-0.22734437731436563,-0.2606445849659272,-0.1915211861139278,-0.2472276968373516,-0.18956400508897223,-0.21884683823785064,-0.20879942136857804,3.2271094574302454e-16,0.0038218495999859836,-1.0,500000.0,0.019478134110787172,9.0,1.0,1.0,0.0,0.1,30.0,-0.101,0.005,-0.001,1.0,1.0,True,FlowControlLab_NACA0018_quasi_steady_pressure,0.85
0.25932660326889856,0.22734437731436383,0.2606445849659313,0.19152118611392158,0.24722769683735676,0.1895640050889689,0.21884683823785184,0.20879942136857782,-0.25932660326889784,-0.22734437731436563,-0.2606445849659272,-0.1915211861139278,-0.2472276968373516,-0.18956400508897223,-0.21884683823785064,-0.20879942136857804,3.2271094574302454e-16,0.0038218495999859836,-0.5,500000.0,0.019472303206997086,9.0,1.0,1.0,0.0,0.1,30.0,-0.047,0.005,-0.001,1.0,1.0,True,FlowControlLab_NACA0018_quasi_steady_pressure,0.85
0.25932660326889856,0.22734437731436383,0.2606445849659313,0.19152118611392158,0.24722769683735676,0.1895640050889689,0.21884683823785184,0.20879942136857782,-0.25932660326889784,-0.22734437731436563,-0.2606445849659272,-0.1915211861139278,-0.2472276968373516,-0.18956400508897223,-0.21884683823785064,-0.20879942136857804,3.2271094574302454e-16,0.0038218495999859836,0.0,500000.0,0.01946064139941691,9.0,1.0,1.0,0.0,0.1,30.0,0.006,0.005,-0.001,1.0,1.0,True,FlowControlLab_NACA0018_quasi_steady_pressure,0.85
0.25932660326889856,0.22734437731436383,0.2606445849659313,0.19152118611392158,0.24722769683735676,0.1895640050889689,0.21884683823785184,0.20879942136857782,-0.25932660326889784,-0.22734437731436563,-0.2606445849659272,-0.1915211861139278,-0.2472276968373516,-0.18956400508897223,-0.21884683823785064,-0.20879942136857804,3.2271094574302454e-16,0.0038218495999859836,0.5,500000.0,0.01945189504373178,9.0,1.0,1.0,0.0,0.1,30.0,0.059,0.005,-0.001,1.0,1.0,True,FlowControlLab_NACA0018_quasi_steady_pressure,0.85
0.25932660326889856,0.22734437731436383,0.2606445849659313,0.19152118611392158,0.24722769683735676,0.1895640050889689,0.21884683823785184,0.20879942136857782,-0.25932660326889784,-0.22734437731436563,-0.2606445849659272,-0.1915211861139278,-0.2472276968373516,-0.18956400508897223,-0.21884683823785064,-0.20879942136857804,3.2271094574302454e-16,0.0038218495999859836,1.0,500000.0,0.019475218658892127,9.0,1.0,1.0,0.0,0.1,30.0,0.11,0.005,0.0,1.0,1.0,True,FlowControlLab_NACA0018_quasi_steady_pressure,0.85
0.25932660326889856,0.22734437731436383,0.2606445849659313,0.19152118611392158,0.24722769683735676,0.1895640050889689,0.21884683823785184,0.20879942136857782,-0.25932660326889784,-0.22734437731436563,-0.2606445849659272,-0.1915211861139278,-0.2472276968373516,-0.18956400508897223,-0.21884683823785064,-0.20879942136857804,3.2271094574302454e-16,0.0038218495999859836,1.5,500000.0,0.019478134110787172,9.0,1.0,1.0,0.0,0.1,30.0,0.16,0.005,0.001,1.0,1.0,True,FlowControlLab_NACA0018_quasi_steady_pressure,0.85
0.25932660326889856,0.22734437731436383,0.2606445849659313,0.19152118611392158,0.24722769683735676,0.1895640050889689,0.21884683823785184,0.20879942136857782,-0.25932660326889784,-0.22734437731436563,-0.2606445849659272,-0.1915211861139278,-0.2472276968373516,-0.18956400508897223,-0.21884683823785064,-0.20879942136857804,3.2271094574302454e-16,0.0038218495999859836,2.0,500000.0,0.019481049562682217,9.0,1.0,1.0,0.0,0.1,30.0,0.21,0.005,0.002,1.0,1.0,True,FlowControlLab_NACA0018_quasi_steady_pressure,0.85
0.25932660326889856,0.22734437731436383,0.2606445849659313,0.19152118611392158,0.24722769683735676,0.1895640050889689,0.21884683823785184,0.20879942136857782,-0.25932660326889784,-0.22734437731436563,-0.2606445849659272,-0.1915211861139278,-0.2472276968373516,-0.18956400508897223,-0.21884683823785064,-0.20879942136857804,3.2271094574302454e-16,0.0038218495999859836,2.5,500000.0,0.019475218658892127,9.0,1.0,1.0,0.0,0.1,30.0,0.26,0.005,0.003,1.0,1.0,True,FlowControlLab_NACA0018_quasi_steady_pressure,0.85
0.25932660326889856,0.22734437731436383,0.2606445849659313,0.19152118611392158,0.24722769683735676,0.1895640050889689,0.21884683823785184,0.20879942136857782,-0.25932660326889784,-0.22734437731436563,-0.2606445849659272,-0.1915211861139278,-0.2472276968373516,-0.18956400508897223,-0.21884683823785064,-0.20879942136857804,3.2271094574302454e-16,0.0038218495999859836,3.0,500000.0,0.01945772594752187,9.0,1.0,1.0,0.0,0.1,30.0,0.309,0.006,0.005,1.0,1.0,True,FlowControlLab_NACA0018_quasi_steady_pressure,0.85
0.25932660326889856,0.22734437731436383,0.2606445849659313,0.19152118611392158,0.24722769683735676,0.1895640050889689,0.21884683823785184,0.20879942136857782,-0.25932660326889784,-0.22734437731436563,-0.2606445849659272,-0.1915211861139278,-0.2472276968373516,-0.18956400508897223,-0.21884683823785064,-0.20879942136857804,3.2271094574302454e-16,0.0038218495999859836,3.5,500000.0,0.019472303206997086,9.0,1.0,1.0,0.0,0.1,30.0,0.356,0.006,0.006,1.0,1.0,True,FlowControlLab_NACA0018_quasi_steady_pressure,0.85
0.25932660326889856,0.22734437731436383,0.2606445849659313,0.19152118611392158,0.24722769683735676,0.1895640050889689,0.21884683823785184,0.20879942136857782,-0.25932660326889784,-0.22734437731436563,-0.2606445849659272,-0.1915211861139278,-0.2472276968373516,-0.18956400508897223,-0.21884683823785064,-0.20879942136857804,3.2271094574302454e-16,0.0038218495999859836,4.0,500000.0,0.019495626822157434,9.0,1.0,1.0,0.0,0.1,30.0,0.404,0.007,0.008,1.0,1.0,True,FlowControlLab_NACA0018_quasi_steady_pressure,0.85
0.25932660326889856,0.22734437731436383,0.2606445849659313,0.19152118611392158,0.24722769683735676,0.1895640050889689,0.21884683823785184,0.20879942136857782,-0.25932660326889784,-0.22734437731436563,-0.2606445849659272,-0.1915211861139278,-0.2472276968373516,-0.18956400508897223,-0.21884683823785064,-0.20879942136857804,3.2271094574302454e-16,0.0038218495999859836,4.5,500000.0,0.019495626822157434,9.0,1.0,1.0,0.0,0.1,30.0,0.451,0.008,0.01,1.0,1.0,True,FlowControlLab_NACA0018_quasi_steady_pressure,0.85
0.25932660326889856,0.22734437731436383,0.2606445849659313,0.19152118611392158,0.24722769683735676,0.1895640050889689,0.21884683823785184,0.20879942136857782,-0.25932660326889784,-0.22734437731436563,-0.2606445849659272,-0.1915211861139278,-0.2472276968373516,-0.18956400508897223,-0.21884683823785064,-0.20879942136857804,3.2271094574302454e-16,0.0038218495999859836,5.0,500000.0,0.019475218658892127,9.0,1.0,1.0,0.0,0.1,30.0,0.5,0.008,0.012,1.0,1.0,True,FlowControlLab_NACA0018_quasi_steady_pressure,0.85
0.25932660326889856,0.22734437731436383,0.2606445849659313,0.19152118611392158,0.24722769683735676,0.1895640050889689,0.21884683823785184,0.20879942136857782,-0.25932660326889784,-0.22734437731436563,-0.2606445849659272,-0.1915211861139278,-0.2472276968373516,-0.18956400508897223,-0.21884683823785064,-0.20879942136857804,3.2271094574302454e-16,0.0038218495999859836,5.5,500000.0,0.01946064139941691,9.0,1.0,1.0,0.0,0.1,30.0,0.551,0.009,0.012,1.0,1.0,True,FlowControlLab_NACA0018_quasi_steady_pressure,0.85
0.25932660326889856,0.22734437731436383,0.2606445849659313,0.19152118611392158,0.24722769683735676,0.1895640050889689,0.21884683823785184,0.20879942136857782,-0.25932660326889784,-0.22734437731436563,-0.2606445849659272,-0.1915211861139278,-0.2472276968373516,-0.18956400508897223,-0.21884683823785064,-0.20879942136857804,3.2271094574302454e-16,0.0038218495999859836,6.0,500000.0,0.019463556851311955,9.0,1.0,1.0,0.0,0.1,30.0,0.606,0.01,0.012,1.0,1.0,True,FlowControlLab_NACA0018_quasi_steady_pressure,0.85
0.25932660326889856,0.22734437731436383,0.2606445849659313,0.19152118611392158,0.24722769683735676,0.1895640050889689,0.21884683823785184,0.20879942136857782,-0.25932660326889784,-0.22734437731436563,-0.2606445849659272,-0.1915211861139278,-0.2472276968373516,-0.18956400508897223,-0.21884683823785064,-0.20879942136857804,3.2271094574302454e-16,0.0038218495999859836,6.5,500000.0,0.019466472303206996,9.0,1.0,1.0,0.0,0.1,30.0,0.663,0.011,0.01,1.0,1.0,True,FlowControlLab_NACA0018_quasi_steady_pressure,0.85
0.25932660326889856,0.22734437731436383,0.2606445849659313,0.19152118611392158,0.24722769683735676,0.1895640050889689,0.21884683823785184,0.20879942136857782,-0.25932660326889784,-0.22734437731436563,-0.2606445849659272,-0.1915211861139278,-0.2472276968373516,-0.18956400508897223,-0.21884683823785064,-0.20879942136857804,3.2271094574302454e-16,0.0038218495999859836,7.0,500000.0,0.01946064139941691,9.0,1.0,1.0,0.0,0.1,30.0,0.726,0.012,0.008,1.0,1.0,True,FlowControlLab_NACA0018_quasi_steady_pressure,0.85
0.25932660326889856,0.22734437731436383,0.2606445849659313,0.19152118611392158,0.24722769683735676,0.1895640050889689,0.21884683823785184,0.20879942136857782,-0.25932660326889784,-0.22734437731436563,-0.2606445849659272,-0.1915211861139278,-0.2472276968373516,-0.18956400508897223,-0.21884683823785064,-0.20879942136857804,3.2271094574302454e-16,0.0038218495999859836,7.5,500000.0,0.01945189504373178,9.0,1.0,1.0,0.0,0.1,30.0,0.79,0.014,0.005,1.0,1.0,True,FlowControlLab_NACA0018_quasi_steady_pressure,0.85
0.25932660326889856,0.22734437731436383,0.2606445849659313,0.19152118611392158,0.24722769683735676,0.1895640050889689,0.21884683823785184,0.20879942136857782,-0.25932660326889784,-0.22734437731436563,-0.2606445849659272,-0.1915211861139278,-0.2472276968373516,-0.18956400508897223,-0.21884683823785064,-0.20879942136857804,3.2271094574302454e-16,0.0038218495999859836,8.0,500000.0,0.01945772594752187,9.0,1.0,1.0,0.0,0.1,30.0,0.85,0.015,0.004,1.0,1.0,True,FlowControlLab_NACA0018_quasi_steady_pressure,0.85
0.25932660326889856,0.22734437731436383,0.2606445849659313,0.19152118611392158,0.24722769683735676,0.1895640050889689,0.21884683823785184,0.20879942136857782,-0.25932660326889784,-0.22734437731436563,-0.2606445849659272,-0.1915211861139278,-0.2472276968373516,-0.18956400508897223,-0.21884683823785064,-0.20879942136857804,3.2271094574302454e-16,0.0038218495999859836,8.5,500000.0,0.019472303206997086,9.0,1.0,1.0,0.0,0.1,30.0,0.893,0.016,0.006,1.0,1.0,True,FlowControlLab_NACA0018_quasi_steady_pressure,0.85
0.25932660326889856,0.22734437731436383,0.2606445849659313,0.19152118611392158,0.24722769683735676,0.1895640050889689,0.21884683823785184,0.20879942136857782,-0.25932660326889784,-0.22734437731436563,-0.2606445849659272,-0.1915211861139278,-0.2472276968373516,-0.18956400508897223,-0.21884683823785064,-0.20879942136857804,3.2271094574302454e-16,0.0038218495999859836,9.0,500000.0,0.019478134110787172,9.0,1.0,1.0,0.0,0.1,30.0,0.919,0.016,0.011,1.0,1.0,True,FlowControlLab_NACA0018_quasi_steady_pressure,0.85
0.25932660326889856,0.22734437731436383,0.2606445849659313,0.19152118611392158,0.24722769683735676,0.1895640050889689,0.21884683823785184,0.20879942136857782,-0.25932660326889784,-0.22734437731436563,-0.2606445849659272,-0.1915211861139278,-0.2472276968373516,-0.18956400508897223,-0.21884683823785064,-0.20879942136857804,3.2271094574302454e-16,0.0038218495999859836,9.5,500000.0,0.01948396501457726,9.0,1.0,1.0,0.0,0.1,30.0,0.941,0.017,0.017,1.0,1.0,True,FlowControlLab_NACA0018_quasi_steady_pressure,0.85
0.25932660326889856,0.22734437731436383,0.2606445849659313,0.19152118611392158,0.24722769683735676,0.1895640050889689,0.21884683823785184,0.20879942136857782,-0.25932660326889784,-0.22734437731436563,-0.2606445849659272,-0.1915211861139278,-0.2472276968373516,-0.18956400508897223,-0.21884683823785064,-0.20879942136857804,3.2271094574302454e-16,0.0038218495999859836,10.0,500000.0,0.019498542274052476,9.0,1.0,1.0,0.0,0.1,30.0,0.966,0.018,0.021,1.0,1.0,True,FlowControlLab_NACA0018_quasi_steady_pressure,0.85
0.25932660326889856,0.22734437731436383,0.2606445849659313,0.19152118611392158,0.24722769683735676,0.1895640050889689,0.21884683823785184,0.20879942136857782,-0.25932660326889784,-0.22734437731436563,-0.2606445849659272,-0.1915211861139278,-0.2472276968373516,-0.18956400508897223,-0.21884683823785064,-0.20879942136857804,3.2271094574302454e-16,0.0038218495999859836,10.5,500000.0,0.01950728862973761,9.0,1.0,1.0,0.0,0.1,30.0,0.991,0.02,0.024,1.0,1.0,True,FlowControlLab_NACA0018_quasi_steady_pressure,0.85
0.25932660326889856,0.22734437731436383,0.2606445849659313,0.19152118611392158,0.24722769683735676,0.1895640050889689,0.21884683823785184,0.20879942136857782,-0.25932660326889784,-0.22734437731436563,-0.2606445849659272,-0.1915211861139278,-0.2472276968373516,-0.18956400508897223,-0.21884683823785064,-0.20879942136857804,3.2271094574302454e-16,0.0038218495999859836,11.0,500000.0,0.019489795918367345,9.0,1.0,1.0,0.0,0.1,30.0,1.012,0.022,0.026,1.0,1.0,True,FlowControlLab_NACA0018_quasi_steady_pressure,0.85
0.25932660326889856,0.22734437731436383,0.2606445849659313,0.19152118611392158,0.24722769683735676,0.1895640050889689,0.21884683823785184,0.20879942136857782,-0.25932660326889784,-0.22734437731436563,-0.2606445849659272,-0.1915211861139278,-0.2472276968373516,-0.18956400508897223,-0.21884683823785064,-0.20879942136857804,3.2271094574302454e-16,0.0038218495999859836,11.5,500000.0,0.01946938775510204,9.0,1.0,1.0,0.0,0.1,30.0,1.03,0.024,0.029,1.0,1.0,True,FlowControlLab_NACA0018_quasi_steady_pressure,0.85
0.25932660326889856,0.22734437731436383,0.2606445849659313,0.19152118611392158,0.24722769683735676,0.1895640050889689,0.21884683823785184,0.20879942136857782,-0.25932660326889784,-0.22734437731436563,-0.2606445849659272,-0.1915211861139278,-0.2472276968373516,-0.18956400508897223,-0.21884683823785064,-0.20879942136857804,3.2271094574302454e-16,0.0038218495999859836,12.0,500000.0,0.019472303206997086,9.0,1.0,1.0,0.0,0.1,30.0,1.041,0.027,0.03,1.0,1.0,True,FlowControlLab_NACA0018_quasi_steady_pressure,0.85
0.25932660326889856,0.22734437731436383,0.2606445849659313,0.19152118611392158,0.24722769683735676,0.1895640050889689,0.21884683823785184,0.20879942136857782,-0.25932660326889784,-0.22734437731436563,-0.2606445849659272,-0.1915211861139278,-0.2472276968373516,-0.18956400508897223,-0.21884683823785064,-0.20879942136857804,3.2271094574302454e-16,0.0038218495999859836,12.5,500000.0,0.019478134110787172,9.0,1.0,1.0,0.0,0.1,30.0,1.05,0.031,0.031,1.0,1.0,True,FlowControlLab_NACA0018_quasi_steady_pressure,0.85
0.25932660326889856,0.22734437731436383,0.2606445849659313,0.19152118611392158,0.24722769683735676,0.1895640050889689,0.21884683823785184,0.20879942136857782,-0.25932660326889784,-0.22734437731436563,-0.2606445849659272,-0.1915211861139278,-0.2472276968373516,-0.18956400508897223,-0.21884683823785064,-0.20879942136857804,3.2271094574302454e-16,0.0038218495999859836,13.0,500000.0,0.01946938775510204,9.0,1.0,1.0,0.0,0.1,30.0,1.061,0.035,0.032,1.0,1.0,True,FlowControlLab_NACA0018_quasi_steady_pressure,0.85
0.25932660326889856,0.22734437731436383,0.2606445849659313,0.19152118611392158,0.24722769683735676,0.1895640050889689,0.21884683823785184,0.20879942136857782,-0.25932660326889784,-0.22734437731436563,-0.2606445849659272,-0.1915211861139278,-0.2472276968373516,-0.18956400508897223,-0.21884683823785064,-0.20879942136857804,3.2271094574302454e-16,0.0038218495999859836,13.5,500000.0,0.01946938775510204,9.0,1.0,1.0,0.0,0.1,30.0,1.063,0.038,0.033,1.0,1.0,True,FlowControlLab_NACA0018_quasi_steady_pressure,0.85
0.25932660326889856,0.22734437731436383,0.2606445849659313,0.19152118611392158,0.24722769683735676,0.1895640050889689,0.21884683823785184,0.20879942136857782,-0.25932660326889784,-0.22734437731436563,-0.2606445849659272,-0.1915211861139278,-0.2472276968373516,-0.18956400508897223,-0.21884683823785064,-0.20879942136857804,3.2271094574302454e-16,0.0038218495999859836,14.0,500000.0,0.019466472303206996,9.0,1.0,1.0,0.0,0.1,30.0,1.06,0.041,0.033,1.0,1.0,True,FlowControlLab_NACA0018_quasi_steady_pressure,0.85
0.25932660326889856,0.22734437731436383,0.2606445849659313,0.19152118611392158,0.24722769683735676,0.1895640050889689,0.21884683823785184,0.20879942136857782,-0.25932660326889784,-0.22734437731436563,-0.2606445849659272,-0.1915211861139278,-0.2472276968373516,-0.18956400508897223,-0.21884683823785064,-0.20879942136857804,3.2271094574302454e-16,0.0038218495999859836,14.5,500000.0,0.01944606413994169,9.0,1.0,1.0,0.0,0.1,30.0,1.062,0.045,0.033,1.0,1.0,True,FlowControlLab_NACA0018_quasi_steady_pressure,0.85
0.25932660326889856,0.22734437731436383,0.2606445849659313,0.19152118611392158,0.24722769683735676,0.1895640050889689,0.21884683823785184,0.20879942136857782,-0.25932660326889784,-0.22734437731436563,-0.2606445849659272,-0.1915211861139278,-0.2472276968373516,-0.18956400508897223,-0.21884683823785064,-0.20879942136857804,3.2271094574302454e-16,0.0038218495999859836,15.0,500000.0,0.019448979591836734,9.0,1.0,1.0,0.0,0.1,30.0,1.067,0.051,0.031,1.0,1.0,True,FlowControlLab_NACA0018_quasi_steady_pressure,0.85
0.25932660326889856,0.22734437731436383,0.2606445849659313,0.19152118611392158,0.24722769683735676,0.1895640050889689,0.21884683823785184,0.20879942136857782,-0.25932660326889784,-0.22734437731436563,-0.2606445849659272,-0.1915211861139278,-0.2472276968373516,-0.18956400508897223,-0.21884683823785064,-0.20879942136857804,3.2271094574302454e-16,0.0038218495999859836,15.5,500000.0,0.019463556851311955,9.0,1.0,1.0,0.0,0.1,30.0,1.069,0.058,0.028,1.0,1.0,True,FlowControlLab_NACA0018_quasi_steady_pressure,0.85
0.25932660326889856,0.22734437731436383,0.2606445849659313,0.19152118611392158,0.24722769683735676,0.1895640050889689,0.21884683823785184,0.20879942136857782,-0.25932660326889784,-0.22734437731436563,-0.2606445849659272,-0.1915211861139278,-0.2472276968373516,-0.18956400508897223,-0.21884683823785064,-0.20879942136857804,3.2271094574302454e-16,0.0038218495999859836,16.0,500000.0,0.019478134110787172,9.0,1.0,1.0,0.0,0.1,30.0,1.071,0.067,0.024,1.0,1.0,True,FlowControlLab_NACA0018_quasi_steady_pressure,0.85
0.25932660326889856,0.22734437731436383,0.2606445849659313,0.19152118611392158,0.24722769683735676,0.1895640050889689,0.21884683823785184,0.20879942136857782,-0.25932660326889784,-0.22734437731436563,-0.2606445849659272,-0.1915211861139278,-0.2472276968373516,-0.18956400508897223,-0.21884683823785064,-0.20879942136857804,3.2271094574302454e-16,0.0038218495999859836,16.5,500000.0,0.019475218658892127,9.0,1.0,1.0,0.0,0.1,30.0,1.07,0.076,0.019,1.0,1.0,True,FlowControlLab_NACA0018_quasi_steady_pressure,0.85
0.25932660326889856,0.22734437731436383,0.2606445849659313,0.19152118611392158,0.24722769683735676,0.1895640050889689,0.21884683823785184,0.20879942136857782,-0.25932660326889784,-0.22734437731436563,-0.2606445849659272,-0.1915211861139278,-0.2472276968373516,-0.18956400508897223,-0.21884683823785064,-0.20879942136857804,3.2271094574302454e-16,0.0038218495999859836,17.0,500000.0,0.019466472303206996,9.0,1.0,1.0,0.0,0.1,30.0,1.062,0.087,0.013,1.0,1.0,True,FlowControlLab_NACA0018_quasi_steady_pressure,0.85
0.25932660326889856,0.22734437731436383,0.2606445849659313,0.19152118611392158,0.24722769683735676,0.1895640050889689,0.21884683823785184,0.20879942136857782,-0.25932660326889784,-0.22734437731436563,-0.2606445849659272,-0.1915211861139278,-0.2472276968373516,-0.18956400508897223,-0.21884683823785064,-0.20879942136857804,3.2271094574302454e-16,0.0038218495999859836,17.5,500000.0,0.019481049562682217,9.0,1.0,1.0,0.0,0.1,30.0,1.056,0.1,0.006,1.0,1.0,True,FlowControlLab_NACA0018_quasi_steady_pressure,0.85
0.25932660326889856,0.22734437731436383,0.2606445849659313,0.19152118611392158,0.24722769683735676,0.1895640050889689,0.21884683823785184,0.20879942136857782,-0.25932660326889784,-0.22734437731436563,-0.2606445849659272,-0.1915211861139278,-0.2472276968373516,-0.18956400508897223,-0.21884683823785064,-0.20879942136857804,3.2271094574302454e-16,0.0038218495999859836,18.0,500000.0,0.01949271137026239,9.0,1.0,1.0,0.0,0.1,30.0,1.055,0.115,-0.001,1.0,1.0,True,FlowControlLab_NACA0018_quasi_steady_pressure,0.85
0.25932660326889856,0.22734437731436383,0.2606445849659313,0.19152118611392158,0.24722769683735676,0.1895640050889689,0.21884683823785184,0.20879942136857782,-0.25932660326889784,-0.22734437731436563,-0.2606445849659272,-0.1915211861139278,-0.2472276968373516,-0.18956400508897223,-0.21884683823785064,-0.20879942136857804,3.2271094574302454e-16,0.0038218495999859836,18.5,500000.0,0.019486880466472303,9.0,1.0,1.0,0.0,0.1,30.0,1.05,0.131,-0.008,1.0,1.0,True,FlowControlLab_NACA0018_quasi_steady_pressure,0.85
0.25932660326889856,0.22734437731436383,0.2606445849659313,0.19152118611392158,0.24722769683735676,0.1895640050889689,0.21884683823785184,0.20879942136857782,-0.25932660326889784,-0.22734437731436563,-0.2606445849659272,-0.1915211861139278,-0.2472276968373516,-0.18956400508897223,-0.21884683823785064,-0.20879942136857804,3.2271094574302454e-16,0.0038218495999859836,19.0,500000.0,0.019475218658892127,9.0,1.0,1.0,0.0,0.1,30.0,1.034,0.144,-0.013,1.0,1.0,True,FlowControlLab_NACA0018_quasi_steady_pressure,0.85
0.25932660326889856,0.22734437731436383,0.2606445849659313,0.19152118611392158,0.24722769683735676,0.1895640050889689,0.21884683823785184,0.20879942136857782,-0.25932660326889784,-0.22734437731436563,-0.2606445849659272,-0.1915211861139278,-0.2472276968373516,-0.18956400508897223,-0.21884683823785064,-0.20879942136857804,3.2271094574302454e-16,0.0038218495999859836,19.5,500000.0,0.01948396501457726,9.0,1.0,1.0,0.0,0.1,30.0,1.007,0.153,-0.015,1.0,1.0,True,FlowControlLab_NACA0018_quasi_steady_pressure,0.85
0.25932660326889856,0.22734437731436383,0.2606445849659313,0.19152118611392158,0.24722769683735676,0.1895640050889689,0.21884683823785184,0.20879942136857782,-0.25932660326889784,-0.22734437731436563,-0.2606445849659272,-0.1915211861139278,-0.2472276968373516,-0.18956400508897223,-0.21884683823785064,-0.20879942136857804,3.2271094574302454e-16,0.0038218495999859836,20.0,500000.0,0.019489795918367345,9.0,1.0,1.0,0.0,0.1,30.0,0.989,0.16,-0.017,1.0,1.0,True,FlowControlLab_NACA0018_quasi_steady_pressure,0.85
0.25932660326889856,0.22734437731436383,0.2606445849659313,0.19152118611392158,0.24722769683735676,0.1895640050889689,0.21884683823785184,0.20879942136857782,-0.25932660326889784,-0.22734437731436563,-0.2606445849659272,-0.1915211861139278,-0.2472276968373516,-0.18956400508897223,-0.21884683823785064,-0.20879942136857804,3.2271094574302454e-16,0.0038218495999859836,20.5,500000.0,0.019489795918367345,9.0,1.0,1.0,0.0,0.1,30.0,0.99,0.17,-0.021,1.0,1.0,True,FlowControlLab_NACA0018_quasi_steady_pressure,0.85
0.25932660326889856,0.22734437731436383,0.2606445849659313,0.19152118611392158,0.24722769683735676,0.1895640050889689,0.21884683823785184,0.20879942136857782,-0.25932660326889784,-0.22734437731436563,-0.2606445849659272,-0.1915211861139278,-0.2472276968373516,-0.18956400508897223,-0.21884683823785064,-0.20879942136857804,3.2271094574302454e-16,0.0038218495999859836,21.0,500000.0,0.019486880466472303,9.0,1.0,1.0,0.0,0.1,30.0,0.996,0.179,-0.025,1.0,1.0,True,FlowControlLab_NACA0018_quasi_steady_pressure,0.85
0.25932660326889856,0.22734437731436383,0.2606445849659313,0.19152118611392158,0.24722769683735676,0.1895640050889689,0.21884683823785184,0.20879942136857782,-0.25932660326889784,-0.22734437731436563,-0.2606445849659272,-0.1915211861139278,-0.2472276968373516,-0.18956400508897223,-0.21884683823785064,-0.20879942136857804,3.2271094574302454e-16,0.0038218495999859836,21.5,500000.0,0.01948396501457726,9.0,1.0,1.0,0.0,0.1,30.0,1.001,0.188,-0.029,1.0,1.0,True,FlowControlLab_NACA0018_quasi_steady_pressure,0.85
0.25932660326889856,0.22734437731436383,0.2606445849659313,0.19152118611392158,0.24722769683735676,0.1895640050889689,0.21884683823785184,0.20879942136857782,-0.25932660326889784,-0.22734437731436563,-0.2606445849659272,-0.1915211861139278,-0.2472276968373516,-0.18956400508897223,-0.21884683823785064,-0.20879942136857804,3.2271094574302454e-16,0.0038218495999859836,22.0,500000.0,0.019495626822157434,9.0,1.0,1.0,0.0,0.1,30.0,1.015,0.201,-0.033,1.0,1.0,True,FlowControlLab_NACA0018_quasi_steady_pressure,0.85
0.25932660326889856,0.22734437731436383,0.2606445849659313,0.19152118611392158,0.24722769683735676,0.1895640050889689,0.21884683823785184,0.20879942136857782,-0.25932660326889784,-0.22734437731436563,-0.2606445849659272,-0.1915211861139278,-0.2472276968373516,-0.18956400508897223,-0.21884683823785064,-0.20879942136857804,3.2271094574302454e-16,0.0038218495999859836,22.5,500000.0,0.01950145772594752,9.0,1.0,1.0,0.0,0.1,30.0,1.037,0.216,-0.039,1.0,1.0,True,FlowControlLab_NACA0018_quasi_steady_pressure,0.85
0.25932660326889856,0.22734437731436383,0.2606445849659313,0.19152118611392158,0.24722769683735676,0.1895640050889689,0.21884683823785184,0.20879942136857782,-0.25932660326889784,-0.22734437731436563,-0.2606445849659272,-0.1915211861139278,-0.2472276968373516,-0.18956400508897223,-0.21884683823785064,-0.20879942136857804,3.2271094574302454e-16,0.0038218495999859836,23.0,500000.0,0.019513119533527697,9.0,1.0,1.0,0.0,0.1,30.0,1.07,0.231,-0.044,1.0,1.0,True,FlowControlLab_NACA0018_quasi_steady_pressure,0.85
0.25932660326889856,0.22734437731436383,0.2606445849659313,0.19152118611392158,0.24722769683735676,0.1895640050889689,0.21884683823785184,0.20879942136857782,-0.25932660326889784,-0.22734437731436563,-0.2606445849659272,-0.1915211861139278,-0.2472276968373516,-0.18956400508897223,-0.21884683823785064,-0.20879942136857804,3.2271094574302454e-16,0.0038218495999859836,23.5,500000.0,0.01950728862973761,9.0,1.0,1.0,0.0,0.1,30.0,1.103,0.249,-0.052,1.0,1.0,True,FlowControlLab_NACA0018_quasi_steady_pressure,0.85
0.25932660326889856,0.22734437731436383,0.2606445849659313,0.19152118611392158,0.24722769683735676,0.1895640050889689,0.21884683823785184,0.20879942136857782,-0.25932660326889784,-0.22734437731436563,-0.2606445849659272,-0.1915211861139278,-0.2472276968373516,-0.18956400508897223,-0.21884683823785064,-0.20879942136857804,3.2271094574302454e-16,0.0038218495999859836,24.0,500000.0,0.019481049562682217,9.0,1.0,1.0,0.0,0.1,30.0,1.052,0.311,-0.072,1.0,1.0,True,FlowControlLab_NACA0018_quasi_steady_pressure,0.85
0.25932660326889856,0.22734437731436383,0.2606445849659313,0.19152118611392158,0.24722769683735676,0.1895640050889689,0.21884683823785184,0.20879942136857782,-0.25932660326889784,-0.22734437731436563,-0.2606445849659272,-0.1915211861139278,-0.2472276968373516,-0.18956400508897223,-0.21884683823785064,-0.20879942136857804,3.2271094574302454e-16,0.0038218495999859836,24.5,500000.0,0.019486880466472303,9.0,1.0,1.0,0.0,0.1,30.0,0.9,0.415,-0.098,1.0,1.0,True,FlowControlLab_NACA0018_quasi_steady_pressure,0.85
0.25932660326889856,0.22734437731436383,0.2606445849659313,0.19152118611392158,0.24722769683735676,0.1895640050889689,0.21884683823785184,0.20879942136857782,-0.25932660326889784,-0.22734437731436563,-0.2606445849659272,-0.1915211861139278,-0.2472276968373516,-0.18956400508897223,-0.21884683823785064,-0.20879942136857804,3.2271094574302454e-16,0.0038218495999859836,25.0,500000.0,0.01949271137026239,9.0,1.0,1.0,0.0,0.1,30.0,0.821,0.476,-0.111,1.0,1.0,True,FlowControlLab_NACA0018_quasi_steady_pressure,0.85
0.25932660326889856,0.22734437731436383,0.2606445849659313,0.19152118611392158,0.24722769683735676,0.1895640050889689,0.21884683823785184,0.20879942136857782,-0.25932660326889784,-0.22734437731436563,-0.2606445849659272,-0.1915211861139278,-0.2472276968373516,-0.18956400508897223,-0.21884683823785064,-0.20879942136857804,3.2271094574302454e-16,0.0038218495999859836,25.5,500000.0,0.01949271137026239,9.0,1.0,1.0,0.0,0.1,30.0,0.845,0.497,-0.116,1.0,1.0,True,FlowControlLab_NACA0018_quasi_steady_pressure,0.85
0.25932660326889856,0.22734437731436383,0.2606445849659313,0.19152118611392158,0.24722769683735676,0.1895640050889689,0.21884683823785184,0.20879942136857782,-0.25932660326889784,-0.22734437731436563,-0.2606445849659272,-0.1915211861139278,-0.2472276968373516,-0.18956400508897223,-0.21884683823785064,-0.20879942136857804,3.2271094574302454e-16,0.0038218495999859836,26.0,500000.0,0.019495626822157434,9.0,1.0,1.0,0.0,0.1,30.0,0.88,0.523,-0.124,1.0,1.0,True,FlowControlLab_NACA0018_quasi_steady_pressure,0.85
0.25932660326889856,0.22734437731436383,0.2606445849659313,0.19152118611392158,0.24722769683735676,0.1895640050889689,0.21884683823785184,0.20879942136857782,-0.25932660326889784,-0.22734437731436563,-0.2606445849659272,-0.1915211861139278,-0.2472276968373516,-0.18956400508897223,-0.21884683823785064,-0.20879942136857804,3.2271094574302454e-16,0.0038218495999859836,26.5,500000.0,0.019504373177842566,9.0,1.0,1.0,0.0,0.1,30.0,0.92,0.55,-0.134,1.0,1.0,True,FlowControlLab_NACA0018_quasi_steady_pressure,0.85
0.25932660326889856,0.22734437731436383,0.2606445849659313,0.19152118611392158,0.24722769683735676,0.1895640050889689,0.21884683823785184,0.20879942136857782,-0.25932660326889784,-0.22734437731436563,-0.2606445849659272,-0.1915211861139278,-0.2472276968373516,-0.18956400508897223,-0.21884683823785064,-0.20879942136857804,3.2271094574302454e-16,0.0038218495999859836,27.0,500000.0,0.01950728862973761,9.0,1.0,1.0,0.0,0.1,30.0,0.948,0.574,-0.141,1.0,1.0,True,FlowControlLab_NACA0018_quasi_steady_pressure,0.85
0.25932660326889856,0.22734437731436383,0.2606445849659313,0.19152118611392158,0.24722769683735676,0.1895640050889689,0.21884683823785184,0.20879942136857782,-0.25932660326889784,-0.22734437731436563,-0.2606445849659272,-0.1915211861139278,-0.2472276968373516,-0.18956400508897223,-0.21884683823785064,-0.20879942136857804,3.2271094574302454e-16,0.0038218495999859836,27.5,500000.0,0.01950145772594752,9.0,1.0,1.0,0.0,0.1,30.0,0.967,0.593,-0.146,1.0,1.0,True,FlowControlLab_NACA0018_quasi_steady_pressure,0.85
0.25932660326889856,0.22734437731436383,0.2606445849659313,0.19152118611392158,0.24722769683735676,0.1895640050889689,0.21884683823785184,0.20879942136857782,-0.25932660326889784,-0.22734437731436563,-0.2606445849659272,-0.1915211861139278,-0.2472276968373516,-0.18956400508897223,-0.21884683823785064,-0.20879942136857804,3.2271094574302454e-16,0.0038218495999859836,28.0,500000.0,0.019504373177842566,9.0,1.0,1.0,0.0,0.1,30.0,0.996,0.619,-0.153,1.0,1.0,True,FlowControlLab_NACA0018_quasi_steady_pressure,0.85
0.25932660326889856,0.22734437731436383,0.2606445849659313,0.19152118611392158,0.24722769683735676,0.1895640050889689,0.21884683823785184,0.20879942136857782,-0.25932660326889784,-0.22734437731436563,-0.2606445849659272,-0.1915211861139278,-0.2472276968373516,-0.18956400508897223,-0.21884683823785064,-0.20879942136857804,3.2271094574302454e-16,0.0038218495999859836,28.5,500000.0,0.01950728862973761,9.0,1.0,1.0,0.0,0.1,30.0,1.026,0.646,-0.161,1.0,1.0,True,FlowControlLab_NACA0018_quasi_steady_pressure,0.85
0.25932660326889856,0.22734437731436383,0.2606445849659313,0.19152118611392158,0.24722769683735676,0.1895640050889689,0.21884683823785184,0.20879942136857782,-0.25932660326889784,-0.22734437731436563,-0.2606445849659272,-0.1915211861139278,-0.2472276968373516,-0.18956400508897223,-0.21884683823785064,-0.20879942136857804,3.2271094574302454e-16,0.0038218495999859836,29.0,500000.0,0.019495626822157434,9.0,1.0,1.0,0.0,0.1,30.0,1.05,0.67,-0.168,1.0,1.0,True,FlowControlLab_NACA0018_quasi_steady_pressure,0.85
0.25932660326889856,0.22734437731436383,0.2606445849659313,0.19152118611392158,0.24722769683735676,0.1895640050889689,0.21884683823785184,0.20879942136857782,-0.25932660326889784,-0.22734437731436563,-0.2606445849659272,-0.1915211861139278,-0.2472276968373516,-0.18956400508897223,-0.21884683823785064,-0.20879942136857804,3.2271094574302454e-16,0.0038218495999859836,29.5,500000.0,0.019475218658892127,9.0,1.0,1.0,0.0,0.1,30.0,1.076,0.695,-0.175,1.0,1.0,True,FlowControlLab_NACA0018_quasi_steady_pressure,0.85
0.25932660326889856,0.22734437731436383,0.2606445849659313,0.19152118611392158,0.24722769683735676,0.1895640050889689,0.21884683823785184,0.20879942136857782,-0.25932660326889784,-0.22734437731436563,-0.2606445849659272,-0.1915211861139278,-0.2472276968373516,-0.18956400508897223,-0.21884683823785064,-0.20879942136857804,3.2271094574302454e-16,0.0038218495999859836,30.0,500000.0,0.019489795918367345,9.0,1.0,1.0,0.0,0.1,30.0,1.1,0.721,-0.182,1.0,1.0,True,FlowControlLab_NACA0018_quasi_steady_pressure,0.85
0.25932660326889856,0.22734437731436383,0.2606445849659313,0.19152118611392158,0.24722769683735676,0.1895640050889689,0.21884683823785184,0.20879942136857782,-0.25932660326889784,-0.22734437731436563,-0.2606445849659272,-0.1915211861139278,-0.2472276968373516,-0.18956400508897223,-0.21884683823785064,-0.20879942136857804,3.2271094574302454e-16,0.0038218495999859836,30.5,500000.0,0.019510204081632655,9.0,1.0,1.0,0.0,0.1,30.0,1.118,0.743,-0.188,1.0,1.0,True,FlowControlLab_NACA0018_quasi_steady_pressure,0.85
0.25932660326889856,0.22734437731436383,0.2606445849659313,0.19152118611392158,0.24722769683735676,0.1895640050889689,0.21884683823785184,0.20879942136857782,-0.25932660326889784,-0.22734437731436563,-0.2606445849659272,-0.1915211861139278,-0.2472276968373516,-0.18956400508897223,-0.21884683823785064,-0.20879942136857804,3.2271094574302454e-16,0.0038218495999859836,31.0,500000.0,0.01950145772594752,9.0,1.0,1.0,0.0,0.1,30.0,1.143,0.77,-0.195,1.0,1.0,True,FlowControlLab_NACA0018_quasi_steady_pressure,0.85
0.25932660326889856,0.22734437731436383,0.2606445849659313,0.19152118611392158,0.24722769683735676,0.1895640050889689,0.21884683823785184,0.20879942136857782,-0.25932660326889784,-0.22734437731436563,-0.2606445849659272,-0.1915211861139278,-0.2472276968373516,-0.18956400508897223,-0.21884683823785064,-0.20879942136857804,3.2271094574302454e-16,0.0038218495999859836,31.5,500000.0,0.019481049562682217,9.0,1.0,1.0,0.0,0.1,30.0,1.173,0.801,-0.205,1.0,1.0,True,FlowControlLab_NACA0018_quasi_steady_pressure,0.85
0.25932660326889856,0.22734437731436383,0.2606445849659313,0.19152118611392158,0.24722769683735676,0.1895640050889689,0.21884683823785184,0.20879942136857782,-0.25932660326889784,-0.22734437731436563,-0.2606445849659272,-0.1915211861139278,-0.2472276968373516,-0.18956400508897223,-0.21884683823785064,-0.20879942136857804,3.2271094574302454e-16,0.0038218495999859836,32.0,500000.0,0.01949271137026239,9.0,1.0,1.0,0.0,0.1,30.0,1.2,0.831,-0.213,1.0,1.0,True,FlowControlLab_NACA0018_quasi_steady_pressure,0.85
0.25932660326889856,0.22734437731436383,0.2606445849659313,0.19152118611392158,0.24722769683735676,0.1895640050889689,0.21884683823785184,0.20879942136857782,-0.25932660326889784,-0.22734437731436563,-0.2606445849659272,-0.1915211861139278,-0.2472276968373516,-0.18956400508897223,-0.21884683823785064,-0.20879942136857804,3.2271094574302454e-16,0.0038218495999859836,-2.0,500000.0,0.019472303206997086,9.0,1.0,1.0,0.0,0.1,30.0,-0.205,0.005,-0.002,1.0,1.0,True,FlowControlLab_NACA0018_quasi_steady_pressure,0.85
0.25932660326889856,0.22734437731436383,0.2606445849659313,0.19152118611392158,0.24722769683735676,0.1895640050889689,0.21884683823785184,0.20879942136857782,-0.25932660326889784,-0.22734437731436563,-0.2606445849659272,-0.1915211861139278,-0.2472276968373516,-0.18956400508897223,-0.21884683823785064,-0.20879942136857804,3.2271094574302454e-16,0.0038218495999859836,-1.5,500000.0,0.019475218658892127,9.0,1.0,1.0,0.0,0.1,30.0,-0.151,0.005,-0.002,1.0,1.0,True,FlowControlLab_NACA0018_quasi_steady_pressure,0.85
0.25932660326889856,0.22734437731436383,0.2606445849659313,0.19152118611392158,0.24722769683735676,0.1895640050889689,0.21884683823785184,0.20879942136857782,-0.25932660326889784,-0.22734437731436563,-0.2606445849659272,-0.1915211861139278,-0.2472276968373516,-0.18956400508897223,-0.21884683823785064,-0.20879942136857804,3.2271094574302454e-16,0.0038218495999859836,-1.0,500000.0,0.019478134110787172,9.0,1.0,1.0,0.0,0.1,30.0,-0.098,0.005,-0.001,1.0,1.0,True,FlowControlLab_NACA0018_quasi_steady_pressure,0.85
0.25932660326889856,0.22734437731436383,0.2606445849659313,0.19152118611392158,0.24722769683735676,0.1895640050889689,0.21884683823785184,0.20879942136857782,-0.25932660326889784,-0.22734437731436563,-0.2606445849659272,-0.1915211861139278,-0.2472276968373516,-0.18956400508897223,-0.21884683823785064,-0.20879942136857804,3.2271094574302454e-16,0.0038218495999859836,-0.5,500000.0,0.019472303206997086,9.0,1.0,1.0,0.0,0.1,30.0,-0.045,0.005,-0.001,1.0,1.0,True,FlowControlLab_NACA0018_quasi_steady_pressure,0.85
0.25932660326889856,0.22734437731436383,0.2606445849659313,0.19152118611392158,0.24722769683735676,0.1895640050889689,0.21884683823785184,0.20879942136857782,-0.25932660326889784,-0.22734437731436563,-0.2606445849659272,-0.1915211861139278,-0.2472276968373516,-0.18956400508897223,-0.21884683823785064,-0.20879942136857804,3.2271094574302454e-16,0.0038218495999859836,0.0,500000.0,0.01946064139941691,9.0,1.0,1.0,0.0,0.1,30.0,0.009,0.005,-0.001,1.0,1.0,True,FlowControlLab_NACA0018_quasi_steady_pressure,0.85
0.25932660326889856,0.22734437731436383,0.2606445849659313,0.19152118611392158,0.24722769683735676,0.1895640050889689,0.21884683823785184,0.20879942136857782,-0.25932660326889784,-0.22734437731436563,-0.2606445849659272,-0.1915211861139278,-0.2472276968373516,-0.18956400508897223,-0.21884683823785064,-0.20879942136857804,3.2271094574302454e-16,0.0038218495999859836,0.5,500000.0,0.01945189504373178,9.0,1.0,1.0,0.0,0.1,30.0,0.061,0.004,-0.0,1.0,1.0,True,FlowControlLab_NACA0018_quasi_steady_pressure,0.85
0.25932660326889856,0.22734437731436383,0.2606445849659313,0.19152118611392158,0.24722769683735676,0.1895640050889689,0.21884683823785184,0.20879942136857782,-0.25932660326889784,-0.22734437731436563,-0.2606445849659272,-0.1915211861139278,-0.2472276968373516,-0.18956400508897223,-0.21884683823785064,-0.20879942136857804,3.2271094574302454e-16,0.0038218495999859836,1.0,500000.0,0.019475218658892127,9.0,1.0,1.0,0.0,0.1,30.0,0.113,0.005,0.0,1.0,1.0,True,FlowControlLab_NACA0018_quasi_steady_pressure,0.85
0.25932660326889856,0.22734437731436383,0.2606445849659313,0.19152118611392158,0.24722769683735676,0.1895640050889689,0.21884683823785184,0.20879942136857782,-0.25932660326889784,-0.22734437731436563,-0.2606445849659272,-0.1915211861139278,-0.2472276968373516,-0.18956400508897223,-0.21884683823785064,-0.20879942136857804,3.2271094574302454e-16,0.0038218495999859836,1.5,500000.0,0.019478134110787172,9.0,1.0,1.0,0.0,0.1,30.0,0.163,0.005,0.001,1.0,1.0,True,FlowControlLab_NACA0018_quasi_steady_pressure,0.85
0.25932660326889856,0.22734437731436383,0.2606445849659313,0.19152118611392158,0.24722769683735676,0.1895640050889689,0.21884683823785184,0.20879942136857782,-0.25932660326889784,-0.22734437731436563,-0.2606445849659272,-0.1915211861139278,-0.2472276968373516,-0.18956400508897223,-0.21884683823785064,-0.20879942136857804,3.2271094574302454e-16,0.0038218495999859836,2.0,500000.0,0.019481049562682217,9.0,1.0,1.0,0.0,0.1,30.0,0.212,0.005,0.003,1.0,1.0,True,FlowControlLab_NACA0018_quasi_steady_pressure,0.85
0.25932660326889856,0.22734437731436383,0.2606445849659313,0.19152118611392158,0.24722769683735676,0.1895640050889689,0.21884683823785184,0.20879942136857782,-0.25932660326889784,-0.22734437731436563,-0.2606445849659272,-0.1915211861139278,-0.2472276968373516,-0.18956400508897223,-0.21884683823785064,-0.20879942136857804,3.2271094574302454e-16,0.0038218495999859836,2.5,500000.0,0.019475218658892127,9.0,1.0,1.0,0.0,0.1,30.0,0.262,0.005,0.004,1.0,1.0,True,FlowControlLab_NACA0018_quasi_steady_pressure,0.85
0.25932660326889856,0.22734437731436383,0.2606445849659313,0.19152118611392158,0.24722769683735676,0.1895640050889689,0.21884683823785184,0.20879942136857782,-0.25932660326889784,-0.22734437731436563,-0.2606445849659272,-0.1915211861139278,-0.2472276968373516,-0.18956400508897223,-0.21884683823785064,-0.20879942136857804,3.2271094574302454e-16,0.0038218495999859836,3.0,500000.0,0.01945772594752187,9.0,1.0,1.0,0.0,0.1,30.0,0.311,0.006,0.005,1.0,1.0,True,FlowControlLab_NACA0018_quasi_steady_pressure,0.85
0.25932660326889856,0.22734437731436383,0.2606445849659313,0.19152118611392158,0.24722769683735676,0.1895640050889689,0.21884683823785184,0.20879942136857782,-0.25932660326889784,-0.22734437731436563,-0.2606445849659272,-0.1915211861139278,-0.2472276968373516,-0.18956400508897223,-0.21884683823785064,-0.20879942136857804,3.2271094574302454e-16,0.0038218495999859836,3.5,500000.0,0.019472303206997086,9.0,1.0,1.0,0.0,0.1,30.0,0.359,0.006,0.007,1.0,1.0,True,FlowControlLab_NACA0018_quasi_steady_pressure,0.85
0.25932660326889856,0.22734437731436383,0.2606445849659313,0.19152118611392158,0.24722769683735676,0.1895640050889689,0.21884683823785184,0.20879942136857782,-0.25932660326889784,-0.22734437731436563,-0.2606445849659272,-0.1915211861139278,-0.2472276968373516,-0.18956400508897223,-0.21884683823785064,-0.20879942136857804,3.2271094574302454e-16,0.0038218495999859836,4.0,500000.0,0.019495626822157434,9.0,1.0,1.0,0.0,0.1,30.0,0.405,0.007,0.008,1.0,1.0,True,FlowControlLab_NACA0018_quasi_steady_pressure,0.85
0.25932660326889856,0.22734437731436383,0.2606445849659313,0.19152118611392158,0.24722769683735676,0.1895640050889689,0.21884683823785184,0.20879942136857782,-0.25932660326889784,-0.22734437731436563,-0.2606445849659272,-0.1915211861139278,-0.2472276968373516,-0.18956400508897223,-0.21884683823785064,-0.20879942136857804,3.2271094574302454e-16,0.0038218495999859836,4.5,500000.0,0.019495626822157434,9.0,1.0,1.0,0.0,0.1,30.0,0.452,0.007,0.01,1.0,1.0,True,FlowControlLab_NACA0018_quasi_steady_pressure,0.85
0.25932660326889856,0.22734437731436383,0.2606445849659313,0.19152118611392158,0.24722769683735676,0.1895640050889689,0.21884683823785184,0.20879942136857782,-0.25932660326889784,-0.22734437731436563,-0.2606445849659272,-0.1915211861139278,-0.2472276968373516,-0.18956400508897223,-0.21884683823785064,-0.20879942136857804,3.2271094574302454e-16,0.0038218495999859836,5.0,500000.0,0.019475218658892127,9.0,1.0,1.0,0.0,0.1,30.0,0.501,0.008,0.012,1.0,1.0,True,FlowControlLab_NACA0018_quasi_steady_pressure,0.85
0.25932660326889856,0.22734437731436383,0.2606445849659313,0.19152118611392158,0.24722769683735676,0.1895640050889689,0.21884683823785184,0.20879942136857782,-0.25932660326889784,-0.22734437731436563,-0.2606445849659272,-0.1915211861139278,-0.2472276968373516,-0.18956400508897223,-0.21884683823785064,-0.20879942136857804,3.2271094574302454e-16,0.0038218495999859836,5.5,500000.0,0.01946064139941691,9.0,1.0,1.0,0.0,0.1,30.0,0.554,0.009,0.012,1.0,1.0,True,FlowControlLab_NACA0018_quasi_steady_pressure,0.85
0.25932660326889856,0.22734437731436383,0.2606445849659313,0.19152118611392158,0.24722769683735676,0.1895640050889689,0.21884683823785184,0.20879942136857782,-0.25932660326889784,-0.22734437731436563,-0.2606445849659272,-0.1915211861139278,-0.2472276968373516,-0.18956400508897223,-0.21884683823785064,-0.20879942136857804,3.2271094574302454e-16,0.0038218495999859836,6.0,500000.0,0.019463556851311955,9.0,1.0,1.0,0.0,0.1,30.0,0.609,0.01,0.012,1.0,1.0,True,FlowControlLab_NACA0018_quasi_steady_pressure,0.85
0.25932660326889856,0.22734437731436383,0.2606445849659313,0.19152118611392158,0.24722769683735676,0.1895640050889689,0.21884683823785184,0.20879942136857782,-0.25932660326889784,-0.22734437731436563,-0.2606445849659272,-0.1915211861139278,-0.2472276968373516,-0.18956400508897223,-0.21884683823785064,-0.20879942136857804,3.2271094574302454e-16,0.0038218495999859836,6.5,500000.0,0.019466472303206996,9.0,1.0,1.0,0.0,0.1,30.0,0.666,0.011,0.01,1.0,1.0,True,FlowControlLab_NACA0018_quasi_steady_pressure,0.85
0.25932660326889856,0.22734437731436383,0.2606445849659313,0.19152118611392158,0.24722769683735676,0.1895640050889689,0.21884683823785184,0.20879942136857782,-0.25932660326889784,-0.22734437731436563,-0.2606445849659272,-0.1915211861139278,-0.2472276968373516,-0.18956400508897223,-0.21884683823785064,-0.20879942136857804,3.2271094574302454e-16,0.0038218495999859836,7.0,500000.0,0.01946064139941691,9.0,1.0,1.0,0.0,0.1,30.0,0.728,0.012,0.008,1.0,1.0,True,FlowControlLab_NACA0018_quasi_steady_pressure,0.85
0.25932660326889856,0.22734437731436383,0.2606445849659313,0.19152118611392158,0.24722769683735676,0.1895640050889689,0.21884683823785184,0.20879942136857782,-0.25932660326889784,-0.22734437731436563,-0.2606445849659272,-0.1915211861139278,-0.2472276968373516,-0.18956400508897223,-0.21884683823785064,-0.20879942136857804,3.2271094574302454e-16,0.0038218495999859836,7.5,500000.0,0.01945189504373178,9.0,1.0,1.0,0.0,0.1,30.0,0.793,0.013,0.005,1.0,1.0,True,FlowControlLab_NACA0018_quasi_steady_pressure,0.85
0.25932660326889856,0.22734437731436383,0.2606445849659313,0.19152118611392158,0.24722769683735676,0.1895640050889689,0.21884683823785184,0.20879942136857782,-0.25932660326889784,-0.22734437731436563,-0.2606445849659272,-0.1915211861139278,-0.2472276968373516,-0.18956400508897223,-0.21884683823785064,-0.20879942136857804,3.2271094574302454e-16,0.0038218495999859836,8.0,500000.0,0.01945772594752187,9.0,1.0,1.0,0.0,0.1,30.0,0.851,0.014,0.004,1.0,1.0,True,FlowControlLab_NACA0018_quasi_steady_pressure,0.85
0.25932660326889856,0.22734437731436383,0.2606445849659313,0.19152118611392158,0.24722769683735676,0.1895640050889689,0.21884683823785184,0.20879942136857782,-0.25932660326889784,-0.22734437731436563,-0.2606445849659272,-0.1915211861139278,-0.2472276968373516,-0.18956400508897223,-0.21884683823785064,-0.20879942136857804,3.2271094574302454e-16,0.0038218495999859836,8.5,500000.0,0.019472303206997086,9.0,1.0,1.0,0.0,0.1,30.0,0.89,0.015,0.006,1.0,1.0,True,FlowControlLab_NACA0018_quasi_steady_pressure,0.85
0.25932660326889856,0.22734437731436383,0.2606445849659313,0.19152118611392158,0.24722769683735676,0.1895640050889689,0.21884683823785184,0.20879942136857782,-0.25932660326889784,-0.22734437731436563,-0.2606445849659272,-0.1915211861139278,-0.2472276968373516,-0.18956400508897223,-0.21884683823785064,-0.20879942136857804,3.2271094574302454e-16,0.0038218495999859836,9.0,500000.0,0.019478134110787172,9.0,1.0,1.0,0.0,0.1,30.0,0.917,0.015,0.011,1.0,1.0,True,FlowControlLab_NACA0018_quasi_steady_pressure,0.85
0.25932660326889856,0.22734437731436383,0.2606445849659313,0.19152118611392158,0.24722769683735676,0.1895640050889689,0.21884683823785184,0.20879942136857782,-0.25932660326889784,-0.22734437731436563,-0.2606445849659272,-0.1915211861139278,-0.2472276968373516,-0.18956400508897223,-0.21884683823785064,-0.20879942136857804,3.2271094574302454e-16,0.0038218495999859836,9.5,500000.0,0.01948396501457726,9.0,1.0,1.0,0.0,0.1,30.0,0.941,0.016,0.017,1.0,1.0,True,FlowControlLab_NACA0018_quasi_steady_pressure,0.85
0.25932660326889856,0.22734437731436383,0.2606445849659313,0.19152118611392158,0.24722769683735676,0.1895640050889689,0.21884683823785184,0.20879942136857782,-0.25932660326889784,-0.22734437731436563,-0.2606445849659272,-0.1915211861139278,-0.2472276968373516,-0.18956400508897223,-0.21884683823785064,-0.20879942136857804,3.2271094574302454e-16,0.0038218495999859836,10.0,500000.0,0.019498542274052476,9.0,1.0,1.0,0.0,0.1,30.0,0.965,0.018,0.021,1.0,1.0,True,FlowControlLab_NACA0018_quasi_steady_pressure,0.85
0.25932660326889856,0.22734437731436383,0.2606445849659313,0.19152118611392158,0.24722769683735676,0.1895640050889689,0.21884683823785184,0.20879942136857782,-0.25932660326889784,-0.22734437731436563,-0.2606445849659272,-0.1915211861139278,-0.2472276968373516,-0.18956400508897223,-0.21884683823785064,-0.20879942136857804,3.2271094574302454e-16,0.0038218495999859836,10.5,500000.0,0.01950728862973761,9.0,1.0,1.0,0.0,0.1,30.0,0.989,0.019,0.024,1.0,1.0,True,FlowControlLab_NACA0018_quasi_steady_pressure,0.85
0.25932660326889856,0.22734437731436383,0.2606445849659313,0.19152118611392158,0.24722769683735676,0.1895640050889689,0.21884683823785184,0.20879942136857782,-0.25932660326889784,-0.22734437731436563,-0.2606445849659272,-0.1915211861139278,-0.2472276968373516,-0.18956400508897223,-0.21884683823785064,-0.20879942136857804,3.2271094574302454e-16,0.0038218495999859836,11.0,500000.0,0.019489795918367345,9.0,1.0,1.0,0.0,0.1,30.0,1.012,0.021,0.027,1.0,1.0,True,FlowControlLab_NACA0018_quasi_steady_pressure,0.85
0.25932660326889856,0.22734437731436383,0.2606445849659313,0.19152118611392158,0.24722769683735676,0.1895640050889689,0.21884683823785184,0.20879942136857782,-0.25932660326889784,-0.22734437731436563,-0.2606445849659272,-0.1915211861139278,-0.2472276968373516,-0.18956400508897223,-0.21884683823785064,-0.20879942136857804,3.2271094574302454e-16,0.0038218495999859836,11.5,500000.0,0.01946938775510204,9.0,1.0,1.0,0.0,0.1,30.0,1.03,0.024,0.029,1.0,1.0,True,FlowControlLab_NACA0018_quasi_steady_pressure,0.85
0.25932660326889856,0.22734437731436383,0.2606445849659313,0.19152118611392158,0.24722769683735676,0.1895640050889689,0.21884683823785184,0.20879942136857782,-0.25932660326889784,-0.22734437731436563,-0.2606445849659272,-0.1915211861139278,-0.2472276968373516,-0.18956400508897223,-0.21884683823785064,-0.20879942136857804,3.2271094574302454e-16,0.0038218495999859836,12.0,500000.0,0.019472303206997086,9.0,1.0,1.0,0.0,0.1,30.0,1.042,0.027,0.031,1.0,1.0,True,FlowControlLab_NACA0018_quasi_steady_pressure,0.85
0.25932660326889856,0.22734437731436383,0.2606445849659313,0.19152118611392158,0.24722769683735676,0.1895640050889689,0.21884683823785184,0.20879942136857782,-0.25932660326889784,-0.22734437731436563,-0.2606445849659272,-0.1915211861139278,-0.2472276968373516,-0.18956400508897223,-0.21884683823785064,-0.20879942136857804,3.2271094574302454e-16,0.0038218495999859836,12.5,500000.0,0.019478134110787172,9.0,1.0,1.0,0.0,0.1,30.0,1.055,0.03,0.032,1.0,1.0,True,FlowControlLab_NACA0018_quasi_steady_pressure,0.85
0.25932660326889856,0.22734437731436383,0.2606445849659313,0.19152118611392158,0.24722769683735676,0.1895640050889689,0.21884683823785184,0.20879942136857782,-0.25932660326889784,-0.22734437731436563,-0.2606445849659272,-0.1915211861139278,-0.2472276968373516,-0.18956400508897223,-0.21884683823785064,-0.20879942136857804,3.2271094574302454e-16,0.0038218495999859836,13.0,500000.0,0.01946938775510204,9.0,1.0,1.0,0.0,0.1,30.0,1.061,0.034,0.033,1.0,1.0,True,FlowControlLab_NACA0018_quasi_steady_pressure,0.85
0.25932660326889856,0.22734437731436383,0.2606445849659313,0.19152118611392158,0.24722769683735676,0.1895640050889689,0.21884683823785184,0.20879942136857782,-0.25932660326889784,-0.22734437731436563,-0.2606445849659272,-0.1915211861139278,-0.2472276968373516,-0.18956400508897223,-0.21884683823785064,-0.20879942136857804,3.2271094574302454e-16,0.0038218495999859836,13.5,500000.0,0.01946938775510204,9.0,1.0,1.0,0.0,0.1,30.0,1.058,0.037,0.034,1.0,1.0,True,FlowControlLab_NACA0018_quasi_steady_pressure,0.85
0.25932660326889856,0.22734437731436383,0.2606445849659313,0.19152118611392158,0.24722769683735676,0.1895640050889689,0.21884683823785184,0.20879942136857782,-0.25932660326889784,-0.22734437731436563,-0.2606445849659272,-0.1915211861139278,-0.2472276968373516,-0.18956400508897223,-0.21884683823785064,-0.20879942136857804,3.2271094574302454e-16,0.0038218495999859836,14.0,500000.0,0.019466472303206996,9.0,1.0,1.0,0.0,0.1,30.0,1.058,0.04,0.034,1.0,1.0,True,FlowControlLab_NACA0018_quasi_steady_pressure,0.85
0.25932660326889856,0.22734437731436383,0.2606445849659313,0.19152118611392158,0.24722769683735676,0.1895640050889689,0.21884683823785184,0.20879942136857782,-0.25932660326889784,-0.22734437731436563,-0.2606445849659272,-0.1915211861139278,-0.2472276968373516,-0.18956400508897223,-0.21884683823785064,-0.20879942136857804,3.2271094574302454e-16,0.0038218495999859836,14.5,500000.0,0.01944606413994169,9.0,1.0,1.0,0.0,0.1,30.0,1.061,0.045,0.033,1.0,1.0,True,FlowControlLab_NACA0018_quasi_steady_pressure,0.85
0.25932660326889856,0.22734437731436383,0.2606445849659313,0.19152118611392158,0.24722769683735676,0.1895640050889689,0.21884683823785184,0.20879942136857782,-0.25932660326889784,-0.22734437731436563,-0.2606445849659272,-0.1915211861139278,-0.2472276968373516,-0.18956400508897223,-0.21884683823785064,-0.20879942136857804,3.2271094574302454e-16,0.0038218495999859836,15.0,500000.0,0.019448979591836734,9.0,1.0,1.0,0.0,0.1,30.0,1.063,0.051,0.031,1.0,1.0,True,FlowControlLab_NACA0018_quasi_steady_pressure,0.85
0.25932660326889856,0.22734437731436383,0.2606445849659313,0.19152118611392158,0.24722769683735676,0.1895640050889689,0.21884683823785184,0.20879942136857782,-0.25932660326889784,-0.22734437731436563,-0.2606445849659272,-0.1915211861139278,-0.2472276968373516,-0.18956400508897223,-0.21884683823785064,-0.20879942136857804,3.2271094574302454e-16,0.0038218495999859836,15.5,500000.0,0.019463556851311955,9.0,1.0,1.0,0.0,0.1,30.0,1.072,0.059,0.028,1.0,1.0,True,FlowControlLab_NACA0018_quasi_steady_pressure,0.85
0.25932660326889856,0.22734437731436383,0.2606445849659313,0.19152118611392158,0.24722769683735676,0.1895640050889689,0.21884683823785184,0.20879942136857782,-0.25932660326889784,-0.22734437731436563,-0.2606445849659272,-0.1915211861139278,-0.2472276968373516,-0.18956400508897223,-0.21884683823785064,-0.20879942136857804,3.2271094574302454e-16,0.0038218495999859836,16.0,500000.0,0.019478134110787172,9.0,1.0,1.0,0.0,0.1,30.0,1.05,0.078,0.02,1.0,1.0,True,FlowControlLab_NACA0018_quasi_steady_pressure,0.85
0.25932660326889856,0.22734437731436383,0.2606445849659313,0.19152118611392158,0.24722769683735676,0.1895640050889689,0.21884683823785184,0.20879942136857782,-0.25932660326889784,-0.22734437731436563,-0.2606445849659272,-0.1915211861139278,-0.2472276968373516,-0.18956400508897223,-0.21884683823785064,-0.20879942136857804,3.2271094574302454e-16,0.0038218495999859836,16.5,500000.0,0.019475218658892127,9.0,1.0,1.0,0.0,0.1,30.0,0.887,0.141,-0.008,1.0,1.0,True,FlowControlLab_NACA0018_quasi_steady_pressure,0.85
0.25932660326889856,0.22734437731436383,0.2606445849659313,0.19152118611392158,0.24722769683735676,0.1895640050889689,0.21884683823785184,0.20879942136857782,-0.25932660326889784,-0.22734437731436563,-0.2606445849659272,-0.1915211861139278,-0.2472276968373516,-0.18956400508897223,-0.21884683823785064,-0.20879942136857804,3.2271094574302454e-16,0.0038218495999859836,17.0,500000.0,0.019466472303206996,9.0,1.0,1.0,0.0,0.1,30.0,0.665,0.221,-0.042,1.0,1.0,True,FlowControlLab_NACA0018_quasi_steady_pressure,0.85
0.25932660326889856,0.22734437731436383,0.2606445849659313,0.19152118611392158,0.24722769683735676,0.1895640050889689,0.21884683823785184,0.20879942136857782,-0.25932660326889784,-0.22734437731436563,-0.2606445849659272,-0.1915211861139278,-0.2472276968373516,-0.18956400508897223,-0.21884683823785064,-0.20879942136857804,3.2271094574302454e-16,0.0038218495999859836,17.5,500000.0,0.019481049562682217,9.0,1.0,1.0,0.0,0.1,30.0,0.575,0.264,-0.059,1.0,1.0,True,FlowControlLab_NACA0018_quasi_steady_pressure,0.85
0.25932660326889856,0.22734437731436383,0.2606445849659313,0.19152118611392158,0.24722769683735676,0.1895640050889689,0.21884683823785184,0.20879942136857782,-0.25932660326889784,-0.22734437731436563,-0.2606445849659272,-0.1915211861139278,-0.2472276968373516,-0.18956400508897223,-0.21884683823785064,-0.20879942136857804,3.2271094574302454e-16,0.0038218495999859836,18.0,500000.0,0.01949271137026239,9.0,1.0,1.0,0.0,0.1,30.0,0.581,0.281,-0.064,1.0,1.0,True,FlowControlLab_NACA0018_quasi_steady_pressure,0.85
0.25932660326889856,0.22734437731436383,0.2606445849659313,0.19152118611392158,0.24722769683735676,0.1895640050889689,0.21884683823785184,0.20879942136857782,-0.25932660326889784,-0.22734437731436563,-0.2606445849659272,-0.1915211861139278,-0.2472276968373516,-0.18956400508897223,-0.21884683823785064,-0.20879942136857804,3.2271094574302454e-16,0.0038218495999859836,18.5,500000.0,0.019486880466472303,9.0,1.0,1.0,0.0,0.1,30.0,0.596,0.294,-0.067,1.0,1.0,True,FlowControlLab_NACA0018_quasi_steady_pressure,0.85
0.25932660326889856,0.22734437731436383,0.2606445849659313,0.19152118611392158,0.24722769683735676,0.1895640050889689,0.21884683823785184,0.20879942136857782,-0.25932660326889784,-0.22734437731436563,-0.2606445849659272,-0.1915211861139278,-0.2472276968373516,-0.18956400508897223,-0.21884683823785064,-0.20879942136857804,3.2271094574302454e-16,0.0038218495999859836,19.0,500000.0,0.019475218658892127,9.0,1.0,1.0,0.0,0.1,30.0,0.623,0.31,-0.073,1.0,1.0,True,FlowControlLab_NACA0018_quasi_steady_pressure,0.85
0.25932660326889856,0.22734437731436383,0.2606445849659313,0.19152118611392158,0.24722769683735676,0.1895640050889689,0.21884683823785184,0.20879942136857782,-0.25932660326889784,-0.22734437731436563,-0.2606445849659272,-0.1915211861139278,-0.2472276968373516,-0.18956400508897223,-0.21884683823785064,-0.20879942136857804,3.2271094574302454e-16,0.0038218495999859836,19.5,500000.0,0.01948396501457726,9.0,1.0,1.0,0.0,0.1,30.0,0.645,0.324,-0.077,1.0,1.0,True,FlowControlLab_NACA0018_quasi_steady_pressure,0.85
0.25932660326889856,0.22734437731436383,0.2606445849659313,0.19152118611392158,0.24722769683735676,0.1895640050889689,0.21884683823785184,0.20879942136857782,-0.25932660326889784,-0.22734437731436563,-0.2606445849659272,-0.1915211861139278,-0.2472276968373516,-0.18956400508897223,-0.21884683823785064,-0.20879942136857804,3.2271094574302454e-16,0.0038218495999859836,20.0,500000.0,0.019489795918367345,9.0,1.0,1.0,0.0,0.1,30.0,0.662,0.337,-0.079,1.0,1.0,True,FlowControlLab_NACA0018_quasi_steady_pressure,0.85
0.25932660326889856,0.22734437731436383,0.2606445849659313,0.19152118611392158,0.24722769683735676,0.1895640050889689,0.21884683823785184,0.20879942136857782,-0.25932660326889784,-0.22734437731436563,-0.2606445849659272,-0.1915211861139278,-0.2472276968373516,-0.18956400508897223,-0.21884683823785064,-0.20879942136857804,3.2271094574302454e-16,0.0038218495999859836,20.5,500000.0,0.019489795918367345,9.0,1.0,1.0,0.0,0.1,30.0,0.694,0.355,-0.086,1.0,1.0,True,FlowControlLab_NACA0018_quasi_steady_pressure,0.85
0.25932660326889856,0.22734437731436383,0.2606445849659313,0.19152118611392158,0.24722769683735676,0.1895640050889689,0.21884683823785184,0.20879942136857782,-0.25932660326889784,-0.22734437731436563,-0.2606445849659272,-0.1915211861139278,-0.2472276968373516,-0.18956400508897223,-0.21884683823785064,-0.20879942136857804,3.2271094574302454e-16,0.0038218495999859836,21.0,500000.0,0.019486880466472303,9.0,1.0,1.0,0.0,0.1,30.0,0.701,0.365,-0.087,1.0,1.0,True,FlowControlLab_NACA0018_quasi_steady_pressure,0.85
0.25932660326889856,0.22734437731436383,0.2606445849659313,0.19152118611392158,0.24722769683735676,0.1895640050889689,0.21884683823785184,0.20879942136857782,-0.25932660326889784,-0.22734437731436563,-0.2606445849659272,-0.1915211861139278,-0.2472276968373516,-0.18956400508897223,-0.21884683823785064,-0.20879942136857804,3.2271094574302454e-16,0.0038218495999859836,21.5,500000.0,0.01948396501457726,9.0,1.0,1.0,0.0,0.1,30.0,0.706,0.374,-0.087,1.0,1.0,True,FlowControlLab_NACA0018_quasi_steady_pressure,0.85
0.25932660326889856,0.22734437731436383,0.2606445849659313,0.19152118611392158,0.24722769683735676,0.1895640050889689,0.21884683823785184,0.20879942136857782,-0.25932660326889784,-0.22734437731436563,-0.2606445849659272,-0.1915211861139278,-0.2472276968373516,-0.18956400508897223,-0.21884683823785064,-0.20879942136857804,3.2271094574302454e-16,0.0038218495999859836,22.0,500000.0,0.019495626822157434,9.0,1.0,1.0,0.0,0.1,30.0,0.725,0.39,-0.091,1.0,1.0,True,FlowControlLab_NACA0018_quasi_steady_pressure,0.85
0.25932660326889856,0.22734437731436383,0.2606445849659313,0.19152118611392158,0.24722769683735676,0.1895640050889689,0.21884683823785184,0.20879942136857782,-0.25932660326889784,-0.22734437731436563,-0.2606445849659272,-0.1915211861139278,-0.2472276968373516,-0.18956400508897223,-0.21884683823785064,-0.20879942136857804,3.2271094574302454e-16,0.0038218495999859836,22.5,500000.0,0.01950145772594752,9.0,1.0,1.0,0.0,0.1,30.0,0.741,0.404,-0.094,1.0,1.0,True,FlowControlLab_NACA0018_quasi_steady_pressure,0.85
0.25932660326889856,0.22734437731436383,0.2606445849659313,0.19152118611392158,0.24722769683735676,0.1895640050889689,0.21884683823785184,0.20879942136857782,-0.25932660326889784,-0.22734437731436563,-0.2606445849659272,-0.1915211861139278,-0.2472276968373516,-0.18956400508897223,-0.21884683823785064,-0.20879942136857804,3.2271094574302454e-16,0.0038218495999859836,23.0,500000.0,0.019513119533527697,9.0,1.0,1.0,0.0,0.1,30.0,0.763,0.421,-0.098,1.0,1.0,True,FlowControlLab_NACA0018_quasi_steady_pressure,0.85
0.25932660326889856,0.22734437731436383,0.2606445849659313,0.19152118611392158,0.24722769683735676,0.1895640050889689,0.21884683823785184,0.20879942136857782,-0.25932660326889784,-0.22734437731436563,-0.2606445849659272,-0.1915211861139278,-0.2472276968373516,-0.18956400508897223,-0.21884683823785064,-0.20879942136857804,3.2271094574302454e-16,0.0038218495999859836,23.5,500000.0,0.01950728862973761,9.0,1.0,1.0,0.0,0.1,30.0,0.778,0.435,-0.101,1.0,1.0,True,FlowControlLab_NACA0018_quasi_steady_pressure,0.85
0.25932660326889856,0.22734437731436383,0.2606445849659313,0.19152118611392158,0.24722769683735676,0.1895640050889689,0.21884683823785184,0.20879942136857782,-0.25932660326889784,-0.22734437731436563,-0.2606445849659272,-0.1915211861139278,-0.2472276968373516,-0.18956400508897223,-0.21884683823785064,-0.20879942136857804,3.2271094574302454e-16,0.0038218495999859836,24.0,500000.0,0.019481049562682217,9.0,1.0,1.0,0.0,0.1,30.0,0.795,0.45,-0.105,1.0,1.0,True,FlowControlLab_NACA0018_quasi_steady_pressure,0.85
0.25932660326889856,0.22734437731436383,0.2606445849659313,0.19152118611392158,0.24722769683735676,0.1895640050889689,0.21884683823785184,0.20879942136857782,-0.25932660326889784,-0.22734437731436563,-0.2606445849659272,-0.1915211861139278,-0.2472276968373516,-0.18956400508897223,-0.21884683823785064,-0.20879942136857804,3.2271094574302454e-16,0.0038218495999859836,24.5,500000.0,0.019486880466472303,9.0,1.0,1.0,0.0,0.1,30.0,0.813,0.467,-0.109,1.0,1.0,True,FlowControlLab_NACA0018_quasi_steady_pressure,0.85
0.25932660326889856,0.22734437731436383,0.2606445849659313,0.19152118611392158,0.24722769683735676,0.1895640050889689,0.21884683823785184,0.20879942136857782,-0.25932660326889784,-0.22734437731436563,-0.2606445849659272,-0.1915211861139278,-0.2472276968373516,-0.18956400508897223,-0.21884683823785064,-0.20879942136857804,3.2271094574302454e-16,0.0038218495999859836,25.0,500000.0,0.01949271137026239,9.0,1.0,1.0,0.0,0.1,30.0,0.843,0.489,-0.115,1.0,1.0,True,FlowControlLab_NACA0018_quasi_steady_pressure,0.85
0.25932660326889856,0.22734437731436383,0.2606445849659313,0.19152118611392158,0.24722769683735676,0.1895640050889689,0.21884683823785184,0.20879942136857782,-0.25932660326889784,-0.22734437731436563,-0.2606445849659272,-0.1915211861139278,-0.2472276968373516,-0.18956400508897223,-0.21884683823785064,-0.20879942136857804,3.2271094574302454e-16,0.0038218495999859836,25.5,500000.0,0.01949271137026239,9.0,1.0,1.0,0.0,0.1,30.0,0.877,0.512,-0.123,1.0,1.0,True,FlowControlLab_NACA0018_quasi_steady_pressure,0.85
0.25932660326889856,0.22734437731436383,0.2606445849659313,0.19152118611392158,0.24722769683735676,0.1895640050889689,0.21884683823785184,0.20879942136857782,-0.25932660326889784,-0.22734437731436563,-0.2606445849659272,-0.1915211861139278,-0.2472276968373516,-0.18956400508897223,-0.21884683823785064,-0.20879942136857804,3.2271094574302454e-16,0.0038218495999859836,26.0,500000.0,0.019495626822157434,9.0,1.0,1.0,0.0,0.1,30.0,0.892,0.528,-0.126,1.0,1.0,True,FlowControlLab_NACA0018_quasi_steady_pressure,0.85
0.25932660326889856,0.22734437731436383,0.2606445849659313,0.19152118611392158,0.24722769683735676,0.1895640050889689,0.21884683823785184,0.20879942136857782,-0.25932660326889784,-0.22734437731436563,-0.2606445849659272,-0.1915211861139278,-0.2472276968373516,-0.18956400508897223,-0.21884683823785064,-0.20879942136857804,3.2271094574302454e-16,0.0038218495999859836,26.5,500000.0,0.019504373177842566,9.0,1.0,1.0,0.0,0.1,30.0,0.923,0.553,-0.134,1.0,1.0,True,FlowControlLab_NACA0018_quasi_steady_pressure,0.85
0.25932660326889856,0.22734437731436383,0.2606445849659313,0.19152118611392158,0.24722769683735676,0.1895640050889689,0.21884683823785184,0.20879942136857782,-0.25932660326889784,-0.22734437731436563,-0.2606445849659272,-0.1915211861139278,-0.2472276968373516,-0.18956400508897223,-0.21884683823785064,-0.20879942136857804,3.2271094574302454e-16,0.0038218495999859836,27.0,500000.0,0.01950728862973761,9.0,1.0,1.0,0.0,0.1,30.0,0.958,0.579,-0.142,1.0,1.0,True,FlowControlLab_NACA0018_quasi_steady_pressure,0.85
0.25932660326889856,0.22734437731436383,0.2606445849659313,0.19152118611392158,0.24722769683735676,0.1895640050889689,0.21884683823785184,0.20879942136857782,-0.25932660326889784,-0.22734437731436563,-0.2606445849659272,-0.1915211861139278,-0.2472276968373516,-0.18956400508897223,-0.21884683823785064,-0.20879942136857804,3.2271094574302454e-16,0.0038218495999859836,27.5,500000.0,0.01950145772594752,9.0,1.0,1.0,0.0,0.1,30.0,0.975,0.599,-0.147,1.0,1.0,True,FlowControlLab_NACA0018_quasi_steady_pressure,0.85
0.25932660326889856,0.22734437731436383,0.2606445849659313,0.19152118611392158,0.24722769683735676,0.1895640050889689,0.21884683823785184,0.20879942136857782,-0.25932660326889784,-0.22734437731436563,-0.2606445849659272,-0.1915211861139278,-0.2472276968373516,-0.18956400508897223,-0.21884683823785064,-0.20879942136857804,3.2271094574302454e-16,0.0038218495999859836,28.0,500000.0,0.019504373177842566,9.0,1.0,1.0,0.0,0.1,30.0,1.002,0.623,-0.154,1.0,1.0,True,FlowControlLab_NACA0018_quasi_steady_pressure,0.85
0.25932660326889856,0.22734437731436383,0.2606445849659313,0.19152118611392158,0.24722769683735676,0.1895640050889689,0.21884683823785184,0.20879942136857782,-0.25932660326889784,-0.22734437731436563,-0.2606445849659272,-0.1915211861139278,-0.2472276968373516,-0.18956400508897223,-0.21884683823785064,-0.20879942136857804,3.2271094574302454e-16,0.0038218495999859836,28.5,500000.0,0.01950728862973761,9.0,1.0,1.0,0.0,0.1,30.0,1.025,0.647,-0.16,1.0,1.0,True,FlowControlLab_NACA0018_quasi_steady_pressure,0.85
0.25932660326889856,0.22734437731436383,0.2606445849659313,0.19152118611392158,0.24722769683735676,0.1895640050889689,0.21884683823785184,0.20879942136857782,-0.25932660326889784,-0.22734437731436563,-0.2606445849659272,-0.1915211861139278,-0.2472276968373516,-0.18956400508897223,-0.21884683823785064,-0.20879942136857804,3.2271094574302454e-16,0.0038218495999859836,29.0,500000.0,0.019495626822157434,9.0,1.0,1.0,0.0,0.1,30.0,1.05,0.671,-0.167,1.0,1.0,True,FlowControlLab_NACA0018_quasi_steady_pressure,0.85
0.25932660326889856,0.22734437731436383,0.2606445849659313,0.19152118611392158,0.24722769683735676,0.1895640050889689,0.21884683823785184,0.20879942136857782,-0.25932660326889784,-0.22734437731436563,-0.2606445849659272,-0.1915211861139278,-0.2472276968373516,-0.18956400508897223,-0.21884683823785064,-0.20879942136857804,3.2271094574302454e-16,0.0038218495999859836,29.5,500000.0,0.019475218658892127,9.0,1.0,1.0,0.0,0.1,30.0,1.082,0.7,-0.176,1.0,1.0,True,FlowControlLab_NACA0018_quasi_steady_pressure,0.85
0.25932660326889856,0.22734437731436383,0.2606445849659313,0.19152118611392158,0.24722769683735676,0.1895640050889689,0.21884683823785184,0.20879942136857782,-0.25932660326889784,-0.22734437731436563,-0.2606445849659272,-0.1915211861139278,-0.2472276968373516,-0.18956400508897223,-0.21884683823785064,-0.20879942136857804,3.2271094574302454e-16,0.0038218495999859836,30.0,500000.0,0.019489795918367345,9.0,1.0,1.0,0.0,0.1,30.0,1.105,0.725,-0.182,1.0,1.0,True,FlowControlLab_NACA0018_quasi_steady_pressure,0.85
0.25932660326889856,0.22734437731436383,0.2606445849659313,0.19152118611392158,0.24722769683735676,0.1895640050889689,0.21884683823785184,0.20879942136857782,-0.25932660326889784,-0.22734437731436563,-0.2606445849659272,-0.1915211861139278,-0.2472276968373516,-0.18956400508897223,-0.21884683823785064,-0.20879942136857804,3.2271094574302454e-16,0.0038218495999859836,30.5,500000.0,0.019510204081632655,9.0,1.0,1.0,0.0,0.1,30.0,1.131,0.752,-0.19,1.0,1.0,True,FlowControlLab_NACA0018_quasi_steady_pressure,0.85
0.25932660326889856,0.22734437731436383,0.2606445849659313,0.19152118611392158,0.24722769683735676,0.1895640050889689,0.21884683823785184,0.20879942136857782,-0.25932660326889784,-0.22734437731436563,-0.2606445849659272,-0.1915211861139278,-0.2472276968373516,-0.18956400508897223,-0.21884683823785064,-0.20879942136857804,3.2271094574302454e-16,0.0038218495999859836,31.0,500000.0,0.01950145772594752,9.0,1.0,1.0,0.0,0.1,30.0,1.156,0.779,-0.198,1.0,1.0,True,FlowControlLab_NACA0018_quasi_steady_pressure,0.85
0.25932660326889856,0.22734437731436383,0.2606445849659313,0.19152118611392158,0.24722769683735676,0.1895640050889689,0.21884683823785184,0.20879942136857782,-0.25932660326889784,-0.22734437731436563,-0.2606445849659272,-0.1915211861139278,-0.2472276968373516,-0.18956400508897223,-0.21884683823785064,-0.20879942136857804,3.2271094574302454e-16,0.0038218495999859836,31.5,500000.0,0.019481049562682217,9.0,1.0,1.0,0.0,0.1,30.0,1.176,0.805,-0.204,1.0,1.0,True,FlowControlLab_NACA0018_quasi_steady_pressure,0.85
0.25932660326889856,0.22734437731436383,0.2606445849659313,0.19152118611392158,0.24722769683735676,0.1895640050889689,0.21884683823785184,0.20879942136857782,-0.25932660326889784,-0.22734437731436563,-0.2606445849659272,-0.1915211861139278,-0.2472276968373516,-0.18956400508897223,-0.21884683823785064,-0.20879942136857804,3.2271094574302454e-16,0.0038218495999859836,32.0,500000.0,0.01949271137026239,9.0,1.0,1.0,0.0,0.1,30.0,1.211,0.84,-0.216,1.0,1.0,True,FlowControlLab_NACA0018_quasi_steady_pressure,0.85
0.25932660326889856,0.22734437731436383,0.2606445849659313,0.19152118611392158,0.24722769683735676,0.1895640050889689,0.21884683823785184,0.20879942136857782,-0.25932660326889784,-0.22734437731436563,-0.2606445849659272,-0.1915211861139278,-0.2472276968373516,-0.18956400508897223,-0.21884683823785064,-0.20879942136857804,3.2271094574302454e-16,0.0038218495999859836,-2.0,300000.0,0.038950437317784255,9.0,1.0,1.0,0.0,0.1,30.0,-0.202,0.021,-0.002,1.0,1.0,True,FlowControlLab_NACA0018_quasi_steady_pressure,0.85
0.25932660326889856,0.22734437731436383,0.2606445849659313,0.19152118611392158,0.24722769683735676,0.1895640050889689,0.21884683823785184,0.20879942136857782,-0.25932660326889784,-0.22734437731436563,-0.2606445849659272,-0.1915211861139278,-0.2472276968373516,-0.18956400508897223,-0.21884683823785064,-0.20879942136857804,3.2271094574302454e-16,0.0038218495999859836,-1.5,300000.0,0.03901166180758017,9.0,1.0,1.0,0.0,0.1,30.0,-0.148,0.02,-0.003,1.0,1.0,True,FlowControlLab_NACA0018_quasi_steady_pressure,0.85
0.25932660326889856,0.22734437731436383,0.2606445849659313,0.19152118611392158,0.24722769683735676,0.1895640050889689,0.21884683823785184,0.20879942136857782,-0.25932660326889784,-0.22734437731436563,-0.2606445849659272,-0.1915211861139278,-0.2472276968373516,-0.18956400508897223,-0.21884683823785064,-0.20879942136857804,3.2271094574302454e-16,0.0038218495999859836,-1.0,300000.0,0.039055393586005835,9.0,1.0,1.0,0.0,0.1,30.0,-0.092,0.02,-0.003,1.0,1.0,True,FlowControlLab_NACA0018_quasi_steady_pressure,0.85
0.25932660326889856,0.22734437731436383,0.2606445849659313,0.19152118611392158,0.24722769683735676,0.1895640050889689,0.21884683823785184,0.20879942136857782,-0.25932660326889784,-0.22734437731436563,-0.2606445849659272,-0.1915211861139278,-0.2472276968373516,-0.18956400508897223,-0.21884683823785064,-0.20879942136857804,3.2271094574302454e-16,0.0038218495999859836,-0.5,300000.0,0.03898833819241982,9.0,1.0,1.0,0.0,0.1,30.0,-0.04,0.019,-0.003,1.0,1.0,True,FlowControlLab_NACA0018_quasi_steady_pressure,0.85
0.25932660326889856,0.22734437731436383,0.2606445849659313,0.19152118611392158,0.24722769683735676,0.1895640050889689,0.21884683823785184,0.20879942136857782,-0.25932660326889784,-0.22734437731436563,-0.2606445849659272,-0.1915211861139278,-0.2472276968373516,-0.18956400508897223,-0.21884683823785064,-0.20879942136857804,3.2271094574302454e-16,0.0038218495999859836,0.0,300000.0,0.038941690962099124,9.0,1.0,1.0,0.0,0.1,30.0,0.01,0.02,-0.002,1.0,1.0,True,FlowControlLab_NACA0018_quasi_steady_pressure,0.85
0.25932660326889856,0.22734437731436383,0.2606445849659313,0.19152118611392158,0.24722769683735676,0.1895640050889689,0.21884683823785184,0.20879942136857782,-0.25932660326889784,-0.22734437731436563,-0.2606445849659272,-0.1915211861139278,-0.2472276968373516,-0.18956400508897223,-0.21884683823785064,-0.20879942136857804,3.2271094574302454e-16,0.0038218495999859836,0.5,300000.0,0.03897376093294461,9.0,1.0,1.0,0.0,0.1,30.0,0.059,0.02,-0.001,1.0,1.0,True,FlowControlLab_NACA0018_quasi_steady_pressure,0.85
0.25932660326889856,0.22734437731436383,0.2606445849659313,0.19152118611392158,0.24722769683735676,0.1895640050889689,0.21884683823785184,0.20879942136857782,-0.25932660326889784,-0.22734437731436563,-0.2606445849659272,-0.1915211861139278,-0.2472276968373516,-0.18956400508897223,-0.21884683823785064,-0.20879942136857804,3.2271094574302454e-16,0.0038218495999859836,1.0,300000.0,0.038970845481049565,9.0,1.0,1.0,0.0,0.1,30.0,0.108,0.02,-0.0,1.0,1.0,True,FlowControlLab_NACA0018_quasi_steady_pressure,0.85
0.25932660326889856,0.22734437731436383,0.2606445849659313,0.19152118611392158,0.24722769683735676,0.1895640050889689,0.21884683823785184,0.20879942136857782,-0.25932660326889784,-0.22734437731436563,-0.2606445849659272,-0.1915211861139278,-0.2472276968373516,-0.18956400508897223,-0.21884683823785064,-0.20879942136857804,3.2271094574302454e-16,0.0038218495999859836,1.5,300000.0,0.03891545189504374,9.0,1.0,1.0,0.0,0.1,30.0,0.157,0.02,0.001,1.0,1.0,True,FlowControlLab_NACA0018_quasi_steady_pressure,0.85
0.25932660326889856,0.22734437731436383,0.2606445849659313,0.19152118611392158,0.24722769683735676,0.1895640050889689,0.21884683823785184,0.20879942136857782,-0.25932660326889784,-0.22734437731436563,-0.2606445849659272,-0.1915211861139278,-0.2472276968373516,-0.18956400508897223,-0.21884683823785064,-0.20879942136857804,3.2271094574302454e-16,0.0038218495999859836,2.0,300000.0,0.03888338192419825,9.0,1.0,1.0,0.0,0.1,30.0,0.205,0.021,0.002,1.0,1.0,True,FlowControlLab_NACA0018_quasi_steady_pressure,0.85
0.25932660326889856,0.22734437731436383,0.2606445849659313,0.19152118611392158,0.24722769683735676,0.1895640050889689,0.21884683823785184,0.20879942136857782,-0.25932660326889784,-0.22734437731436563,-0.2606445849659272,-0.1915211861139278,-0.2472276968373516,-0.18956400508897223,-0.21884683823785064,-0.20879942136857804,3.2271094574302454e-16,0.0038218495999859836,2.5,300000.0,0.03894752186588921,9.0,1.0,1.0,0.0,0.1,30.0,0.251,0.021,0.004,1.0,1.0,True,FlowControlLab_NACA0018_quasi_steady_pressure,0.85
0.25932660326889856,0.22734437731436383,0.2606445849659313,0.19152118611392158,0.24722769683735676,0.1895640050889689,0.21884683823785184,0.20879942136857782,-0.25932660326889784,-0.22734437731436563,-0.2606445849659272,-0.1915211861139278,-0.2472276968373516,-0.18956400508897223,-0.21884683823785064,-0.20879942136857804,3.2271094574302454e-16,0.0038218495999859836,3.0,300000.0,0.038959183673469386,9.0,1.0,1.0,0.0,0.1,30.0,0.297,0.022,0.006,1.0,1.0,True,FlowControlLab_NACA0018_quasi_steady_pressure,0.85
0.25932660326889856,0.22734437731436383,0.2606445849659313,0.19152118611392158,0.24722769683735676,0.1895640050889689,0.21884683823785184,0.20879942136857782,-0.25932660326889784,-0.22734437731436563,-0.2606445849659272,-0.1915211861139278,-0.2472276968373516,-0.18956400508897223,-0.21884683823785064,-0.20879942136857804,3.2271094574302454e-16,0.0038218495999859836,3.5,300000.0,0.03893586005830904,9.0,1.0,1.0,0.0,0.1,30.0,0.346,0.022,0.007,1.0,1.0,True,FlowControlLab_NACA0018_quasi_steady_pressure,0.85
0.25932660326889856,0.22734437731436383,0.2606445849659313,0.19152118611392158,0.24722769683735676,0.1895640050889689,0.21884683823785184,0.20879942136857782,-0.25932660326889784,-0.22734437731436563,-0.2606445849659272,-0.1915211861139278,-0.2472276968373516,-0.18956400508897223,-0.21884683823785064,-0.20879942136857804,3.2271094574302454e-16,0.0038218495999859836,4.0,300000.0,0.03893002915451895,9.0,1.0,1.0,0.0,0.1,30.0,0.393,0.023,0.009,1.0,1.0,True,FlowControlLab_NACA0018_quasi_steady_pressure,0.85
0.25932660326889856,0.22734437731436383,0.2606445849659313,0.19152118611392158,0.24722769683735676,0.1895640050889689,0.21884683823785184,0.20879942136857782,-0.25932660326889784,-0.22734437731436563,-0.2606445849659272,-0.1915211861139278,-0.2472276968373516,-0.18956400508897223,-0.21884683823785064,-0.20879942136857804,3.2271094574302454e-16,0.0038218495999859836,4.5,300000.0,0.03893586005830904,9.0,1.0,1.0,0.0,0.1,30.0,0.444,0.024,0.01,1.0,1.0,True,FlowControlLab_NACA0018_quasi_steady_pressure,0.85
0.25932660326889856,0.22734437731436383,0.2606445849659313,0.19152118611392158,0.24722769683735676,0.1895640050889689,0.21884683823785184,0.20879942136857782,-0.25932660326889784,-0.22734437731436563,-0.2606445849659272,-0.1915211861139278,-0.2472276968373516,-0.18956400508897223,-0.21884683823785064,-0.20879942136857804,3.2271094574302454e-16,0.0038218495999859836,5.0,300000.0,0.038962099125364434,9.0,1.0,1.0,0.0,0.1,30.0,0.504,0.025,0.007,1.0,1.0,True,FlowControlLab_NACA0018_quasi_steady_pressure,0.85
0.25932660326889856,0.22734437731436383,0.2606445849659313,0.19152118611392158,0.24722769683735676,0.1895640050889689,0.21884683823785184,0.20879942136857782,-0.25932660326889784,-0.22734437731436563,-0.2606445849659272,-0.1915211861139278,-0.2472276968373516,-0.18956400508897223,-0.21884683823785064,-0.20879942136857804,3.2271094574302454e-16,0.0038218495999859836,5.5,300000.0,0.03893877551020408,9.0,1.0,1.0,0.0,0.1,30.0,0.573,0.026,0.003,1.0,1.0,True,FlowControlLab_NACA0018_quasi_steady_pressure,0.85
0.25932660326889856,0.22734437731436383,0.2606445849659313,0.19152118611392158,0.24722769683735676,0.1895640050889689,0.21884683823785184,0.20879942136857782,-0.25932660326889784,-0.22734437731436563,-0.2606445849659272,-0.1915211861139278,-0.2472276968373516,-0.18956400508897223,-0.21884683823785064,-0.20879942136857804,3.2271094574302454e-16,0.0038218495999859836,6.0,300000.0,0.03889795918367347,9.0,1.0,1.0,0.0,0.1,30.0,0.649,0.028,-0.002,1.0,1.0,True,FlowControlLab_NACA0018_quasi_steady_pressure,0.85
0.25932660326889856,0.22734437731436383,0.2606445849659313,0.19152118611392158,0.24722769683735676,0.1895640050889689,0.21884683823785184,0.20879942136857782,-0.25932660326889784,-0.22734437731436563,-0.2606445849659272,-0.1915211861139278,-0.2472276968373516,-0.18956400508897223,-0.21884683823785064,-0.20879942136857804,3.2271094574302454e-16,0.0038218495999859836,6.5,300000.0,0.03890379008746356,9.0,1.0,1.0,0.0,0.1,30.0,0.723,0.029,-0.006,1.0,1.0,True,FlowControlLab_NACA0018_quasi_steady_pressure,0.85
0.25932660326889856,0.22734437731436383,0.2606445849659313,0.19152118611392158,0.24722769683735676,0.1895640050889689,0.21884683823785184,0.20879942136857782,-0.25932660326889784,-0.22734437731436563,-0.2606445849659272,-0.1915211861139278,-0.2472276968373516,-0.18956400508897223,-0.21884683823785064,-0.20879942136857804,3.2271094574302454e-16,0.0038218495999859836,7.0,300000.0,0.03891253644314869,9.0,1.0,1.0,0.0,0.1,30.0,0.787,0.03,-0.01,1.0,1.0,True,FlowControlLab_NACA0018_quasi_steady_pressure,0.85
0.25932660326889856,0.22734437731436383,0.2606445849659313,0.19152118611392158,0.24722769683735676,0.1895640050889689,0.21884683823785184,0.20879942136857782,-0.25932660326889784,-0.22734437731436563,-0.2606445849659272,-0.1915211861139278,-0.2472276968373516,-0.18956400508897223,-0.21884683823785064,-0.20879942136857804,3.2271094574302454e-16,0.0038218495999859836,7.5,300000.0,0.03893002915451895,9.0,1.0,1.0,0.0,0.1,30.0,0.837,0.031,-0.01,1.0,1.0,True,FlowControlLab_NACA0018_quasi_steady_pressure,0.85
0.25932660326889856,0.22734437731436383,0.2606445849659313,0.19152118611392158,0.24722769683735676,0.1895640050889689,0.21884683823785184,0.20879942136857782,-0.25932660326889784,-0.22734437731436563,-0.2606445849659272,-0.1915211861139278,-0.2472276968373516,-0.18956400508897223,-0.21884683823785064,-0.20879942136857804,3.2271094574302454e-16,0.0038218495999859836,8.0,300000.0,0.03894460641399417,9.0,1.0,1.0,0.0,0.1,30.0,0.873,0.031,-0.007,1.0,1.0,True,FlowControlLab_NACA0018_quasi_steady_pressure,0.85
0.25932660326889856,0.22734437731436383,0.2606445849659313,0.19152118611392158,0.24722769683735676,0.1895640050889689,0.21884683823785184,0.20879942136857782,-0.25932660326889784,-0.22734437731436563,-0.2606445849659272,-0.1915211861139278,-0.2472276968373516,-0.18956400508897223,-0.21884683823785064,-0.20879942136857804,3.2271094574302454e-16,0.0038218495999859836,8.5,300000.0,0.0389533527696793,9.0,1.0,1.0,0.0,0.1,30.0,0.896,0.032,-0.002,1.0,1.0,True,FlowControlLab_NACA0018_quasi_steady_pressure,0.85
0.25932660326889856,0.22734437731436383,0.2606445849659313,0.19152118611392158,0.24722769683735676,0.1895640050889689,0.21884683823785184,0.20879942136857782,-0.25932660326889784,-0.22734437731436563,-0.2606445849659272,-0.1915211861139278,-0.2472276968373516,-0.18956400508897223,-0.21884683823785064,-0.20879942136857804,3.2271094574302454e-16,0.0038218495999859836,9.0,300000.0,0.03898250728862974,9.0,1.0,1.0,0.0,0.1,30.0,0.915,0.032,0.004,1.0,1.0,True,FlowControlLab_NACA0018_quasi_steady_pressure,0.85
0.25932660326889856,0.22734437731436383,0.2606445849659313,0.19152118611392158,0.24722769683735676,0.1895640050889689,0.21884683823785184,0.20879942136857782,-0.25932660326889784,-0.22734437731436563,-0.2606445849659272,-0.1915211861139278,-0.2472276968373516,-0.18956400508897223,-0.21884683823785064,-0.20879942136857804,3.2271094574302454e-16,0.0038218495999859836,9.5,300000.0,0.03897376093294461,9.0,1.0,1.0,0.0,0.1,30.0,0.938,0.033,0.009,1.0,1.0,True,FlowControlLab_NACA0018_quasi_steady_pressure,0.85
0.25932660326889856,0.22734437731436383,0.2606445849659313,0.19152118611392158,0.24722769683735676,0.1895640050889689,0.21884683823785184,0.20879942136857782,-0.25932660326889784,-0.22734437731436563,-0.2606445849659272,-0.1915211861139278,-0.2472276968373516,-0.18956400508897223,-0.21884683823785064,-0.20879942136857804,3.2271094574302454e-16,0.0038218495999859836,10.0,300000.0,0.03898250728862974,9.0,1.0,1.0,0.0,0.1,30.0,0.966,0.034,0.013,1.0,1.0,True,FlowControlLab_NACA0018_quasi_steady_pressure,0.85
0.25932660326889856,0.22734437731436383,0.2606445849659313,0.19152118611392158,0.24722769683735676,0.1895640050889689,0.21884683823785184,0.20879942136857782,-0.25932660326889784,-0.22734437731436563,-0.2606445849659272,-0.1915211861139278,-0.2472276968373516,-0.18956400508897223,-0.21884683823785064,-0.20879942136857804,3.2271094574302454e-16,0.0038218495999859836,10.5,300000.0,0.03901457725947522,9.0,1.0,1.0,0.0,0.1,30.0,0.994,0.036,0.016,1.0,1.0,True,FlowControlLab_NACA0018_quasi_steady_pressure,0.85
0.25932660326889856,0.22734437731436383,0.2606445849659313,0.19152118611392158,0.24722769683735676,0.1895640050889689,0.21884683823785184,0.20879942136857782,-0.25932660326889784,-0.22734437731436563,-0.2606445849659272,-0.1915211861139278,-0.2472276968373516,-0.18956400508897223,-0.21884683823785064,-0.20879942136857804,3.2271094574302454e-16,0.0038218495999859836,11.0,300000.0,0.039058309037900876,9.0,1.0,1.0,0.0,0.1,30.0,1.021,0.037,0.019,1.0,1.0,True,FlowControlLab_NACA0018_quasi_steady_pressure,0.85
0.25932660326889856,0.22734437731436383,0.2606445849659313,0.19152118611392158,0.24722769683735676,0.1895640050889689,0.21884683823785184,0.20879942136857782,-0.25932660326889784,-0.22734437731436563,-0.2606445849659272,-0.1915211861139278,-0.2472276968373516,-0.18956400508897223,-0.21884683823785064,-0.20879942136857804,3.2271094574302454e-16,0.0038218495999859836,11.5,300000.0,0.039034985422740524,9.0,1.0,1.0,0.0,0.1,30.0,1.049,0.039,0.021,1.0,1.0,True,FlowControlLab_NACA0018_quasi_steady_pressure,0.85
0.25932660326889856,0.22734437731436383,0.2606445849659313,0.19152118611392158,0.24722769683735676,0.1895640050889689,0.21884683823785184,0.20879942136857782,-0.25932660326889784,-0.22734437731436563,-0.2606445849659272,-0.1915211861139278,-0.2472276968373516,-0.18956400508897223,-0.21884683823785064,-0.20879942136857804,3.2271094574302454e-16,0.0038218495999859836,12.0,300000.0,0.03891836734693878,9.0,1.0,1.0,0.0,0.1,30.0,1.075,0.042,0.024,1.0,1.0,True,FlowControlLab_NACA0018_quasi_steady_pressure,0.85
0.25932660326889856,0.22734437731436383,0.2606445849659313,0.19152118611392158,0.24722769683735676,0.1895640050889689,0.21884683823785184,0.20879942136857782,-0.25932660326889784,-0.22734437731436563,-0.2606445849659272,-0.1915211861139278,-0.2472276968373516,-0.18956400508897223,-0.21884683823785064,-0.20879942136857804,3.2271094574302454e-16,0.0038218495999859836,12.5,300000.0,0.03884548104956268,9.0,1.0,1.0,0.0,0.1,30.0,1.09,0.045,0.028,1.0,1.0,True,FlowControlLab_NACA0018_quasi_steady_pressure,0.85
0.25932660326889856,0.22734437731436383,0.2606445849659313,0.19152118611392158,0.24722769683735676,0.1895640050889689,0.21884683823785184,0.20879942136857782,-0.25932660326889784,-0.22734437731436563,-0.2606445849659272,-0.1915211861139278,-0.2472276968373516,-0.18956400508897223,-0.21884683823785064,-0.20879942136857804,3.2271094574302454e-16,0.0038218495999859836,13.0,300000.0,0.03882798833819242,9.0,1.0,1.0,0.0,0.1,30.0,1.093,0.049,0.032,1.0,1.0,True,FlowControlLab_NACA0018_quasi_steady_pressure,0.85
0.25932660326889856,0.22734437731436383,0.2606445849659313,0.19152118611392158,0.24722769683735676,0.1895640050889689,0.21884683823785184,0.20879942136857782,-0.25932660326889784,-0.22734437731436563,-0.2606445849659272,-0.1915211861139278,-0.2472276968373516,-0.18956400508897223,-0.21884683823785064,-0.20879942136857804,3.2271094574302454e-16,0.0038218495999859836,13.5,300000.0,0.03883090379008747,9.0,1.0,1.0,0.0,0.1,30.0,1.099,0.054,0.033,1.0,1.0,True,FlowControlLab_NACA0018_quasi_steady_pressure,0.85
0.25932660326889856,0.22734437731436383,0.2606445849659313,0.19152118611392158,0.24722769683735676,0.1895640050889689,0.21884683823785184,0.20879942136857782,-0.25932660326889784,-0.22734437731436563,-0.2606445849659272,-0.1915211861139278,-0.2472276968373516,-0.18956400508897223,-0.21884683823785064,-0.20879942136857804,3.2271094574302454e-16,0.0038218495999859836,14.0,300000.0,0.03879591836734694,9.0,1.0,1.0,0.0,0.1,30.0,1.115,0.06,0.033,1.0,1.0,True,FlowControlLab_NACA0018_quasi_steady_pressure,0.85
0.25932660326889856,0.22734437731436383,0.2606445849659313,0.19152118611392158,0.24722769683735676,0.1895640050889689,0.21884683823785184,0.20879942136857782,-0.25932660326889784,-0.22734437731436563,-0.2606445849659272,-0.1915211861139278,-0.2472276968373516,-0.18956400508897223,-0.21884683823785064,-0.20879942136857804,3.2271094574302454e-16,0.0038218495999859836,14.5,300000.0,0.038804664723032074,9.0,1.0,1.0,0.0,0.1,30.0,1.127,0.068,0.031,1.0,1.0,True,FlowControlLab_NACA0018_quasi_steady_pressure,0.85
0.25932660326889856,0.22734437731436383,0.2606445849659313,0.19152118611392158,0.24722769683735676,0.1895640050889689,0.21884683823785184,0.20879942136857782,-0.25932660326889784,-0.22734437731436563,-0.2606445849659272,-0.1915211861139278,-0.2472276968373516,-0.18956400508897223,-0.21884683823785064,-0.20879942136857804,3.2271094574302454e-16,0.0038218495999859836,15.0,300000.0,0.0388600583090379,9.0,1.0,1.0,0.0,0.1,30.0,1.122,0.074,0.029,1.0,1.0,True,FlowControlLab_NACA0018_quasi_steady_pressure,0.85
0.25932660326889856,0.22734437731436383,0.2606445849659313,0.19152118611392158,0.24722769683735676,0.1895640050889689,0.21884683823785184,0.20879942136857782,-0.25932660326889784,-0.22734437731436563,-0.2606445849659272,-0.1915211861139278,-0.2472276968373516,-0.18956400508897223,-0.21884683823785064,-0.20879942136857804,3.2271094574302454e-16,0.0038218495999859836,15.5,300000.0,0.03893877551020408,9.0,1.0,1.0,0.0,0.1,30.0,1.101,0.078,0.027,1.0,1.0,True,FlowControlLab_NACA0018_quasi_steady_pressure,0.85
0.25932660326889856,0.22734437731436383,0.2606445849659313,0.19152118611392158,0.24722769683735676,0.1895640050889689,0.21884683823785184,0.20879942136857782,-0.25932660326889784,-0.22734437731436563,-0.2606445849659272,-0.1915211861139278,-0.2472276968373516,-0.18956400508897223,-0.21884683823785064,-0.20879942136857804,3.2271094574302454e-16,0.0038218495999859836,16.0,300000.0,0.03897376093294461,9.0,1.0,1.0,0.0,0.1,30.0,1.075,0.081,0.026,1.0,1.0,True,FlowControlLab_NACA0018_quasi_steady_pressure,0.85
0.25932660326889856,0.22734437731436383,0.2606445849659313,0.19152118611392158,0.24722769683735676,0.1895640050889689,0.21884683823785184,0.20879942136857782,-0.25932660326889784,-0.22734437731436563,-0.2606445849659272,-0.1915211861139278,-0.2472276968373516,-0.18956400508897223,-0.21884683823785064,-0.20879942136857804,3.2271094574302454e-16,0.0038218495999859836,16.5,300000.0,0.03893877551020408,9.0,1.0,1.0,0.0,0.1,30.0,1.057,0.083,0.024,1.0,1.0,True,FlowControlLab_NACA0018_quasi_steady_pressure,0.85
0.25932660326889856,0.22734437731436383,0.2606445849659313,0.19152118611392158,0.24722769683735676,0.1895640050889689,0.21884683823785184,0.20879942136857782,-0.25932660326889784,-0.22734437731436563,-0.2606445849659272,-0.1915211861139278,-0.2472276968373516,-0.18956400508897223,-0.21884683823785064,-0.20879942136857804,3.2271094574302454e-16,0.0038218495999859836,17.0,300000.0,0.038941690962099124,9.0,1.0,1.0,0.0,0.1,30.0,1.049,0.09,0.021,1.0,1.0,True,FlowControlLab_NACA0018_quasi_steady_pressure,0.85
0.25932660326889856,0.22734437731436383,0.2606445849659313,0.19152118611392158,0.24722769683735676,0.1895640050889689,0.21884683823785184,0.20879942136857782,-0.25932660326889784,-0.22734437731436563,-0.2606445849659272,-0.1915211861139278,-0.2472276968373516,-0.18956400508897223,-0.21884683823785064,-0.20879942136857804,3.2271094574302454e-16,0.0038218495999859836,17.5,300000.0,0.03894752186588921,9.0,1.0,1.0,0.0,0.1,30.0,1.043,0.098,0.018,1.0,1.0,True,FlowControlLab_NACA0018_quasi_steady_pressure,0.85
0.25932660326889856,0.22734437731436383,0.2606445849659313,0.19152118611392158,0.24722769683735676,0.1895640050889689,0.21884683823785184,0.20879942136857782,-0.25932660326889784,-0.22734437731436563,-0.2606445849659272,-0.1915211861139278,-0.2472276968373516,-0.18956400508897223,-0.21884683823785064,-0.20879942136857804,3.2271094574302454e-16,0.0038218495999859836,18.0,300000.0,0.038970845481049565,9.0,1.0,1.0,0.0,0.1,30.0,1.035,0.108,0.013,1.0,1.0,True,FlowControlLab_NACA0018_quasi_steady_pressure,0.85
0.25932660326889856,0.22734437731436383,0.2606445849659313,0.19152118611392158,0.24722769683735676,0.1895640050889689,0.21884683823785184,0.20879942136857782,-0.25932660326889784,-0.22734437731436563,-0.2606445849659272,-0.1915211861139278,-0.2472276968373516,-0.18956400508897223,-0.21884683823785064,-0.20879942136857804,3.2271094574302454e-16,0.0038218495999859836,18.5,300000.0,0.038950437317784255,9.0,1.0,1.0,0.0,0.1,30.0,1.024,0.118,0.009,1.0,1.0,True,FlowControlLab_NACA0018_quasi_steady_pressure,0.85
0.25932660326889856,0.22734437731436383,0.2606445849659313,0.19152118611392158,0.24722769683735676,0.1895640050889689,0.21884683823785184,0.20879942136857782,-0.25932660326889784,-0.22734437731436563,-0.2606445849659272,-0.1915211861139278,-0.2472276968373516,-0.18956400508897223,-0.21884683823785064,-0.20879942136857804,3.2271094574302454e-16,0.0038218495999859836,19.0,300000.0,0.03890379008746356,9.0,1.0,1.0,0.0,0.1,30.0,1.021,0.134,0.002,1.0,1.0,True,FlowControlLab_NACA0018_quasi_steady_pressure,0.85
0.25932660326889856,0.22734437731436383,0.2606445849659313,0.19152118611392158,0.24722769683735676,0.1895640050889689,0.21884683823785184,0.20879942136857782,-0.25932660326889784,-0.22734437731436563,-0.2606445849659272,-0.1915211861139278,-0.2472276968373516,-0.18956400508897223,-0.21884683823785064,-0.20879942136857804,3.2271094574302454e-16,0.0038218495999859836,19.5,300000.0,0.03888629737609329,9.0,1.0,1.0,0.0,0.1,30.0,1.021,0.153,-0.006,1.0,1.0,True,FlowControlLab_NACA0018_quasi_steady_pressure,0.85
0.25932660326889856,0.22734437731436383,0.2606445849659313,0.19152118611392158,0.24722769683735676,0.1895640050889689,0.21884683823785184,0.20879942136857782,-0.25932660326889784,-0.22734437731436563,-0.2606445849659272,-0.1915211861139278,-0.2472276968373516,-0.18956400508897223,-0.21884683823785064,-0.20879942136857804,3.2271094574302454e-16,0.0038218495999859836,20.0,300000.0,0.03885422740524781,9.0,1.0,1.0,0.0,0.1,30.0,0.999,0.188,-0.021,1.0,1.0,True,FlowControlLab_NACA0018_quasi_steady_pressure,0.85
0.25932660326889856,0.22734437731436383,0.2606445849659313,0.19152118611392158,0.24722769683735676,0.1895640050889689,0.21884683823785184,0.20879942136857782,-0.25932660326889784,-0.22734437731436563,-0.2606445849659272,-0.1915211861139278,-0.2472276968373516,-0.18956400508897223,-0.21884683823785064,-0.20879942136857804,3.2271094574302454e-16,0.0038218495999859836,20.5,300000.0,0.03888921282798834,9.0,1.0,1.0,0.0,0.1,30.0,0.822,0.287,-0.056,1.0,1.0,True,FlowControlLab_NACA0018_quasi_steady_pressure,0.85
0.25932660326889856,0.22734437731436383,0.2606445849659313,0.19152118611392158,0.24722769683735676,0.1895640050889689,0.21884683823785184,0.20879942136857782,-0.25932660326889784,-0.22734437731436563,-0.2606445849659272,-0.1915211861139278,-0.2472276968373516,-0.18956400508897223,-0.21884683823785064,-0.20879942136857804,3.2271094574302454e-16,0.0038218495999859836,21.0,300000.0,0.0388600583090379,9.0,1.0,1.0,0.0,0.1,30.0,0.676,0.367,-0.083,1.0,1.0,True,FlowControlLab_NACA0018_quasi_steady_pressure,0.85
0.25932660326889856,0.22734437731436383,0.2606445849659313,0.19152118611392158,0.24722769683735676,0.1895640050889689,0.21884683823785184,0.20879942136857782,-0.25932660326889784,-0.22734437731436563,-0.2606445849659272,-0.1915211861139278,-0.2472276968373516,-0.18956400508897223,-0.21884683823785064,-0.20879942136857804,3.2271094574302454e-16,0.0038218495999859836,21.5,300000.0,0.03876967930029154,9.0,1.0,1.0,0.0,0.1,30.0,0.707,0.387,-0.089,1.0,1.0,True,FlowControlLab_NACA0018_quasi_steady_pressure,0.85
0.25932660326889856,0.22734437731436383,0.2606445849659313,0.19152118611392158,0.24722769683735676,0.1895640050889689,0.21884683823785184,0.20879942136857782,-0.25932660326889784,-0.22734437731436563,-0.2606445849659272,-0.1915211861139278,-0.2472276968373516,-0.18956400508897223,-0.21884683823785064,-0.20879942136857804,3.2271094574302454e-16,0.0038218495999859836,22.0,300000.0,0.038790087463556853,9.0,1.0,1.0,0.0,0.1,30.0,0.711,0.396,-0.09,1.0,1.0,True,FlowControlLab_NACA0018_quasi_steady_pressure,0.85
0.25932660326889856,0.22734437731436383,0.2606445849659313,0.19152118611392158,0.24722769683735676,0.1895640050889689,0.21884683823785184,0.20879942136857782,-0.25932660326889784,-0.22734437731436563,-0.2606445849659272,-0.1915211861139278,-0.2472276968373516,-0.18956400508897223,-0.21884683823785064,-0.20879942136857804,3.2271094574302454e-16,0.0038218495999859836,22.5,300000.0,0.038807580174927116,9.0,1.0,1.0,0.0,0.1,30.0,0.706,0.402,-0.089,1.0,1.0,True,FlowControlLab_NACA0018_quasi_steady_pressure,0.85
0.25932660326889856,0.22734437731436383,0.2606445849659313,0.19152118611392158,0.24722769683735676,0.1895640050889689,0.21884683823785184,0.20879942136857782,-0.25932660326889784,-0.22734437731436563,-0.2606445849659272,-0.1915211861139278,-0.2472276968373516,-0.18956400508897223,-0.21884683823785064,-0.20879942136857804,3.2271094574302454e-16,0.0038218495999859836,23.0,300000.0,0.038801749271137026,9.0,1.0,1.0,0.0,0.1,30.0,0.733,0.42,-0.094,1.0,1.0,True,FlowControlLab_NACA0018_quasi_steady_pressure,0.85
0.25932660326889856,0.22734437731436383,0.2606445849659313,0.19152118611392158,0.24722769683735676,0.1895640050889689,0.21884683823785184,0.20879942136857782,-0.25932660326889784,-0.22734437731436563,-0.2606445849659272,-0.1915211861139278,-0.2472276968373516,-0.18956400508897223,-0.21884683823785064,-0.20879942136857804,3.2271094574302454e-16,0.0038218495999859836,23.5,300000.0,0.038804664723032074,9.0,1.0,1.0,0.0,0.1,30.0,0.761,0.439,-0.099,1.0,1.0,True,FlowControlLab_NACA0018_quasi_steady_pressure,0.85
0.25932660326889856,0.22734437731436383,0.2606445849659313,0.19152118611392158,0.24722769683735676,0.1895640050889689,0.21884683823785184,0.20879942136857782,-0.25932660326889784,-0.22734437731436563,-0.2606445849659272,-0.1915211861139278,-0.2472276968373516,-0.18956400508897223,-0.21884683823785064,-0.20879942136857804,3.2271094574302454e-16,0.0038218495999859836,24.0,300000.0,0.03884256559766764,9.0,1.0,1.0,0.0,0.1,30.0,0.784,0.456,-0.104,1.0,1.0,True,FlowControlLab_NACA0018_quasi_steady_pressure,0.85
0.25932660326889856,0.22734437731436383,0.2606445849659313,0.19152118611392158,0.24722769683735676,0.1895640050889689,0.21884683823785184,0.20879942136857782,-0.25932660326889784,-0.22734437731436563,-0.2606445849659272,-0.1915211861139278,-0.2472276968373516,-0.18956400508897223,-0.21884683823785064,-0.20879942136857804,3.2271094574302454e-16,0.0038218495999859836,24.5,300000.0,0.03882507288629738,9.0,1.0,1.0,0.0,0.1,30.0,0.805,0.474,-0.11,1.0,1.0,True,FlowControlLab_NACA0018_quasi_steady_pressure,0.85
0.25932660326889856,0.22734437731436383,0.2606445849659313,0.19152118611392158,0.24722769683735676,0.1895640050889689,0.21884683823785184,0.20879942136857782,-0.25932660326889784,-0.22734437731436563,-0.2606445849659272,-0.1915211861139278,-0.2472276968373516,-0.18956400508897223,-0.21884683823785064,-0.20879942136857804,3.2271094574302454e-16,0.0038218495999859836,25.0,300000.0,0.03875218658892128,9.0,1.0,1.0,0.0,0.1,30.0,0.82,0.489,-0.113,1.0,1.0,True,FlowControlLab_NACA0018_quasi_steady_pressure,0.85
0.25932660326889856,0.22734437731436383,0.2606445849659313,0.19152118611392158,0.24722769683735676,0.1895640050889689,0.21884683823785184,0.20879942136857782,-0.25932660326889784,-0.22734437731436563,-0.2606445849659272,-0.1915211861139278,-0.2472276968373516,-0.18956400508897223,-0.21884683823785064,-0.20879942136857804,3.2271094574302454e-16,0.0038218495999859836,25.5,300000.0,0.038723032069970846,9.0,1.0,1.0,0.0,0.1,30.0,0.831,0.504,-0.115,1.0,1.0,True,FlowControlLab_NACA0018_quasi_steady_pressure,0.85
0.25932660326889856,0.22734437731436383,0.2606445849659313,0.19152118611392158,0.24722769683735676,0.1895640050889689,0.21884683823785184,0.20879942136857782,-0.25932660326889784,-0.22734437731436563,-0.2606445849659272,-0.1915211861139278,-0.2472276968373516,-0.18956400508897223,-0.21884683823785064,-0.20879942136857804,3.2271094574302454e-16,0.0038218495999859836,26.0,300000.0,0.03874635568513119,9.0,1.0,1.0,0.0,0.1,30.0,0.849,0.521,-0.119,1.0,1.0,True,FlowControlLab_NACA0018_quasi_steady_pressure,0.85
0.25932660326889856,0.22734437731436383,0.2606445849659313,0.19152118611392158,0.24722769683735676,0.1895640050889689,0.21884683823785184,0.20879942136857782,-0.25932660326889784,-0.22734437731436563,-0.2606445849659272,-0.1915211861139278,-0.2472276968373516,-0.18956400508897223,-0.21884683823785064,-0.20879942136857804,3.2271094574302454e-16,0.0038218495999859836,26.5,300000.0,0.038772594752186584,9.0,1.0,1.0,0.0,0.1,30.0,0.874,0.541,-0.125,1.0,1.0,True,FlowControlLab_NACA0018_quasi_steady_pressure,0.85
0.25932660326889856,0.22734437731436383,0.2606445849659313,0.19152118611392158,0.24722769683735676,0.1895640050889689,0.21884683823785184,0.20879942136857782,-0.25932660326889784,-0.22734437731436563,-0.2606445849659272,-0.1915211861139278,-0.2472276968373516,-0.18956400508897223,-0.21884683823785064,-0.20879942136857804,3.2271094574302454e-16,0.0038218495999859836,27.0,300000.0,0.038711370262390674,9.0,1.0,1.0,0.0,0.1,30.0,0.91,0.568,-0.133,1.0,1.0,True,FlowControlLab_NACA0018_quasi_steady_pressure,0.85
0.25932660326889856,0.22734437731436383,0.2606445849659313,0.19152118611392158,0.24722769683735676,0.1895640050889689,0.21884683823785184,0.20879942136857782,-0.25932660326889784,-0.22734437731436563,-0.2606445849659272,-0.1915211861139278,-0.2472276968373516,-0.18956400508897223,-0.21884683823785064,-0.20879942136857804,3.2271094574302454e-16,0.0038218495999859836,27.5,300000.0,0.03872594752186589,9.0,1.0,1.0,0.0,0.1,30.0,0.937,0.591,-0.14,1.0,1.0,True,FlowControlLab_NACA0018_quasi_steady_pressure,0.85
0.25932660326889856,0.22734437731436383,0.2606445849659313,0.19152118611392158,0.24722769683735676,0.1895640050889689,0.21884683823785184,0.20879942136857782,-0.25932660326889784,-0.22734437731436563,-0.2606445849659272,-0.1915211861139278,-0.2472276968373516,-0.18956400508897223,-0.21884683823785064,-0.20879942136857804,3.2271094574302454e-16,0.0038218495999859836,28.0,300000.0,0.03873760932944607,9.0,1.0,1.0,0.0,0.1,30.0,0.961,0.613,-0.147,1.0,1.0,True,FlowControlLab_NACA0018_quasi_steady_pressure,0.85
0.25932660326889856,0.22734437731436383,0.2606445849659313,0.19152118611392158,0.24722769683735676,0.1895640050889689,0.21884683823785184,0.20879942136857782,-0.25932660326889784,-0.22734437731436563,-0.2606445849659272,-0.1915211861139278,-0.2472276968373516,-0.18956400508897223,-0.21884683823785064,-0.20879942136857804,3.2271094574302454e-16,0.0038218495999859836,28.5,300000.0,0.03866763848396501,9.0,1.0,1.0,0.0,0.1,30.0,0.989,0.639,-0.155,1.0,1.0,True,FlowControlLab_NACA0018_quasi_steady_pressure,0.85
0.25932660326889856,0.22734437731436383,0.2606445849659313,0.19152118611392158,0.24722769683735676,0.1895640050889689,0.21884683823785184,0.20879942136857782,-0.25932660326889784,-0.22734437731436563,-0.2606445849659272,-0.1915211861139278,-0.2472276968373516,-0.18956400508897223,-0.21884683823785064,-0.20879942136857804,3.2271094574302454e-16,0.0038218495999859836,29.0,300000.0,0.0386064139941691,9.0,1.0,1.0,0.0,0.1,30.0,1.008,0.66,-0.16,1.0,1.0,True,FlowControlLab_NACA0018_quasi_steady_pressure,0.85
0.25932660326889856,0.22734437731436383,0.2606445849659313,0.19152118611392158,0.24722769683735676,0.1895640050889689,0.21884683823785184,0.20879942136857782,-0.25932660326889784,-0.22734437731436563,-0.2606445849659272,-0.1915211861139278,-0.2472276968373516,-0.18956400508897223,-0.21884683823785064,-0.20879942136857804,3.2271094574302454e-16,0.0038218495999859836,29.5,300000.0,0.038521865889212824,9.0,1.0,1.0,0.0,0.1,30.0,1.034,0.685,-0.167,1.0,1.0,True,FlowControlLab_NACA0018_quasi_steady_pressure,0.85
0.25932660326889856,0.22734437731436383,0.2606445849659313,0.19152118611392158,0.24722769683735676,0.1895640050889689,0.21884683823785184,0.20879942136857782,-0.25932660326889784,-0.22734437731436563,-0.2606445849659272,-0.1915211861139278,-0.2472276968373516,-0.18956400508897223,-0.21884683823785064,-0.20879942136857804,3.2271094574302454e-16,0.0038218495999859836,30.0,300000.0,0.03849271137026239,9.0,1.0,1.0,0.0,0.1,30.0,1.05,0.706,-0.171,1.0,1.0,True,FlowControlLab_NACA0018_quasi_steady_pressure,0.85
0.25932660326889856,0.22734437731436383,0.2606445849659313,0.19152118611392158,0.24722769683735676,0.1895640050889689,0.21884683823785184,0.20879942136857782,-0.25932660326889784,-0.22734437731436563,-0.2606445849659272,-0.1915211861139278,-0.2472276968373516,-0.18956400508897223,-0.21884683823785064,-0.20879942136857804,3.2271094574302454e-16,0.0038218495999859836,30.5,300000.0,0.03851603498542274,9.0,1.0,1.0,0.0,0.1,30.0,1.082,0.735,-0.181,1.0,1.0,True,FlowControlLab_NACA0018_quasi_steady_pressure,0.85
0.25932660326889856,0.22734437731436383,0.2606445849659313,0.19152118611392158,0.24722769683735676,0.1895640050889689,0.21884683823785184,0.20879942136857782,-0.25932660326889784,-0.22734437731436563,-0.2606445849659272,-0.1915211861139278,-0.2472276968373516,-0.18956400508897223,-0.21884683823785064,-0.20879942136857804,3.2271094574302454e-16,0.0038218495999859836,31.0,300000.0,0.038478134110787175,9.0,1.0,1.0,0.0,0.1,30.0,1.116,0.766,-0.191,1.0,1.0,True,FlowControlLab_NACA0018_quasi_steady_pressure,0.85
0.25932660326889856,0.22734437731436383,0.2606445849659313,0.19152118611392158,0.24722769683735676,0.1895640050889689,0.21884683823785184,0.20879942136857782,-0.25932660326889784,-0.22734437731436563,-0.2606445849659272,-0.1915211861139278,-0.2472276968373516,-0.18956400508897223,-0.21884683823785064,-0.20879942136857804,3.2271094574302454e-16,0.0038218495999859836,31.5,300000.0,0.038379008746355685,9.0,1.0,1.0,0.0,0.1,30.0,1.129,0.787,-0.195,1.0,1.0,True,FlowControlLab_NACA0018_quasi_steady_pressure,0.85
0.25932660326889856,0.22734437731436383,0.2606445849659313,0.19152118611392158,0.24722769683735676,0.1895640050889689,0.21884683823785184,0.20879942136857782,-0.25932660326889784,-0.22734437731436563,-0.2606445849659272,-0.1915211861139278,-0.2472276968373516,-0.18956400508897223,-0.21884683823785064,-0.20879942136857804,3.2271094574302454e-16,0.0038218495999859836,32.0,300000.0,0.03832361516034985,9.0,1.0,1.0,0.0,0.1,30.0,1.15,0.812,-0.202,1.0,1.0,True,FlowControlLab_NACA0018_quasi_steady_pressure,0.85
0.25932660326889856,0.22734437731436383,0.2606445849659313,0.19152118611392158,0.24722769683735676,0.1895640050889689,0.21884683823785184,0.20879942136857782,-0.25932660326889784,-0.22734437731436563,-0.2606445849659272,-0.1915211861139278,-0.2472276968373516,-0.18956400508897223,-0.21884683823785064,-0.20879942136857804,3.2271094574302454e-16,0.0038218495999859836,-2.0,300000.0,0.038950437317784255,9.0,1.0,1.0,0.0,0.1,30.0,-0.199,0.021,-0.002,1.0,1.0,True,FlowControlLab_NACA0018_quasi_steady_pressure,0.85
0.25932660326889856,0.22734437731436383,0.2606445849659313,0.19152118611392158,0.24722769683735676,0.1895640050889689,0.21884683823785184,0.20879942136857782,-0.25932660326889784,-0.22734437731436563,-0.2606445849659272,-0.1915211861139278,-0.2472276968373516,-0.18956400508897223,-0.21884683823785064,-0.20879942136857804,3.2271094574302454e-16,0.0038218495999859836,-1.5,300000.0,0.03901166180758017,9.0,1.0,1.0,0.0,0.1,30.0,-0.144,0.02,-0.002,1.0,1.0,True,FlowControlLab_NACA0018_quasi_steady_pressure,0.85
0.25932660326889856,0.22734437731436383,0.2606445849659313,0.19152118611392158,0.24722769683735676,0.1895640050889689,0.21884683823785184,0.20879942136857782,-0.25932660326889784,-0.22734437731436563,-0.2606445849659272,-0.1915211861139278,-0.2472276968373516,-0.18956400508897223,-0.21884683823785064,-0.20879942136857804,3.2271094574302454e-16,0.0038218495999859836,-1.0,300000.0,0.039055393586005835,9.0,1.0,1.0,0.0,0.1,30.0,-0.089,0.02,-0.003,1.0,1.0,True,FlowControlLab_NACA0018_quasi_steady_pressure,0.85
0.25932660326889856,0.22734437731436383,0.2606445849659313,0.19152118611392158,0.24722769683735676,0.1895640050889689,0.21884683823785184,0.20879942136857782,-0.25932660326889784,-0.22734437731436563,-0.2606445849659272,-0.1915211861139278,-0.2472276968373516,-0.18956400508897223,-0.21884683823785064,-0.20879942136857804,3.2271094574302454e-16,0.0038218495999859836,-0.5,300000.0,0.03898833819241982,9.0,1.0,1.0,0.0,0.1,30.0,-0.037,0.019,-0.003,1.0,1.0,True,FlowControlLab_NACA0018_quasi_steady_pressure,0.85
0.25932660326889856,0.22734437731436383,0.2606445849659313,0.19152118611392158,0.24722769683735676,0.1895640050889689,0.21884683823785184,0.20879942136857782,-0.25932660326889784,-0.22734437731436563,-0.2606445849659272,-0.1915211861139278,-0.2472276968373516,-0.18956400508897223,-0.21884683823785064,-0.20879942136857804,3.2271094574302454e-16,0.0038218495999859836,0.0,300000.0,0.038941690962099124,9.0,1.0,1.0,0.0,0.1,30.0,0.013,0.019,-0.001,1.0,1.0,True,FlowControlLab_NACA0018_quasi_steady_pressure,0.85
0.25932660326889856,0.22734437731436383,0.2606445849659313,0.19152118611392158,0.24722769683735676,0.1895640050889689,0.21884683823785184,0.20879942136857782,-0.25932660326889784,-0.22734437731436563,-0.2606445849659272,-0.1915211861139278,-0.2472276968373516,-0.18956400508897223,-0.21884683823785064,-0.20879942136857804,3.2271094574302454e-16,0.0038218495999859836,0.5,300000.0,0.03897376093294461,9.0,1.0,1.0,0.0,0.1,30.0,0.063,0.02,-0.0,1.0,1.0,True,FlowControlLab_NACA0018_quasi_steady_pressure,0.85
0.25932660326889856,0.22734437731436383,0.2606445849659313,0.19152118611392158,0.24722769683735676,0.1895640050889689,0.21884683823785184,0.20879942136857782,-0.25932660326889784,-0.22734437731436563,-0.2606445849659272,-0.1915211861139278,-0.2472276968373516,-0.18956400508897223,-0.21884683823785064,-0.20879942136857804,3.2271094574302454e-16,0.0038218495999859836,1.0,300000.0,0.038970845481049565,9.0,1.0,1.0,0.0,0.1,30.0,0.112,0.02,0.0,1.0,1.0,True,FlowControlLab_NACA0018_quasi_steady_pressure,0.85
0.25932660326889856,0.22734437731436383,0.2606445849659313,0.19152118611392158,0.24722769683735676,0.1895640050889689,0.21884683823785184,0.20879942136857782,-0.25932660326889784,-0.22734437731436563,-0.2606445849659272,-0.1915211861139278,-0.2472276968373516,-0.18956400508897223,-0.21884683823785064,-0.20879942136857804,3.2271094574302454e-16,0.0038218495999859836,1.5,300000.0,0.03891545189504374,9.0,1.0,1.0,0.0,0.1,30.0,0.161,0.02,0.001,1.0,1.0,True,FlowControlLab_NACA0018_quasi_steady_pressure,0.85
0.25932660326889856,0.22734437731436383,0.2606445849659313,0.19152118611392158,0.24722769683735676,0.1895640050889689,0.21884683823785184,0.20879942136857782,-0.25932660326889784,-0.22734437731436563,-0.2606445849659272,-0.1915211861139278,-0.2472276968373516,-0.18956400508897223,-0.21884683823785064,-0.20879942136857804,3.2271094574302454e-16,0.0038218495999859836,2.0,300000.0,0.03888338192419825,9.0,1.0,1.0,0.0,0.1,30.0,0.208,0.02,0.003,1.0,1.0,True,FlowControlLab_NACA0018_quasi_steady_pressure,0.85
0.25932660326889856,0.22734437731436383,0.2606445849659313,0.19152118611392158,0.24722769683735676,0.1895640050889689,0.21884683823785184,0.20879942136857782,-0.25932660326889784,-0.22734437731436563,-0.2606445849659272,-0.1915211861139278,-0.2472276968373516,-0.18956400508897223,-0.21884683823785064,-0.20879942136857804,3.2271094574302454e-16,0.0038218495999859836,2.5,300000.0,0.03894752186588921,9.0,1.0,1.0,0.0,0.1,30.0,0.254,0.021,0.004,1.0,1.0,True,FlowControlLab_NACA0018_quasi_steady_pressure,0.85
0.25932660326889856,0.22734437731436383,0.2606445849659313,0.19152118611392158,0.24722769683735676,0.1895640050889689,0.21884683823785184,0.20879942136857782,-0.25932660326889784,-0.22734437731436563,-0.2606445849659272,-0.1915211861139278,-0.2472276968373516,-0.18956400508897223,-0.21884683823785064,-0.20879942136857804,3.2271094574302454e-16,0.0038218495999859836,3.0,300000.0,0.038959183673469386,9.0,1.0,1.0,0.0,0.1,30.0,0.301,0.021,0.006,1.0,1.0,True,FlowControlLab_NACA0018_quasi_steady_pressure,0.85
0.25932660326889856,0.22734437731436383,0.2606445849659313,0.19152118611392158,0.24722769683735676,0.1895640050889689,0.21884683823785184,0.20879942136857782,-0.25932660326889784,-0.22734437731436563,-0.2606445849659272,-0.1915211861139278,-0.2472276968373516,-0.18956400508897223,-0.21884683823785064,-0.20879942136857804,3.2271094574302454e-16,0.0038218495999859836,3.5,300000.0,0.03893586005830904,9.0,1.0,1.0,0.0,0.1,30.0,0.349,0.022,0.008,1.0,1.0,True,FlowControlLab_NACA0018_quasi_steady_pressure,0.85
0.25932660326889856,0.22734437731436383,0.2606445849659313,0.19152118611392158,0.24722769683735676,0.1895640050889689,0.21884683823785184,0.20879942136857782,-0.25932660326889784,-0.22734437731436563,-0.2606445849659272,-0.1915211861139278,-0.2472276968373516,-0.18956400508897223,-0.21884683823785064,-0.20879942136857804,3.2271094574302454e-16,0.0038218495999859836,4.0,300000.0,0.03893002915451895,9.0,1.0,1.0,0.0,0.1,30.0,0.397,0.023,0.01,1.0,1.0,True,FlowControlLab_NACA0018_quasi_steady_pressure,0.85
0.25932660326889856,0.22734437731436383,0.2606445849659313,0.19152118611392158,0.24722769683735676,0.1895640050889689,0.21884683823785184,0.20879942136857782,-0.25932660326889784,-0.22734437731436563,-0.2606445849659272,-0.1915211861139278,-0.2472276968373516,-0.18956400508897223,-0.21884683823785064,-0.20879942136857804,3.2271094574302454e-16,0.0038218495999859836,4.5,300000.0,0.03893586005830904,9.0,1.0,1.0,0.0,0.1,30.0,0.45,0.023,0.01,1.0,1.0,True,FlowControlLab_NACA0018_quasi_steady_pressure,0.85
0.25932660326889856,0.22734437731436383,0.2606445849659313,0.19152118611392158,0.24722769683735676,0.1895640050889689,0.21884683823785184,0.20879942136857782,-0.25932660326889784,-0.22734437731436563,-0.2606445849659272,-0.1915211861139278,-0.2472276968373516,-0.18956400508897223,-0.21884683823785064,-0.20879942136857804,3.2271094574302454e-16,0.0038218495999859836,5.0,300000.0,0.038962099125364434,9.0,1.0,1.0,0.0,0.1,30.0,0.514,0.024,0.007,1.0,1.0,True,FlowControlLab_NACA0018_quasi_steady_pressure,0.85
0.25932660326889856,0.22734437731436383,0.2606445849659313,0.19152118611392158,0.24722769683735676,0.1895640050889689,0.21884683823785184,0.20879942136857782,-0.25932660326889784,-0.22734437731436563,-0.2606445849659272,-0.1915211861139278,-0.2472276968373516,-0.18956400508897223,-0.21884683823785064,-0.20879942136857804,3.2271094574302454e-16,0.0038218495999859836,5.5,300000.0,0.03893877551020408,9.0,1.0,1.0,0.0,0.1,30.0,0.584,0.026,0.003,1.0,1.0,True,FlowControlLab_NACA0018_quasi_steady_pressure,0.85
0.25932660326889856,0.22734437731436383,0.2606445849659313,0.19152118611392158,0.24722769683735676,0.1895640050889689,0.21884683823785184,0.20879942136857782,-0.25932660326889784,-0.22734437731436563,-0.2606445849659272,-0.1915211861139278,-0.2472276968373516,-0.18956400508897223,-0.21884683823785064,-0.20879942136857804,3.2271094574302454e-16,0.0038218495999859836,6.0,300000.0,0.03889795918367347,9.0,1.0,1.0,0.0,0.1,30.0,0.655,0.027,-0.003,1.0,1.0,True,FlowControlLab_NACA0018_quasi_steady_pressure,0.85
0.25932660326889856,0.22734437731436383,0.2606445849659313,0.19152118611392158,0.24722769683735676,0.1895640050889689,0.21884683823785184,0.20879942136857782,-0.25932660326889784,-0.22734437731436563,-0.2606445849659272,-0.1915211861139278,-0.2472276968373516,-0.18956400508897223,-0.21884683823785064,-0.20879942136857804,3.2271094574302454e-16,0.0038218495999859836,6.5,300000.0,0.03890379008746356,9.0,1.0,1.0,0.0,0.1,30.0,0.728,0.028,-0.007,1.0,1.0,True,FlowControlLab_NACA0018_quasi_steady_pressure,0.85
0.25932660326889856,0.22734437731436383,0.2606445849659313,0.19152118611392158,0.24722769683735676,0.1895640050889689,0.21884683823785184,0.20879942136857782,-0.25932660326889784,-0.22734437731436563,-0.2606445849659272,-0.1915211861139278,-0.2472276968373516,-0.18956400508897223,-0.21884683823785064,-0.20879942136857804,3.2271094574302454e-16,0.0038218495999859836,7.0,300000.0,0.03891253644314869,9.0,1.0,1.0,0.0,0.1,30.0,0.79,0.029,-0.01,1.0,1.0,True,FlowControlLab_NACA0018_quasi_steady_pressure,0.85
0.25932660326889856,0.22734437731436383,0.2606445849659313,0.19152118611392158,0.24722769683735676,0.1895640050889689,0.21884683823785184,0.20879942136857782,-0.25932660326889784,-0.22734437731436563,-0.2606445849659272,-0.1915211861139278,-0.2472276968373516,-0.18956400508897223,-0.21884683823785064,-0.20879942136857804,3.2271094574302454e-16,0.0038218495999859836,7.5,300000.0,0.03893002915451895,9.0,1.0,1.0,0.0,0.1,30.0,0.843,0.03,-0.01,1.0,1.0,True,FlowControlLab_NACA0018_quasi_steady_pressure,0.85
0.25932660326889856,0.22734437731436383,0.2606445849659313,0.19152118611392158,0.24722769683735676,0.1895640050889689,0.21884683823785184,0.20879942136857782,-0.25932660326889784,-0.22734437731436563,-0.2606445849659272,-0.1915211861139278,-0.2472276968373516,-0.18956400508897223,-0.21884683823785064,-0.20879942136857804,3.2271094574302454e-16,0.0038218495999859836,8.0,300000.0,0.03894460641399417,9.0,1.0,1.0,0.0,0.1,30.0,0.879,0.031,-0.006,1.0,1.0,True,FlowControlLab_NACA0018_quasi_steady_pressure,0.85
0.25932660326889856,0.22734437731436383,0.2606445849659313,0.19152118611392158,0.24722769683735676,0.1895640050889689,0.21884683823785184,0.20879942136857782,-0.25932660326889784,-0.22734437731436563,-0.2606445849659272,-0.1915211861139278,-0.2472276968373516,-0.18956400508897223,-0.21884683823785064,-0.20879942136857804,3.2271094574302454e-16,0.0038218495999859836,8.5,300000.0,0.0389533527696793,9.0,1.0,1.0,0.0,0.1,30.0,0.893,0.031,-0.001,1.0,1.0,True,FlowControlLab_NACA0018_quasi_steady_pressure,0.85
0.25932660326889856,0.22734437731436383,0.2606445849659313,0.19152118611392158,0.24722769683735676,0.1895640050889689,0.21884683823785184,0.20879942136857782,-0.25932660326889784,-0.22734437731436563,-0.2606445849659272,-0.1915211861139278,-0.2472276968373516,-0.18956400508897223,-0.21884683823785064,-0.20879942136857804,3.2271094574302454e-16,0.0038218495999859836,9.0,300000.0,0.03898250728862974,9.0,1.0,1.0,0.0,0.1,30.0,0.911,0.031,0.005,1.0,1.0,True,FlowControlLab_NACA0018_quasi_steady_pressure,0.85
0.25932660326889856,0.22734437731436383,0.2606445849659313,0.19152118611392158,0.24722769683735676,0.1895640050889689,0.21884683823785184,0.20879942136857782,-0.25932660326889784,-0.22734437731436563,-0.2606445849659272,-0.1915211861139278,-0.2472276968373516,-0.18956400508897223,-0.21884683823785064,-0.20879942136857804,3.2271094574302454e-16,0.0038218495999859836,9.5,300000.0,0.03897376093294461,9.0,1.0,1.0,0.0,0.1,30.0,0.937,0.032,0.01,1.0,1.0,True,FlowControlLab_NACA0018_quasi_steady_pressure,0.85
0.25932660326889856,0.22734437731436383,0.2606445849659313,0.19152118611392158,0.24722769683735676,0.1895640050889689,0.21884683823785184,0.20879942136857782,-0.25932660326889784,-0.22734437731436563,-0.2606445849659272,-0.1915211861139278,-0.2472276968373516,-0.18956400508897223,-0.21884683823785064,-0.20879942136857804,3.2271094574302454e-16,0.0038218495999859836,10.0,300000.0,0.03898250728862974,9.0,1.0,1.0,0.0,0.1,30.0,0.964,0.034,0.014,1.0,1.0,True,FlowControlLab_NACA0018_quasi_steady_pressure,0.85
0.25932660326889856,0.22734437731436383,0.2606445849659313,0.19152118611392158,0.24722769683735676,0.1895640050889689,0.21884683823785184,0.20879942136857782,-0.25932660326889784,-0.22734437731436563,-0.2606445849659272,-0.1915211861139278,-0.2472276968373516,-0.18956400508897223,-0.21884683823785064,-0.20879942136857804,3.2271094574302454e-16,0.0038218495999859836,10.5,300000.0,0.03901457725947522,9.0,1.0,1.0,0.0,0.1,30.0,0.995,0.035,0.017,1.0,1.0,True,FlowControlLab_NACA0018_quasi_steady_pressure,0.85
0.25932660326889856,0.22734437731436383,0.2606445849659313,0.19152118611392158,0.24722769683735676,0.1895640050889689,0.21884683823785184,0.20879942136857782,-0.25932660326889784,-0.22734437731436563,-0.2606445849659272,-0.1915211861139278,-0.2472276968373516,-0.18956400508897223,-0.21884683823785064,-0.20879942136857804,3.2271094574302454e-16,0.0038218495999859836,11.0,300000.0,0.039058309037900876,9.0,1.0,1.0,0.0,0.1,30.0,1.027,0.037,0.02,1.0,1.0,True,FlowControlLab_NACA0018_quasi_steady_pressure,0.85
0.25932660326889856,0.22734437731436383,0.2606445849659313,0.19152118611392158,0.24722769683735676,0.1895640050889689,0.21884683823785184,0.20879942136857782,-0.25932660326889784,-0.22734437731436563,-0.2606445849659272,-0.1915211861139278,-0.2472276968373516,-0.18956400508897223,-0.21884683823785064,-0.20879942136857804,3.2271094574302454e-16,0.0038218495999859836,11.5,300000.0,0.039034985422740524,9.0,1.0,1.0,0.0,0.1,30.0,1.058,0.039,0.022,1.0,1.0,True,FlowControlLab_NACA0018_quasi_steady_pressure,0.85
0.25932660326889856,0.22734437731436383,0.2606445849659313,0.19152118611392158,0.24722769683735676,0.1895640050889689,0.21884683823785184,0.20879942136857782,-0.25932660326889784,-0.22734437731436563,-0.2606445849659272,-0.1915211861139278,-0.2472276968373516,-0.18956400508897223,-0.21884683823785064,-0.20879942136857804,3.2271094574302454e-16,0.0038218495999859836,12.0,300000.0,0.03891836734693878,9.0,1.0,1.0,0.0,0.1,30.0,1.077,0.041,0.026,1.0,1.0,True,FlowControlLab_NACA0018_quasi_steady_pressure,0.85
0.25932660326889856,0.22734437731436383,0.2606445849659313,0.19152118611392158,0.24722769683735676,0.1895640050889689,0.21884683823785184,0.20879942136857782,-0.25932660326889784,-0.22734437731436563,-0.2606445849659272,-0.1915211861139278,-0.2472276968373516,-0.18956400508897223,-0.21884683823785064,-0.20879942136857804,3.2271094574302454e-16,0.0038218495999859836,12.5,300000.0,0.03884548104956268,9.0,1.0,1.0,0.0,0.1,30.0,1.082,0.044,0.03,1.0,1.0,True,FlowControlLab_NACA0018_quasi_steady_pressure,0.85
0.25932660326889856,0.22734437731436383,0.2606445849659313,0.19152118611392158,0.24722769683735676,0.1895640050889689,0.21884683823785184,0.20879942136857782,-0.25932660326889784,-0.22734437731436563,-0.2606445849659272,-0.1915211861139278,-0.2472276968373516,-0.18956400508897223,-0.21884683823785064,-0.20879942136857804,3.2271094574302454e-16,0.0038218495999859836,13.0,300000.0,0.03882798833819242,9.0,1.0,1.0,0.0,0.1,30.0,1.087,0.048,0.032,1.0,1.0,True,FlowControlLab_NACA0018_quasi_steady_pressure,0.85
0.25932660326889856,0.22734437731436383,0.2606445849659313,0.19152118611392158,0.24722769683735676,0.1895640050889689,0.21884683823785184,0.20879942136857782,-0.25932660326889784,-0.22734437731436563,-0.2606445849659272,-0.1915211861139278,-0.2472276968373516,-0.18956400508897223,-0.21884683823785064,-0.20879942136857804,3.2271094574302454e-16,0.0038218495999859836,13.5,300000.0,0.03883090379008747,9.0,1.0,1.0,0.0,0.1,30.0,1.098,0.053,0.034,1.0,1.0,True,FlowControlLab_NACA0018_quasi_steady_pressure,0.85
0.25932660326889856,0.22734437731436383,0.2606445849659313,0.19152118611392158,0.24722769683735676,0.1895640050889689,0.21884683823785184,0.20879942136857782,-0.25932660326889784,-0.22734437731436563,-0.2606445849659272,-0.1915211861139278,-0.2472276968373516,-0.18956400508897223,-0.21884683823785064,-0.20879942136857804,3.2271094574302454e-16,0.0038218495999859836,14.0,300000.0,0.03879591836734694,9.0,1.0,1.0,0.0,0.1,30.0,1.111,0.06,0.033,1.0,1.0,True,FlowControlLab_NACA0018_quasi_steady_pressure,0.85
0.25932660326889856,0.22734437731436383,0.2606445849659313,0.19152118611392158,0.24722769683735676,0.1895640050889689,0.21884683823785184,0.20879942136857782,-0.25932660326889784,-0.22734437731436563,-0.2606445849659272,-0.1915211861139278,-0.2472276968373516,-0.18956400508897223,-0.21884683823785064,-0.20879942136857804,3.2271094574302454e-16,0.0038218495999859836,14.5,300000.0,0.038804664723032074,9.0,1.0,1.0,0.0,0.1,30.0,1.115,0.067,0.032,1.0,1.0,True,FlowControlLab_NACA0018_quasi_steady_pressure,0.85
0.25932660326889856,0.22734437731436383,0.2606445849659313,0.19152118611392158,0.24722769683735676,0.1895640050889689,0.21884683823785184,0.20879942136857782,-0.25932660326889784,-0.22734437731436563,-0.2606445849659272,-0.1915211861139278,-0.2472276968373516,-0.18956400508897223,-0.21884683823785064,-0.20879942136857804,3.2271094574302454e-16,0.0038218495999859836,15.0,300000.0,0.0388600583090379,9.0,1.0,1.0,0.0,0.1,30.0,1.108,0.072,0.03,1.0,1.0,True,FlowControlLab_NACA0018_quasi_steady_pressure,0.85
0.25932660326889856,0.22734437731436383,0.2606445849659313,0.19152118611392158,0.24722769683735676,0.1895640050889689,0.21884683823785184,0.20879942136857782,-0.25932660326889784,-0.22734437731436563,-0.2606445849659272,-0.1915211861139278,-0.2472276968373516,-0.18956400508897223,-0.21884683823785064,-0.20879942136857804,3.2271094574302454e-16,0.0038218495999859836,15.5,300000.0,0.03893877551020408,9.0,1.0,1.0,0.0,0.1,30.0,0.97,0.117,0.009,1.0,1.0,True,FlowControlLab_NACA0018_quasi_steady_pressure,0.85
0.25932660326889856,0.22734437731436383,0.2606445849659313,0.19152118611392158,0.24722769683735676,0.1895640050889689,0.21884683823785184,0.20879942136857782,-0.25932660326889784,-0.22734437731436563,-0.2606445849659272,-0.1915211861139278,-0.2472276968373516,-0.18956400508897223,-0.21884683823785064,-0.20879942136857804,3.2271094574302454e-16,0.0038218495999859836,16.0,300000.0,0.03897376093294461,9.0,1.0,1.0,0.0,0.1,30.0,0.675,0.203,-0.032,1.0,1.0,True,FlowControlLab_NACA0018_quasi_steady_pressure,0.85
0.25932660326889856,0.22734437731436383,0.2606445849659313,0.19152118611392158,0.24722769683735676,0.1895640050889689,0.21884683823785184,0.20879942136857782,-0.25932660326889784,-0.22734437731436563,-0.2606445849659272,-0.1915211861139278,-0.2472276968373516,-0.18956400508897223,-0.21884683823785064,-0.20879942136857804,3.2271094574302454e-16,0.0038218495999859836,16.5,300000.0,0.03893877551020408,9.0,1.0,1.0,0.0,0.1,30.0,0.517,0.251,-0.053,1.0,1.0,True,FlowControlLab_NACA0018_quasi_steady_pressure,0.85
0.25932660326889856,0.22734437731436383,0.2606445849659313,0.19152118611392158,0.24722769683735676,0.1895640050889689,0.21884683823785184,0.20879942136857782,-0.25932660326889784,-0.22734437731436563,-0.2606445849659272,-0.1915211861139278,-0.2472276968373516,-0.18956400508897223,-0.21884683823785064,-0.20879942136857804,3.2271094574302454e-16,0.0038218495999859836,17.0,300000.0,0.038941690962099124,9.0,1.0,1.0,0.0,0.1,30.0,0.526,0.261,-0.055,1.0,1.0,True,FlowControlLab_NACA0018_quasi_steady_pressure,0.85
0.25932660326889856,0.22734437731436383,0.2606445849659313,0.19152118611392158,0.24722769683735676,0.1895640050889689,0.21884683823785184,0.20879942136857782,-0.25932660326889784,-0.22734437731436563,-0.2606445849659272,-0.1915211861139278,-0.2472276968373516,-0.18956400508897223,-0.21884683823785064,-0.20879942136857804,3.2271094574302454e-16,0.0038218495999859836,17.5,300000.0,0.03894752186588921,9.0,1.0,1.0,0.0,0.1,30.0,0.539,0.272,-0.057,1.0,1.0,True,FlowControlLab_NACA0018_quasi_steady_pressure,0.85
0.25932660326889856,0.22734437731436383,0.2606445849659313,0.19152118611392158,0.24722769683735676,0.1895640050889689,0.21884683823785184,0.20879942136857782,-0.25932660326889784,-0.22734437731436563,-0.2606445849659272,-0.1915211861139278,-0.2472276968373516,-0.18956400508897223,-0.21884683823785064,-0.20879942136857804,3.2271094574302454e-16,0.0038218495999859836,18.0,300000.0,0.038970845481049565,9.0,1.0,1.0,0.0,0.1,30.0,0.554,0.284,-0.06,1.0,1.0,True,FlowControlLab_NACA0018_quasi_steady_pressure,0.85
0.25932660326889856,0.22734437731436383,0.2606445849659313,0.19152118611392158,0.24722769683735676,0.1895640050889689,0.21884683823785184,0.20879942136857782,-0.25932660326889784,-0.22734437731436563,-0.2606445849659272,-0.1915211861139278,-0.2472276968373516,-0.18956400508897223,-0.21884683823785064,-0.20879942136857804,3.2271094574302454e-16,0.0038218495999859836,18.5,300000.0,0.038950437317784255,9.0,1.0,1.0,0.0,0.1,30.0,0.585,0.3,-0.066,1.0,1.0,True,FlowControlLab_NACA0018_quasi_steady_pressure,0.85
0.25932660326889856,0.22734437731436383,0.2606445849659313,0.19152118611392158,0.24722769683735676,0.1895640050889689,0.21884683823785184,0.20879942136857782,-0.25932660326889784,-0.22734437731436563,-0.2606445849659272,-0.1915211861139278,-0.2472276968373516,-0.18956400508897223,-0.21884683823785064,-0.20879942136857804,3.2271094574302454e-16,0.0038218495999859836,19.0,300000.0,0.03890379008746356,9.0,1.0,1.0,0.0,0.1,30.0,0.601,0.313,-0.069,1.0,1.0,True,FlowControlLab_NACA0018_quasi_steady_pressure,0.85
0.25932660326889856,0.22734437731436383,0.2606445849659313,0.19152118611392158,0.24722769683735676,0.1895640050889689,0.21884683823785184,0.20879942136857782,-0.25932660326889784,-0.22734437731436563,-0.2606445849659272,-0.1915211861139278,-0.2472276968373516,-0.18956400508897223,-0.21884683823785064,-0.20879942136857804,3.2271094574302454e-16,0.0038218495999859836,19.5,300000.0,0.03888629737609329,9.0,1.0,1.0,0.0,0.1,30.0,0.612,0.324,-0.071,1.0,1.0,True,FlowControlLab_NACA0018_quasi_steady_pressure,0.85
0.25932660326889856,0.22734437731436383,0.2606445849659313,0.19152118611392158,0.24722769683735676,0.1895640050889689,0.21884683823785184,0.20879942136857782,-0.25932660326889784,-0.22734437731436563,-0.2606445849659272,-0.1915211861139278,-0.2472276968373516,-0.18956400508897223,-0.21884683823785064,-0.20879942136857804,3.2271094574302454e-16,0.0038218495999859836,20.0,300000.0,0.03885422740524781,9.0,1.0,1.0,0.0,0.1,30.0,0.639,0.34,-0.076,1.0,1.0,True,FlowControlLab_NACA0018_quasi_steady_pressure,0.85
0.25932660326889856,0.22734437731436383,0.2606445849659313,0.19152118611392158,0.24722769683735676,0.1895640050889689,0.21884683823785184,0.20879942136857782,-0.25932660326889784,-0.22734437731436563,-0.2606445849659272,-0.1915211861139278,-0.2472276968373516,-0.18956400508897223,-0.21884683823785064,-0.20879942136857804,3.2271094574302454e-16,0.0038218495999859836,20.5,300000.0,0.03888921282798834,9.0,1.0,1.0,0.0,0.1,30.0,0.662,0.355,-0.08,1.0,1.0,True,FlowControlLab_NACA0018_quasi_steady_pressure,0.85
0.25932660326889856,0.22734437731436383,0.2606445849659313,0.19152118611392158,0.24722769683735676,0.1895640050889689,0.21884683823785184,0.20879942136857782,-0.25932660326889784,-0.22734437731436563,-0.2606445849659272,-0.1915211861139278,-0.2472276968373516,-0.18956400508897223,-0.21884683823785064,-0.20879942136857804,3.2271094574302454e-16,0.0038218495999859836,21.0,300000.0,0.0388600583090379,9.0,1.0,1.0,0.0,0.1,30.0,0.68,0.369,-0.083,1.0,1.0,True,FlowControlLab_NACA0018_quasi_steady_pressure,0.85
0.25932660326889856,0.22734437731436383,0.2606445849659313,0.19152118611392158,0.24722769683735676,0.1895640050889689,0.21884683823785184,0.20879942136857782,-0.25932660326889784,-0.22734437731436563,-0.2606445849659272,-0.1915211861139278,-0.2472276968373516,-0.18956400508897223,-0.21884683823785064,-0.20879942136857804,3.2271094574302454e-16,0.0038218495999859836,21.5,300000.0,0.03876967930029154,9.0,1.0,1.0,0.0,0.1,30.0,0.699,0.383,-0.087,1.0,1.0,True,FlowControlLab_NACA0018_quasi_steady_pressure,0.85
0.25932660326889856,0.22734437731436383,0.2606445849659313,0.19152118611392158,0.24722769683735676,0.1895640050889689,0.21884683823785184,0.20879942136857782,-0.25932660326889784,-0.22734437731436563,-0.2606445849659272,-0.1915211861139278,-0.2472276968373516,-0.18956400508897223,-0.21884683823785064,-0.20879942136857804,3.2271094574302454e-16,0.0038218495999859836,22.0,300000.0,0.038790087463556853,9.0,1.0,1.0,0.0,0.1,30.0,0.707,0.394,-0.088,1.0,1.0,True,FlowControlLab_NACA0018_quasi_steady_pressure,0.85
0.25932660326889856,0.22734437731436383,0.2606445849659313,0.19152118611392158,0.24722769683735676,0.1895640050889689,0.21884683823785184,0.20879942136857782,-0.25932660326889784,-0.22734437731436563,-0.2606445849659272,-0.1915211861139278,-0.2472276968373516,-0.18956400508897223,-0.21884683823785064,-0.20879942136857804,3.2271094574302454e-16,0.0038218495999859836,22.5,300000.0,0.038807580174927116,9.0,1.0,1.0,0.0,0.1,30.0,0.714,0.404,-0.09,1.0,1.0,True,FlowControlLab_NACA0018_quasi_steady_pressure,0.85
0.25932660326889856,0.22734437731436383,0.2606445849659313,0.19152118611392158,0.24722769683735676,0.1895640050889689,0.21884683823785184,0.20879942136857782,-0.25932660326889784,-0.22734437731436563,-0.2606445849659272,-0.1915211861139278,-0.2472276968373516,-0.18956400508897223,-0.21884683823785064,-0.20879942136857804,3.2271094574302454e-16,0.0038218495999859836,23.0,300000.0,0.038801749271137026,9.0,1.0,1.0,0.0,0.1,30.0,0.742,0.423,-0.095,1.0,1.0,True,FlowControlLab_NACA0018_quasi_steady_pressure,0.85
0.25932660326889856,0.22734437731436383,0.2606445849659313,0.19152118611392158,0.24722769683735676,0.1895640050889689,0.21884683823785184,0.20879942136857782,-0.25932660326889784,-0.22734437731436563,-0.2606445849659272,-0.1915211861139278,-0.2472276968373516,-0.18956400508897223,-0.21884683823785064,-0.20879942136857804,3.2271094574302454e-16,0.0038218495999859836,23.5,300000.0,0.038804664723032074,9.0,1.0,1.0,0.0,0.1,30.0,0.771,0.443,-0.102,1.0,1.0,True,FlowControlLab_NACA0018_quasi_steady_pressure,0.85
0.25932660326889856,0.22734437731436383,0.2606445849659313,0.19152118611392158,0.24722769683735676,0.1895640050889689,0.21884683823785184,0.20879942136857782,-0.25932660326889784,-0.22734437731436563,-0.2606445849659272,-0.1915211861139278,-0.2472276968373516,-0.18956400508897223,-0.21884683823785064,-0.20879942136857804,3.2271094574302454e-16,0.0038218495999859836,24.0,300000.0,0.03884256559766764,9.0,1.0,1.0,0.0,0.1,30.0,0.777,0.454,-0.103,1.0,1.0,True,FlowControlLab_NACA0018_quasi_steady_pressure,0.85
0.25932660326889856,0.22734437731436383,0.2606445849659313,0.19152118611392158,0.24722769683735676,0.1895640050889689,0.21884683823785184,0.20879942136857782,-0.25932660326889784,-0.22734437731436563,-0.2606445849659272,-0.1915211861139278,-0.2472276968373516,-0.18956400508897223,-0.21884683823785064,-0.20879942136857804,3.2271094574302454e-16,0.0038218495999859836,24.5,300000.0,0.03882507288629738,9.0,1.0,1.0,0.0,0.1,30.0,0.805,0.474,-0.108,1.0,1.0,True,FlowControlLab_NACA0018_quasi_steady_pressure,0.85
0.25932660326889856,0.22734437731436383,0.2606445849659313,0.19152118611392158,0.24722769683735676,0.1895640050889689,0.21884683823785184,0.20879942136857782,-0.25932660326889784,-0.22734437731436563,-0.2606445849659272,-0.1915211861139278,-0.2472276968373516,-0.18956400508897223,-0.21884683823785064,-0.20879942136857804,3.2271094574302454e-16,0.0038218495999859836,25.0,300000.0,0.03875218658892128,9.0,1.0,1.0,0.0,0.1,30.0,0.835,0.496,-0.115,1.0,1.0,True,FlowControlLab_NACA0018_quasi_steady_pressure,0.85
0.25932660326889856,0.22734437731436383,0.2606445849659313,0.19152118611392158,0.24722769683735676,0.1895640050889689,0.21884683823785184,0.20879942136857782,-0.25932660326889784,-0.22734437731436563,-0.2606445849659272,-0.1915211861139278,-0.2472276968373516,-0.18956400508897223,-0.21884683823785064,-0.20879942136857804,3.2271094574302454e-16,0.0038218495999859836,25.5,300000.0,0.038723032069970846,9.0,1.0,1.0,0.0,0.1,30.0,0.837,0.506,-0.116,1.0,1.0,True,FlowControlLab_NACA0018_quasi_steady_pressure,0.85
0.25932660326889856,0.22734437731436383,0.2606445849659313,0.19152118611392158,0.24722769683735676,0.1895640050889689,0.21884683823785184,0.20879942136857782,-0.25932660326889784,-0.22734437731436563,-0.2606445849659272,-0.1915211861139278,-0.2472276968373516,-0.18956400508897223,-0.21884683823785064,-0.20879942136857804,3.2271094574302454e-16,0.0038218495999859836,26.0,300000.0,0.03874635568513119,9.0,1.0,1.0,0.0,0.1,30.0,0.861,0.527,-0.122,1.0,1.0,True,FlowControlLab_NACA0018_quasi_steady_pressure,0.85
0.25932660326889856,0.22734437731436383,0.2606445849659313,0.19152118611392158,0.24722769683735676,0.1895640050889689,0.21884683823785184,0.20879942136857782,-0.25932660326889784,-0.22734437731436563,-0.2606445849659272,-0.1915211861139278,-0.2472276968373516,-0.18956400508897223,-0.21884683823785064,-0.20879942136857804,3.2271094574302454e-16,0.0038218495999859836,26.5,300000.0,0.038772594752186584,9.0,1.0,1.0,0.0,0.1,30.0,0.9,0.554,-0.131,1.0,1.0,True,FlowControlLab_NACA0018_quasi_steady_pressure,0.85
0.25932660326889856,0.22734437731436383,0.2606445849659313,0.19152118611392158,0.24722769683735676,0.1895640050889689,0.21884683823785184,0.20879942136857782,-0.25932660326889784,-0.22734437731436563,-0.2606445849659272,-0.1915211861139278,-0.2472276968373516,-0.18956400508897223,-0.21884683823785064,-0.20879942136857804,3.2271094574302454e-16,0.0038218495999859836,27.0,300000.0,0.038711370262390674,9.0,1.0,1.0,0.0,0.1,30.0,0.926,0.576,-0.137,1.0,1.0,True,FlowControlLab_NACA0018_quasi_steady_pressure,0.85
0.25932660326889856,0.22734437731436383,0.2606445849659313,0.19152118611392158,0.24722769683735676,0.1895640050889689,0.21884683823785184,0.20879942136857782,-0.25932660326889784,-0.22734437731436563,-0.2606445849659272,-0.1915211861139278,-0.2472276968373516,-0.18956400508897223,-0.21884683823785064,-0.20879942136857804,3.2271094574302454e-16,0.0038218495999859836,27.5,300000.0,0.03872594752186589,9.0,1.0,1.0,0.0,0.1,30.0,0.95,0.597,-0.143,1.0,1.0,True,FlowControlLab_NACA0018_quasi_steady_pressure,0.85
0.25932660326889856,0.22734437731436383,0.2606445849659313,0.19152118611392158,0.24722769683735676,0.1895640050889689,0.21884683823785184,0.20879942136857782,-0.25932660326889784,-0.22734437731436563,-0.2606445849659272,-0.1915211861139278,-0.2472276968373516,-0.18956400508897223,-0.21884683823785064,-0.20879942136857804,3.2271094574302454e-16,0.0038218495999859836,28.0,300000.0,0.03873760932944607,9.0,1.0,1.0,0.0,0.1,30.0,0.979,0.622,-0.151,1.0,1.0,True,FlowControlLab_NACA0018_quasi_steady_pressure,0.85
0.25932660326889856,0.22734437731436383,0.2606445849659313,0.19152118611392158,0.24722769683735676,0.1895640050889689,0.21884683823785184,0.20879942136857782,-0.25932660326889784,-0.22734437731436563,-0.2606445849659272,-0.1915211861139278,-0.2472276968373516,-0.18956400508897223,-0.21884683823785064,-0.20879942136857804,3.2271094574302454e-16,0.0038218495999859836,28.5,300000.0,0.03866763848396501,9.0,1.0,1.0,0.0,0.1,30.0,1.003,0.646,-0.157,1.0,1.0,True,FlowControlLab_NACA0018_quasi_steady_pressure,0.85
0.25932660326889856,0.22734437731436383,0.2606445849659313,0.19152118611392158,0.24722769683735676,0.1895640050889689,0.21884683823785184,0.20879942136857782,-0.25932660326889784,-0.22734437731436563,-0.2606445849659272,-0.1915211861139278,-0.2472276968373516,-0.18956400508897223,-0.21884683823785064,-0.20879942136857804,3.2271094574302454e-16,0.0038218495999859836,29.0,300000.0,0.0386064139941691,9.0,1.0,1.0,0.0,0.1,30.0,1.031,0.672,-0.164,1.0,1.0,True,FlowControlLab_NACA0018_quasi_steady_pressure,0.85
0.25932660326889856,0.22734437731436383,0.2606445849659313,0.19152118611392158,0.24722769683735676,0.1895640050889689,0.21884683823785184,0.20879942136857782,-0.25932660326889784,-0.22734437731436563,-0.2606445849659272,-0.1915211861139278,-0.2472276968373516,-0.18956400508897223,-0.21884683823785064,-0.20879942136857804,3.2271094574302454e-16,0.0038218495999859836,29.5,300000.0,0.038521865889212824,9.0,1.0,1.0,0.0,0.1,30.0,1.059,0.699,-0.172,1.0,1.0,True,FlowControlLab_NACA0018_quasi_steady_pressure,0.85
0.25932660326889856,0.22734437731436383,0.2606445849659313,0.19152118611392158,0.24722769683735676,0.1895640050889689,0.21884683823785184,0.20879942136857782,-0.25932660326889784,-0.22734437731436563,-0.2606445849659272,-0.1915211861139278,-0.2472276968373516,-0.18956400508897223,-0.21884683823785064,-0.20879942136857804,3.2271094574302454e-16,0.0038218495999859836,30.0,300000.0,0.03849271137026239,9.0,1.0,1.0,0.0,0.1,30.0,1.079,0.723,-0.178,1.0,1.0,True,FlowControlLab_NACA0018_quasi_steady_pressure,0.85
0.25932660326889856,0.22734437731436383,0.2606445849659313,0.19152118611392158,0.24722769683735676,0.1895640050889689,0.21884683823785184,0.20879942136857782,-0.25932660326889784,-0.22734437731436563,-0.2606445849659272,-0.1915211861139278,-0.2472276968373516,-0.18956400508897223,-0.21884683823785064,-0.20879942136857804,3.2271094574302454e-16,0.0038218495999859836,30.5,300000.0,0.03851603498542274,9.0,1.0,1.0,0.0,0.1,30.0,1.098,0.745,-0.183,1.0,1.0,True,FlowControlLab_NACA0018_quasi_steady_pressure,0.85
0.25932660326889856,0.22734437731436383,0.2606445849659313,0.19152118611392158,0.24722769683735676,0.1895640050889689,0.21884683823785184,0.20879942136857782,-0.25932660326889784,-0.22734437731436563,-0.2606445849659272,-0.1915211861139278,-0.2472276968373516,-0.18956400508897223,-0.21884683823785064,-0.20879942136857804,3.2271094574302454e-16,0.0038218495999859836,31.0,300000.0,0.038478134110787175,9.0,1.0,1.0,0.0,0.1,30.0,1.125,0.773,-0.192,1.0,1.0,True,FlowControlLab_NACA0018_quasi_steady_pressure,0.85
0.25932660326889856,0.22734437731436383,0.2606445849659313,0.19152118611392158,0.24722769683735676,0.1895640050889689,0.21884683823785184,0.20879942136857782,-0.25932660326889784,-0.22734437731436563,-0.2606445849659272,-0.1915211861139278,-0.2472276968373516,-0.18956400508897223,-0.21884683823785064,-0.20879942136857804,3.2271094574302454e-16,0.0038218495999859836,31.5,300000.0,0.038379008746355685,9.0,1.0,1.0,0.0,0.1,30.0,1.135,0.792,-0.197,1.0,1.0,True,FlowControlLab_NACA0018_quasi_steady_pressure,0.85
0.25932660326889856,0.22734437731436383,0.2606445849659313,0.19152118611392158,0.24722769683735676,0.1895640050889689,0.21884683823785184,0.20879942136857782,-0.25932660326889784,-0.22734437731436563,-0.2606445849659272,-0.1915211861139278,-0.2472276968373516,-0.18956400508897223,-0.21884683823785064,-0.20879942136857804,3.2271094574302454e-16,0.0038218495999859836,32.0,300000.0,0.03832361516034985,9.0,1.0,1.0,0.0,0.1,30.0,1.146,0.811,-0.201,1.0,1.0,True,FlowControlLab_NACA0018_quasi_steady_pressure,0.85
0.25932660326889856,0.22734437731436383,0.2606445849659313,0.19152118611392158,0.24722769683735676,0.1895640050889689,0.21884683823785184,0.20879942136857782,-0.25932660326889784,-0.22734437731436563,-0.2606445849659272,-0.1915211861139278,-0.2472276968373516,-0.18956400508897223,-0.21884683823785064,-0.20879942136857804,3.2271094574302454e-16,0.0038218495999859836,-2.0,300000.0,0.038950437317784255,9.0,1.0,1.0,0.00812,0.1,30.0,-0.214,0.015,0.003,1.0,1.0,True,FlowControlLab_NACA0018_quasi_steady_pressure,0.85
0.25932660326889856,0.22734437731436383,0.2606445849659313,0.19152118611392158,0.24722769683735676,0.1895640050889689,0.21884683823785184,0.20879942136857782,-0.25932660326889784,-0.22734437731436563,-0.2606445849659272,-0.1915211861139278,-0.2472276968373516,-0.18956400508897223,-0.21884683823785064,-0.20879942136857804,3.2271094574302454e-16,0.0038218495999859836,-1.5,300000.0,0.03901166180758017,9.0,1.0,1.0,0.00813,0.1,30.0,-0.165,0.015,0.004,1.0,1.0,True,FlowControlLab_NACA0018_quasi_steady_pressure,0.85
0.25932660326889856,0.22734437731436383,0.2606445849659313,0.19152118611392158,0.24722769683735676,0.1895640050889689,0.21884683823785184,0.20879942136857782,-0.25932660326889784,-0.22734437731436563,-0.2606445849659272,-0.1915211861139278,-0.2472276968373516,-0.18956400508897223,-0.21884683823785064,-0.20879942136857804,3.2271094574302454e-16,0.0038218495999859836,-1.0,300000.0,0.039055393586005835,9.0,1.0,1.0,0.00813,0.1,30.0,-0.114,0.015,0.005,1.0,1.0,True,FlowControlLab_NACA0018_quasi_steady_pressure,0.85
0.25932660326889856,0.22734437731436383,0.2606445849659313,0.19152118611392158,0.24722769683735676,0.1895640050889689,0.21884683823785184,0.20879942136857782,-0.25932660326889784,-0.22734437731436563,-0.2606445849659272,-0.1915211861139278,-0.2472276968373516,-0.18956400508897223,-0.21884683823785064,-0.20879942136857804,3.2271094574302454e-16,0.0038218495999859836,-0.5,300000.0,0.03898833819241982,9.0,1.0,1.0,0.008100000000000001,0.1,30.0,-0.061,0.015,0.005,1.0,1.0,True,FlowControlLab_NACA0018_quasi_steady_pressure,0.85
0.25932660326889856,0.22734437731436383,0.2606445849659313,0.19152118611392158,0.24722769683735676,0.1895640050889689,0.21884683823785184,0.20879942136857782,-0.25932660326889784,-0.22734437731436563,-0.2606445849659272,-0.1915211861139278,-0.2472276968373516,-0.18956400508897223,-0.21884683823785064,-0.20879942136857804,3.2271094574302454e-16,0.0038218495999859836,0.0,300000.0,0.038941690962099124,9.0,1.0,1.0,0.00807,0.1,30.0,-0.011,0.015,0.006,1.0,1.0,True,FlowControlLab_NACA0018_quasi_steady_pressure,0.85
0.25932660326889856,0.22734437731436383,0.2606445849659313,0.19152118611392158,0.24722769683735676,0.1895640050889689,0.21884683823785184,0.20879942136857782,-0.25932660326889784,-0.22734437731436563,-0.2606445849659272,-0.1915211861139278,-0.2472276968373516,-0.18956400508897223,-0.21884683823785064,-0.20879942136857804,3.2271094574302454e-16,0.0038218495999859836,0.5,300000.0,0.03897376093294461,9.0,1.0,1.0,0.00808,0.1,30.0,0.036,0.015,0.007,1.0,1.0,True,FlowControlLab_NACA0018_quasi_steady_pressure,0.85
0.25932660326889856,0.22734437731436383,0.2606445849659313,0.19152118611392158,0.24722769683735676,0.1895640050889689,0.21884683823785184,0.20879942136857782,-0.25932660326889784,-0.22734437731436563,-0.2606445849659272,-0.1915211861139278,-0.2472276968373516,-0.18956400508897223,-0.21884683823785064,-0.20879942136857804,3.2271094574302454e-16,0.0038218495999859836,1.0,300000.0,0.038970845481049565,9.0,1.0,1.0,0.00809,0.1,30.0,0.083,0.016,0.009,1.0,1.0,True,FlowControlLab_NACA0018_quasi_steady_pressure,0.85
0.25932660326889856,0.22734437731436383,0.2606445849659313,0.19152118611392158,0.24722769683735676,0.1895640050889689,0.21884683823785184,0.20879942136857782,-0.25932660326889784,-0.22734437731436563,-0.2606445849659272,-0.1915211861139278,-0.2472276968373516,-0.18956400508897223,-0.21884683823785064,-0.20879942136857804,3.2271094574302454e-16,0.0038218495999859836,1.5,300000.0,0.03891545189504374,9.0,1.0,1.0,0.008100000000000001,0.1,30.0,0.131,0.017,0.01,1.0,1.0,True,FlowControlLab_NACA0018_quasi_steady_pressure,0.85
0.25932660326889856,0.22734437731436383,0.2606445849659313,0.19152118611392158,0.24722769683735676,0.1895640050889689,0.21884683823785184,0.20879942136857782,-0.25932660326889784,-0.22734437731436563,-0.2606445849659272,-0.1915211861139278,-0.2472276968373516,-0.18956400508897223,-0.21884683823785064,-0.20879942136857804,3.2271094574302454e-16,0.0038218495999859836,2.0,300000.0,0.03888338192419825,9.0,1.0,1.0,0.00809,0.1,30.0,0.177,0.017,0.012,1.0,1.0,True,FlowControlLab_NACA0018_quasi_steady_pressure,0.85
0.25932660326889856,0.22734437731436383,0.2606445849659313,0.19152118611392158,0.24722769683735676,0.1895640050889689,0.21884683823785184,0.20879942136857782,-0.25932660326889784,-0.22734437731436563,-0.2606445849659272,-0.1915211861139278,-0.2472276968373516,-0.18956400508897223,-0.21884683823785064,-0.20879942136857804,3.2271094574302454e-16,0.0038218495999859836,2.5,300000.0,0.03894752186588921,9.0,1.0,1.0,0.00807,0.1,30.0,0.221,0.018,0.013,1.0,1.0,True,FlowControlLab_NACA0018_quasi_steady_pressure,0.85
0.25932660326889856,0.22734437731436383,0.2606445849659313,0.19152118611392158,0.24722769683735676,0.1895640050889689,0.21884683823785184,0.20879942136857782,-0.25932660326889784,-0.22734437731436563,-0.2606445849659272,-0.1915211861139278,-0.2472276968373516,-0.18956400508897223,-0.21884683823785064,-0.20879942136857804,3.2271094574302454e-16,0.0038218495999859836,3.0,300000.0,0.038959183673469386,9.0,1.0,1.0,0.00807,0.1,30.0,0.265,0.019,0.016,1.0,1.0,True,FlowControlLab_NACA0018_quasi_steady_pressure,0.85
0.25932660326889856,0.22734437731436383,0.2606445849659313,0.19152118611392158,0.24722769683735676,0.1895640050889689,0.21884683823785184,0.20879942136857782,-0.25932660326889784,-0.22734437731436563,-0.2606445849659272,-0.1915211861139278,-0.2472276968373516,-0.18956400508897223,-0.21884683823785064,-0.20879942136857804,3.2271094574302454e-16,0.0038218495999859836,3.5,300000.0,0.03893586005830904,9.0,1.0,1.0,0.00808,0.1,30.0,0.307,0.019,0.018,1.0,1.0,True,FlowControlLab_NACA0018_quasi_steady_pressure,0.85
0.25932660326889856,0.22734437731436383,0.2606445849659313,0.19152118611392158,0.24722769683735676,0.1895640050889689,0.21884683823785184,0.20879942136857782,-0.25932660326889784,-0.22734437731436563,-0.2606445849659272,-0.1915211861139278,-0.2472276968373516,-0.18956400508897223,-0.21884683823785064,-0.20879942136857804,3.2271094574302454e-16,0.0038218495999859836,4.0,300000.0,0.03893002915451895,9.0,1.0,1.0,0.00808,0.1,30.0,0.349,0.021,0.02,1.0,1.0,True,FlowControlLab_NACA0018_quasi_steady_pressure,0.85
0.25932660326889856,0.22734437731436383,0.2606445849659313,0.19152118611392158,0.24722769683735676,0.1895640050889689,0.21884683823785184,0.20879942136857782,-0.25932660326889784,-0.22734437731436563,-0.2606445849659272,-0.1915211861139278,-0.2472276968373516,-0.18956400508897223,-0.21884683823785064,-0.20879942136857804,3.2271094574302454e-16,0.0038218495999859836,4.5,300000.0,0.03893586005830904,9.0,1.0,1.0,0.008100000000000001,0.1,30.0,0.395,0.022,0.021,1.0,1.0,True,FlowControlLab_NACA0018_quasi_steady_pressure,0.85
0.25932660326889856,0.22734437731436383,0.2606445849659313,0.19152118611392158,0.24722769683735676,0.1895640050889689,0.21884683823785184,0.20879942136857782,-0.25932660326889784,-0.22734437731436563,-0.2606445849659272,-0.1915211861139278,-0.2472276968373516,-0.18956400508897223,-0.21884683823785064,-0.20879942136857804,3.2271094574302454e-16,0.0038218495999859836,5.0,300000.0,0.038962099125364434,9.0,1.0,1.0,0.008110000000000001,0.1,30.0,0.446,0.023,0.02,1.0,1.0,True,FlowControlLab_NACA0018_quasi_steady_pressure,0.85
0.25932660326889856,0.22734437731436383,0.2606445849659313,0.19152118611392158,0.24722769683735676,0.1895640050889689,0.21884683823785184,0.20879942136857782,-0.25932660326889784,-0.22734437731436563,-0.2606445849659272,-0.1915211861139278,-0.2472276968373516,-0.18956400508897223,-0.21884683823785064,-0.20879942136857804,3.2271094574302454e-16,0.0038218495999859836,5.5,300000.0,0.03893877551020408,9.0,1.0,1.0,0.008100000000000001,0.1,30.0,0.501,0.025,0.018,1.0,1.0,True,FlowControlLab_NACA0018_quasi_steady_pressure,0.85
0.25932660326889856,0.22734437731436383,0.2606445849659313,0.19152118611392158,0.24722769683735676,0.1895640050889689,0.21884683823785184,0.20879942136857782,-0.25932660326889784,-0.22734437731436563,-0.2606445849659272,-0.1915211861139278,-0.2472276968373516,-0.18956400508897223,-0.21884683823785064,-0.20879942136857804,3.2271094574302454e-16,0.0038218495999859836,6.0,300000.0,0.03889795918367347,9.0,1.0,1.0,0.008110000000000001,0.1,30.0,0.55,0.028,0.016,1.0,1.0,True,FlowControlLab_NACA0018_quasi_steady_pressure,0.85
0.25932660326889856,0.22734437731436383,0.2606445849659313,0.19152118611392158,0.24722769683735676,0.1895640050889689,0.21884683823785184,0.20879942136857782,-0.25932660326889784,-0.22734437731436563,-0.2606445849659272,-0.1915211861139278,-0.2472276968373516,-0.18956400508897223,-0.21884683823785064,-0.20879942136857804,3.2271094574302454e-16,0.0038218495999859836,6.5,300000.0,0.03890379008746356,9.0,1.0,1.0,0.00812,0.1,30.0,0.587,0.03,0.015,1.0,1.0,True,FlowControlLab_NACA0018_quasi_steady_pressure,0.85
0.25932660326889856,0.22734437731436383,0.2606445849659313,0.19152118611392158,0.24722769683735676,0.1895640050889689,0.21884683823785184,0.20879942136857782,-0.25932660326889784,-0.22734437731436563,-0.2606445849659272,-0.1915211861139278,-0.2472276968373516,-0.18956400508897223,-0.21884683823785064,-0.20879942136857804,3.2271094574302454e-16,0.0038218495999859836,7.0,300000.0,0.03891253644314869,9.0,1.0,1.0,0.008110000000000001,0.1,30.0,0.612,0.034,0.015,1.0,1.0,True,FlowControlLab_NACA0018_quasi_steady_pressure,0.85
0.25932660326889856,0.22734437731436383,0.2606445849659313,0.19152118611392158,0.24722769683735676,0.1895640050889689,0.21884683823785184,0.20879942136857782,-0.25932660326889784,-0.22734437731436563,-0.2606445849659272,-0.1915211861139278,-0.2472276968373516,-0.18956400508897223,-0.21884683823785064,-0.20879942136857804,3.2271094574302454e-16,0.0038218495999859836,7.5,300000.0,0.03893002915451895,9.0,1.0,1.0,0.00812,0.1,30.0,0.633,0.038,0.014,1.0,1.0,True,FlowControlLab_NACA0018_quasi_steady_pressure,0.85
0.25932660326889856,0.22734437731436383,0.2606445849659313,0.19152118611392158,0.24722769683735676,0.1895640050889689,0.21884683823785184,0.20879942136857782,-0.25932660326889784,-0.22734437731436563,-0.2606445849659272,-0.1915211861139278,-0.2472276968373516,-0.18956400508897223,-0.21884683823785064,-0.20879942136857804,3.2271094574302454e-16,0.0038218495999859836,8.0,300000.0,0.03894460641399417,9.0,1.0,1.0,0.00812,0.1,30.0,0.647,0.044,0.011,1.0,1.0,True,FlowControlLab_NACA0018_quasi_steady_pressure,0.85
0.25932660326889856,0.22734437731436383,0.2606445849659313,0.19152118611392158,0.24722769683735676,0.1895640050889689,0.21884683823785184,0.20879942136857782,-0.25932660326889784,-0.22734437731436563,-0.2606445849659272,-0.1915211861139278,-0.2472276968373516,-0.18956400508897223,-0.21884683823785064,-0.20879942136857804,3.2271094574302454e-16,0.0038218495999859836,8.5,300000.0,0.0389533527696793,9.0,1.0,1.0,0.00813,0.1,30.0,0.656,0.052,0.005,1.0,1.0,True,FlowControlLab_NACA0018_quasi_steady_pressure,0.85
0.25932660326889856,0.22734437731436383,0.2606445849659313,0.19152118611392158,0.24722769683735676,0.1895640050889689,0.21884683823785184,0.20879942136857782,-0.25932660326889784,-0.22734437731436563,-0.2606445849659272,-0.1915211861139278,-0.2472276968373516,-0.18956400508897223,-0.21884683823785064,-0.20879942136857804,3.2271094574302454e-16,0.0038218495999859836,9.0,300000.0,0.03898250728862974,9.0,1.0,1.0,0.00812,0.1,30.0,0.66,0.062,-0.002,1.0,1.0,True,FlowControlLab_NACA0018_quasi_steady_pressure,0.85
0.25932660326889856,0.22734437731436383,0.2606445849659313,0.19152118611392158,0.24722769683735676,0.1895640050889689,0.21884683823785184,0.20879942136857782,-0.25932660326889784,-0.22734437731436563,-0.2606445849659272,-0.1915211861139278,-0.2472276968373516,-0.18956400508897223,-0.21884683823785064,-0.20879942136857804,3.2271094574302454e-16,0.0038218495999859836,9.5,300000.0,0.03897376093294461,9.0,1.0,1.0,0.008100000000000001,0.1,30.0,0.664,0.073,-0.01,1.0,1.0,True,FlowControlLab_NACA0018_quasi_steady_pressure,0.85
0.25932660326889856,0.22734437731436383,0.2606445849659313,0.19152118611392158,0.24722769683735676,0.1895640050889689,0.21884683823785184,0.20879942136857782,-0.25932660326889784,-0.22734437731436563,-0.2606445849659272,-0.1915211861139278,-0.2472276968373516,-0.18956400508897223,-0.21884683823785064,-0.20879942136857804,3.2271094574302454e-16,0.0038218495999859836,10.0,300000.0,0.03898250728862974,9.0,1.0,1.0,0.00808,0.1,30.0,0.656,0.087,-0.018,1.0,1.0,True,FlowControlLab_NACA0018_quasi_steady_pressure,0.85
0.25932660326889856,0.22734437731436383,0.2606445849659313,0.19152118611392158,0.24722769683735676,0.1895640050889689,0.21884683823785184,0.20879942136857782,-0.25932660326889784,-0.22734437731436563,-0.2606445849659272,-0.1915211861139278,-0.2472276968373516,-0.18956400508897223,-0.21884683823785064,-0.20879942136857804,3.2271094574302454e-16,0.0038218495999859836,10.5,300000.0,0.03901457725947522,9.0,1.0,1.0,0.00809,0.1,30.0,0.636,0.102,-0.026,1.0,1.0,True,FlowControlLab_NACA0018_quasi_steady_pressure,0.85
0.25932660326889856,0.22734437731436383,0.2606445849659313,0.19152118611392158,0.24722769683735676,0.1895640050889689,0.21884683823785184,0.20879942136857782,-0.25932660326889784,-0.22734437731436563,-0.2606445849659272,-0.1915211861139278,-0.2472276968373516,-0.18956400508897223,-0.21884683823785064,-0.20879942136857804,3.2271094574302454e-16,0.0038218495999859836,11.0,300000.0,0.039058309037900876,9.0,1.0,1.0,0.008100000000000001,0.1,30.0,0.628,0.113,-0.031,1.0,1.0,True,FlowControlLab_NACA0018_quasi_steady_pressure,0.85
0.25932660326889856,0.22734437731436383,0.2606445849659313,0.19152118611392158,0.24722769683735676,0.1895640050889689,0.21884683823785184,0.20879942136857782,-0.25932660326889784,-0.22734437731436563,-0.2606445849659272,-0.1915211861139278,-0.2472276968373516,-0.18956400508897223,-0.21884683823785064,-0.20879942136857804,3.2271094574302454e-16,0.0038218495999859836,11.5,300000.0,0.039034985422740524,9.0,1.0,1.0,0.00808,0.1,30.0,0.619,0.123,-0.034,1.0,1.0,True,FlowControlLab_NACA0018_quasi_steady_pressure,0.85
0.25932660326889856,0.22734437731436383,0.2606445849659313,0.19152118611392158,0.24722769683735676,0.1895640050889689,0.21884683823785184,0.20879942136857782,-0.25932660326889784,-0.22734437731436563,-0.2606445849659272,-0.1915211861139278,-0.2472276968373516,-0.18956400508897223,-0.21884683823785064,-0.20879942136857804,3.2271094574302454e-16,0.0038218495999859836,12.0,300000.0,0.03891836734693878,9.0,1.0,1.0,0.00809,0.1,30.0,0.608,0.133,-0.037,1.0,1.0,True,FlowControlLab_NACA0018_quasi_steady_pressure,0.85
0.25932660326889856,0.22734437731436383,0.2606445849659313,0.19152118611392158,0.24722769683735676,0.1895640050889689,0.21884683823785184,0.20879942136857782,-0.25932660326889784,-0.22734437731436563,-0.2606445849659272,-0.1915211861139278,-0.2472276968373516,-0.18956400508897223,-0.21884683823785064,-0.20879942136857804,3.2271094574302454e-16,0.0038218495999859836,12.5,300000.0,0.03884548104956268,9.0,1.0,1.0,0.00807,0.1,30.0,0.594,0.141,-0.039,1.0,1.0,True,FlowControlLab_NACA0018_quasi_steady_pressure,0.85
0.25932660326889856,0.22734437731436383,0.2606445849659313,0.19152118611392158,0.24722769683735676,0.1895640050889689,0.21884683823785184,0.20879942136857782,-0.25932660326889784,-0.22734437731436563,-0.2606445849659272,-0.1915211861139278,-0.2472276968373516,-0.18956400508897223,-0.21884683823785064,-0.20879942136857804,3.2271094574302454e-16,0.0038218495999859836,13.0,300000.0,0.03882798833819242,9.0,1.0,1.0,0.00807,0.1,30.0,0.582,0.149,-0.039,1.0,1.0,True,FlowControlLab_NACA0018_quasi_steady_pressure,0.85
0.25932660326889856,0.22734437731436383,0.2606445849659313,0.19152118611392158,0.24722769683735676,0.1895640050889689,0.21884683823785184,0.20879942136857782,-0.25932660326889784,-0.22734437731436563,-0.2606445849659272,-0.1915211861139278,-0.2472276968373516,-0.18956400508897223,-0.21884683823785064,-0.20879942136857804,3.2271094574302454e-16,0.0038218495999859836,13.5,300000.0,0.03883090379008747,9.0,1.0,1.0,0.008110000000000001,0.1,30.0,0.586,0.158,-0.041,1.0,1.0,True,FlowControlLab_NACA0018_quasi_steady_pressure,0.85
0.25932660326889856,0.22734437731436383,0.2606445849659313,0.19152118611392158,0.24722769683735676,0.1895640050889689,0.21884683823785184,0.20879942136857782,-0.25932660326889784,-0.22734437731436563,-0.2606445849659272,-0.1915211861139278,-0.2472276968373516,-0.18956400508897223,-0.21884683823785064,-0.20879942136857804,3.2271094574302454e-16,0.0038218495999859836,14.0,300000.0,0.03879591836734694,9.0,1.0,1.0,0.008110000000000001,0.1,30.0,0.592,0.168,-0.043,1.0,1.0,True,FlowControlLab_NACA0018_quasi_steady_pressure,0.85
0.25932660326889856,0.22734437731436383,0.2606445849659313,0.19152118611392158,0.24722769683735676,0.1895640050889689,0.21884683823785184,0.20879942136857782,-0.25932660326889784,-0.22734437731436563,-0.2606445849659272,-0.1915211861139278,-0.2472276968373516,-0.18956400508897223,-0.21884683823785064,-0.20879942136857804,3.2271094574302454e-16,0.0038218495999859836,14.5,300000.0,0.038804664723032074,9.0,1.0,1.0,0.00809,0.1,30.0,0.594,0.178,-0.046,1.0,1.0,True,FlowControlLab_NACA0018_quasi_steady_pressure,0.85
0.25932660326889856,0.22734437731436383,0.2606445849659313,0.19152118611392158,0.24722769683735676,0.1895640050889689,0.21884683823785184,0.20879942136857782,-0.25932660326889784,-0.22734437731436563,-0.2606445849659272,-0.1915211861139278,-0.2472276968373516,-0.18956400508897223,-0.21884683823785064,-0.20879942136857804,3.2271094574302454e-16,0.0038218495999859836,15.0,300000.0,0.0388600583090379,9.0,1.0,1.0,0.00807,0.1,30.0,0.595,0.187,-0.048,1.0,1.0,True,FlowControlLab_NACA0018_quasi_steady_pressure,0.85
0.25932660326889856,0.22734437731436383,0.2606445849659313,0.19152118611392158,0.24722769683735676,0.1895640050889689,0.21884683823785184,0.20879942136857782,-0.25932660326889784,-0.22734437731436563,-0.2606445849659272,-0.1915211861139278,-0.2472276968373516,-0.18956400508897223,-0.21884683823785064,-0.20879942136857804,3.2271094574302454e-16,0.0038218495999859836,15.5,300000.0,0.03893877551020408,9.0,1.0,1.0,0.00807,0.1,30.0,0.596,0.194,-0.048,1.0,1.0,True,FlowControlLab_NACA0018_quasi_steady_pressure,0.85
0.25932660326889856,0.22734437731436383,0.2606445849659313,0.19152118611392158,0.24722769683735676,0.1895640050889689,0.21884683823785184,0.20879942136857782,-0.25932660326889784,-0.22734437731436563,-0.2606445849659272,-0.1915211861139278,-0.2472276968373516,-0.18956400508897223,-0.21884683823785064,-0.20879942136857804,3.2271094574302454e-16,0.0038218495999859836,16.0,300000.0,0.03897376093294461,9.0,1.0,1.0,0.00807,0.1,30.0,0.598,0.202,-0.049,1.0,1.0,True,FlowControlLab_NACA0018_quasi_steady_pressure,0.85
0.25932660326889856,0.22734437731436383,0.2606445849659313,0.19152118611392158,0.24722769683735676,0.1895640050889689,0.21884683823785184,0.20879942136857782,-0.25932660326889784,-0.22734437731436563,-0.2606445849659272,-0.1915211861139278,-0.2472276968373516,-0.18956400508897223,-0.21884683823785064,-0.20879942136857804,3.2271094574302454e-16,0.0038218495999859836,16.5,300000.0,0.03893877551020408,9.0,1.0,1.0,0.008100000000000001,0.1,30.0,0.606,0.211,-0.051,1.0,1.0,True,FlowControlLab_NACA0018_quasi_steady_pressure,0.85
0.25932660326889856,0.22734437731436383,0.2606445849659313,0.19152118611392158,0.24722769683735676,0.1895640050889689,0.21884683823785184,0.20879942136857782,-0.25932660326889784,-0.22734437731436563,-0.2606445849659272,-0.1915211861139278,-0.2472276968373516,-0.18956400508897223,-0.21884683823785064,-0.20879942136857804,3.2271094574302454e-16,0.0038218495999859836,17.0,300000.0,0.038941690962099124,9.0,1.0,1.0,0.00814,0.1,30.0,0.61,0.222,-0.052,1.0,1.0,True,FlowControlLab_NACA0018_quasi_steady_pressure,0.85
0.25932660326889856,0.22734437731436383,0.2606445849659313,0.19152118611392158,0.24722769683735676,0.1895640050889689,0.21884683823785184,0.20879942136857782,-0.25932660326889784,-0.22734437731436563,-0.2606445849659272,-0.1915211861139278,-0.2472276968373516,-0.18956400508897223,-0.21884683823785064,-0.20879942136857804,3.2271094574302454e-16,0.0038218495999859836,17.5,300000.0,0.03894752186588921,9.0,1.0,1.0,0.00814,0.1,30.0,0.611,0.23,-0.053,1.0,1.0,True,FlowControlLab_NACA0018_quasi_steady_pressure,0.85
0.25932660326889856,0.22734437731436383,0.2606445849659313,0.19152118611392158,0.24722769683735676,0.1895640050889689,0.21884683823785184,0.20879942136857782,-0.25932660326889784,-0.22734437731436563,-0.2606445849659272,-0.1915211861139278,-0.2472276968373516,-0.18956400508897223,-0.21884683823785064,-0.20879942136857804,3.2271094574302454e-16,0.0038218495999859836,18.0,300000.0,0.038970845481049565,9.0,1.0,1.0,0.00809,0.1,30.0,0.614,0.237,-0.053,1.0,1.0,True,FlowControlLab_NACA0018_quasi_steady_pressure,0.85
0.25932660326889856,0.22734437731436383,0.2606445849659313,0.19152118611392158,0.24722769683735676,0.1895640050889689,0.21884683823785184,0.20879942136857782,-0.25932660326889784,-0.22734437731436563,-0.2606445849659272,-0.1915211861139278,-0.2472276968373516,-0.18956400508897223,-0.21884683823785064,-0.20879942136857804,3.2271094574302454e-16,0.0038218495999859836,18.5,300000.0,0.038950437317784255,9.0,1.0,1.0,0.008060000000000001,0.1,30.0,0.613,0.245,-0.054,1.0,1.0,True,FlowControlLab_NACA0018_quasi_steady_pressure,0.85
0.25932660326889856,0.22734437731436383,0.2606445849659313,0.19152118611392158,0.24722769683735676,0.1895640050889689,0.21884683823785184,0.20879942136857782,-0.25932660326889784,-0.22734437731436563,-0.2606445849659272,-0.1915211861139278,-0.2472276968373516,-0.18956400508897223,-0.21884683823785064,-0.20879942136857804,3.2271094574302454e-16,0.0038218495999859836,19.0,300000.0,0.03890379008746356,9.0,1.0,1.0,0.00808,0.1,30.0,0.625,0.256,-0.056,1.0,1.0,True,FlowControlLab_NACA0018_quasi_steady_pressure,0.85
0.25932660326889856,0.22734437731436383,0.2606445849659313,0.19152118611392158,0.24722769683735676,0.1895640050889689,0.21884683823785184,0.20879942136857782,-0.25932660326889784,-0.22734437731436563,-0.2606445849659272,-0.1915211861139278,-0.2472276968373516,-0.18956400508897223,-0.21884683823785064,-0.20879942136857804,3.2271094574302454e-16,0.0038218495999859836,19.5,300000.0,0.03888629737609329,9.0,1.0,1.0,0.008110000000000001,0.1,30.0,0.652,0.267,-0.058,1.0,1.0,True,FlowControlLab_NACA0018_quasi_steady_pressure,0.85
0.25932660326889856,0.22734437731436383,0.2606445849659313,0.19152118611392158,0.24722769683735676,0.1895640050889689,0.21884683823785184,0.20879942136857782,-0.25932660326889784,-0.22734437731436563,-0.2606445849659272,-0.1915211861139278,-0.2472276968373516,-0.18956400508897223,-0.21884683823785064,-0.20879942136857804,3.2271094574302454e-16,0.0038218495999859836,20.0,300000.0,0.03885422740524781,9.0,1.0,1.0,0.008100000000000001,0.1,30.0,0.667,0.278,-0.06,1.0,1.0,True,FlowControlLab_NACA0018_quasi_steady_pressure,0.85
0.25932660326889856,0.22734437731436383,0.2606445849659313,0.19152118611392158,0.24722769683735676,0.1895640050889689,0.21884683823785184,0.20879942136857782,-0.25932660326889784,-0.22734437731436563,-0.2606445849659272,-0.1915211861139278,-0.2472276968373516,-0.18956400508897223,-0.21884683823785064,-0.20879942136857804,3.2271094574302454e-16,0.0038218495999859836,20.5,300000.0,0.03888921282798834,9.0,1.0,1.0,0.00808,0.1,30.0,0.685,0.286,-0.061,1.0,1.0,True,FlowControlLab_NACA0018_quasi_steady_pressure,0.85
0.25932660326889856,0.22734437731436383,0.2606445849659313,0.19152118611392158,0.24722769683735676,0.1895640050889689,0.21884683823785184,0.20879942136857782,-0.25932660326889784,-0.22734437731436563,-0.2606445849659272,-0.1915211861139278,-0.2472276968373516,-0.18956400508897223,-0.21884683823785064,-0.20879942136857804,3.2271094574302454e-16,0.0038218495999859836,21.0,300000.0,0.0388600583090379,9.0,1.0,1.0,0.008100000000000001,0.1,30.0,0.708,0.294,-0.06,1.0,1.0,True,FlowControlLab_NACA0018_quasi_steady_pressure,0.85
0.25932660326889856,0.22734437731436383,0.2606445849659313,0.19152118611392158,0.24722769683735676,0.1895640050889689,0.21884683823785184,0.20879942136857782,-0.25932660326889784,-0.22734437731436563,-0.2606445849659272,-0.1915211861139278,-0.2472276968373516,-0.18956400508897223,-0.21884683823785064,-0.20879942136857804,3.2271094574302454e-16,0.0038218495999859836,21.5,300000.0,0.03876967930029154,9.0,1.0,1.0,0.00813,0.1,30.0,0.739,0.308,-0.063,1.0,1.0,True,FlowControlLab_NACA0018_quasi_steady_pressure,0.85
0.25932660326889856,0.22734437731436383,0.2606445849659313,0.19152118611392158,0.24722769683735676,0.1895640050889689,0.21884683823785184,0.20879942136857782,-0.25932660326889784,-0.22734437731436563,-0.2606445849659272,-0.1915211861139278,-0.2472276968373516,-0.18956400508897223,-0.21884683823785064,-0.20879942136857804,3.2271094574302454e-16,0.0038218495999859836,22.0,300000.0,0.038790087463556853,9.0,1.0,1.0,0.00812,0.1,30.0,0.772,0.32,-0.066,1.0,1.0,True,FlowControlLab_NACA0018_quasi_steady_pressure,0.85
0.25932660326889856,0.22734437731436383,0.2606445849659313,0.19152118611392158,0.24722769683735676,0.1895640050889689,0.21884683823785184,0.20879942136857782,-0.25932660326889784,-0.22734437731436563,-0.2606445849659272,-0.1915211861139278,-0.2472276968373516,-0.18956400508897223,-0.21884683823785064,-0.20879942136857804,3.2271094574302454e-16,0.0038218495999859836,22.5,300000.0,0.038807580174927116,9.0,1.0,1.0,0.008110000000000001,0.1,30.0,0.791,0.333,-0.069,1.0,1.0,True,FlowControlLab_NACA0018_quasi_steady_pressure,0.85
0.25932660326889856,0.22734437731436383,0.2606445849659313,0.19152118611392158,0.24722769683735676,0.1895640050889689,0.21884683823785184,0.20879942136857782,-0.25932660326889784,-0.22734437731436563,-0.2606445849659272,-0.1915211861139278,-0.2472276968373516,-0.18956400508897223,-0.21884683823785064,-0.20879942136857804,3.2271094574302454e-16,0.0038218495999859836,23.0,300000.0,0.038801749271137026,9.0,1.0,1.0,0.00813,0.1,30.0,0.801,0.358,-0.077,1.0,1.0,True,FlowControlLab_NACA0018_quasi_steady_pressure,0.85
0.25932660326889856,0.22734437731436383,0.2606445849659313,0.19152118611392158,0.24722769683735676,0.1895640050889689,0.21884683823785184,0.20879942136857782,-0.25932660326889784,-0.22734437731436563,-0.2606445849659272,-0.1915211861139278,-0.2472276968373516,-0.18956400508897223,-0.21884683823785064,-0.20879942136857804,3.2271094574302454e-16,0.0038218495999859836,23.5,300000.0,0.038804664723032074,9.0,1.0,1.0,0.00814,0.1,30.0,0.783,0.382,-0.084,1.0,1.0,True,FlowControlLab_NACA0018_quasi_steady_pressure,0.85
0.25932660326889856,0.22734437731436383,0.2606445849659313,0.19152118611392158,0.24722769683735676,0.1895640050889689,0.21884683823785184,0.20879942136857782,-0.25932660326889784,-0.22734437731436563,-0.2606445849659272,-0.1915211861139278,-0.2472276968373516,-0.18956400508897223,-0.21884683823785064,-0.20879942136857804,3.2271094574302454e-16,0.0038218495999859836,24.0,300000.0,0.03884256559766764,9.0,1.0,1.0,0.00815,0.1,30.0,0.785,0.399,-0.089,1.0,1.0,True,FlowControlLab_NACA0018_quasi_steady_pressure,0.85
0.25932660326889856,0.22734437731436383,0.2606445849659313,0.19152118611392158,0.24722769683735676,0.1895640050889689,0.21884683823785184,0.20879942136857782,-0.25932660326889784,-0.22734437731436563,-0.2606445849659272,-0.1915211861139278,-0.2472276968373516,-0.18956400508897223,-0.21884683823785064,-0.20879942136857804,3.2271094574302454e-16,0.0038218495999859836,24.5,300000.0,0.03882507288629738,9.0,1.0,1.0,0.00815,0.1,30.0,0.808,0.416,-0.093,1.0,1.0,True,FlowControlLab_NACA0018_quasi_steady_pressure,0.85
0.25932660326889856,0.22734437731436383,0.2606445849659313,0.19152118611392158,0.24722769683735676,0.1895640050889689,0.21884683823785184,0.20879942136857782,-0.25932660326889784,-0.22734437731436563,-0.2606445849659272,-0.1915211861139278,-0.2472276968373516,-0.18956400508897223,-0.21884683823785064,-0.20879942136857804,3.2271094574302454e-16,0.0038218495999859836,25.0,300000.0,0.03875218658892128,9.0,1.0,1.0,0.008159999999999999,0.1,30.0,0.813,0.43,-0.096,1.0,1.0,True,FlowControlLab_NACA0018_quasi_steady_pressure,0.85
0.25932660326889856,0.22734437731436383,0.2606445849659313,0.19152118611392158,0.24722769683735676,0.1895640050889689,0.21884683823785184,0.20879942136857782,-0.25932660326889784,-0.22734437731436563,-0.2606445849659272,-0.1915211861139278,-0.2472276968373516,-0.18956400508897223,-0.21884683823785064,-0.20879942136857804,3.2271094574302454e-16,0.0038218495999859836,25.5,300000.0,0.038723032069970846,9.0,1.0,1.0,0.00818,0.1,30.0,0.836,0.45,-0.101,1.0,1.0,True,FlowControlLab_NACA0018_quasi_steady_pressure,0.85
0.25932660326889856,0.22734437731436383,0.2606445849659313,0.19152118611392158,0.24722769683735676,0.1895640050889689,0.21884683823785184,0.20879942136857782,-0.25932660326889784,-0.22734437731436563,-0.2606445849659272,-0.1915211861139278,-0.2472276968373516,-0.18956400508897223,-0.21884683823785064,-0.20879942136857804,3.2271094574302454e-16,0.0038218495999859836,26.0,300000.0,0.03874635568513119,9.0,1.0,1.0,0.00818,0.1,30.0,0.88,0.481,-0.111,1.0,1.0,True,FlowControlLab_NACA0018_quasi_steady_pressure,0.85
0.25932660326889856,0.22734437731436383,0.2606445849659313,0.19152118611392158,0.24722769683735676,0.1895640050889689,0.21884683823785184,0.20879942136857782,-0.25932660326889784,-0.22734437731436563,-0.2606445849659272,-0.1915211861139278,-0.2472276968373516,-0.18956400508897223,-0.21884683823785064,-0.20879942136857804,3.2271094574302454e-16,0.0038218495999859836,26.5,300000.0,0.038772594752186584,9.0,1.0,1.0,0.00817,0.1,30.0,0.896,0.5,-0.115,1.0,1.0,True,FlowControlLab_NACA0018_quasi_steady_pressure,0.85
0.25932660326889856,0.22734437731436383,0.2606445849659313,0.19152118611392158,0.24722769683735676,0.1895640050889689,0.21884683823785184,0.20879942136857782,-0.25932660326889784,-0.22734437731436563,-0.2606445849659272,-0.1915211861139278,-0.2472276968373516,-0.18956400508897223,-0.21884683823785064,-0.20879942136857804,3.2271094574302454e-16,0.0038218495999859836,27.0,300000.0,0.038711370262390674,9.0,1.0,1.0,0.00817,0.1,30.0,0.912,0.518,-0.12,1.0,1.0,True,FlowControlLab_NACA0018_quasi_steady_pressure,0.85
0.25932660326889856,0.22734437731436383,0.2606445849659313,0.19152118611392158,0.24722769683735676,0.1895640050889689,0.21884683823785184,0.20879942136857782,-0.25932660326889784,-0.22734437731436563,-0.2606445849659272,-0.1915211861139278,-0.2472276968373516,-0.18956400508897223,-0.21884683823785064,-0.20879942136857804,3.2271094574302454e-16,0.0038218495999859836,27.5,300000.0,0.03872594752186589,9.0,1.0,1.0,0.00819,0.1,30.0,0.935,0.543,-0.128,1.0,1.0,True,FlowControlLab_NACA0018_quasi_steady_pressure,0.85
0.25932660326889856,0.22734437731436383,0.2606445849659313,0.19152118611392158,0.24722769683735676,0.1895640050889689,0.21884683823785184,0.20879942136857782,-0.25932660326889784,-0.22734437731436563,-0.2606445849659272,-0.1915211861139278,-0.2472276968373516,-0.18956400508897223,-0.21884683823785064,-0.20879942136857804,3.2271094574302454e-16,0.0038218495999859836,28.0,300000.0,0.03873760932944607,9.0,1.0,1.0,0.00822,0.1,30.0,0.935,0.556,-0.128,1.0,1.0,True,FlowControlLab_NACA0018_quasi_steady_pressure,0.85
0.25932660326889856,0.22734437731436383,0.2606445849659313,0.19152118611392158,0.24722769683735676,0.1895640050889689,0.21884683823785184,0.20879942136857782,-0.25932660326889784,-0.22734437731436563,-0.2606445849659272,-0.1915211861139278,-0.2472276968373516,-0.18956400508897223,-0.21884683823785064,-0.20879942136857804,3.2271094574302454e-16,0.0038218495999859836,28.5,300000.0,0.03866763848396501,9.0,1.0,1.0,0.00822,0.1,30.0,0.955,0.579,-0.134,1.0,1.0,True,FlowControlLab_NACA0018_quasi_steady_pressure,0.85
0.25932660326889856,0.22734437731436383,0.2606445849659313,0.19152118611392158,0.24722769683735676,0.1895640050889689,0.21884683823785184,0.20879942136857782,-0.25932660326889784,-0.22734437731436563,-0.2606445849659272,-0.1915211861139278,-0.2472276968373516,-0.18956400508897223,-0.21884683823785064,-0.20879942136857804,3.2271094574302454e-16,0.0038218495999859836,29.0,300000.0,0.0386064139941691,9.0,1.0,1.0,0.00818,0.1,30.0,0.989,0.608,-0.144,1.0,1.0,True,FlowControlLab_NACA0018_quasi_steady_pressure,0.85
0.25932660326889856,0.22734437731436383,0.2606445849659313,0.19152118611392158,0.24722769683735676,0.1895640050889689,0.21884683823785184,0.20879942136857782,-0.25932660326889784,-0.22734437731436563,-0.2606445849659272,-0.1915211861139278,-0.2472276968373516,-0.18956400508897223,-0.21884683823785064,-0.20879942136857804,3.2271094574302454e-16,0.0038218495999859836,29.5,300000.0,0.038521865889212824,9.0,1.0,1.0,0.008199999999999999,0.1,30.0,1.016,0.636,-0.152,1.0,1.0,True,FlowControlLab_NACA0018_quasi_steady_pressure,0.85
0.25932660326889856,0.22734437731436383,0.2606445849659313,0.19152118611392158,0.24722769683735676,0.1895640050889689,0.21884683823785184,0.20879942136857782,-0.25932660326889784,-0.22734437731436563,-0.2606445849659272,-0.1915211861139278,-0.2472276968373516,-0.18956400508897223,-0.21884683823785064,-0.20879942136857804,3.2271094574302454e-16,0.0038218495999859836,30.0,300000.0,0.03849271137026239,9.0,1.0,1.0,0.00825,0.1,30.0,1.04,0.661,-0.157,1.0,1.0,True,FlowControlLab_NACA0018_quasi_steady_pressure,0.85
0.25932660326889856,0.22734437731436383,0.2606445849659313,0.19152118611392158,0.24722769683735676,0.1895640050889689,0.21884683823785184,0.20879942136857782,-0.25932660326889784,-0.22734437731436563,-0.2606445849659272,-0.1915211861139278,-0.2472276968373516,-0.18956400508897223,-0.21884683823785064,-0.20879942136857804,3.2271094574302454e-16,0.0038218495999859836,30.5,300000.0,0.03851603498542274,9.0,1.0,1.0,0.00825,0.1,30.0,1.057,0.683,-0.162,1.0,1.0,True,FlowControlLab_NACA0018_quasi_steady_pressure,0.85
0.25932660326889856,0.22734437731436383,0.2606445849659313,0.19152118611392158,0.24722769683735676,0.1895640050889689,0.21884683823785184,0.20879942136857782,-0.25932660326889784,-0.22734437731436563,-0.2606445849659272,-0.1915211861139278,-0.2472276968373516,-0.18956400508897223,-0.21884683823785064,-0.20879942136857804,3.2271094574302454e-16,0.0038218495999859836,31.0,300000.0,0.038478134110787175,9.0,1.0,1.0,0.00826,0.1,30.0,1.094,0.717,-0.173,1.0,1.0,True,FlowControlLab_NACA0018_quasi_steady_pressure,0.85
0.25932660326889856,0.22734437731436383,0.2606445849659313,0.19152118611392158,0.24722769683735676,0.1895640050889689,0.21884683823785184,0.20879942136857782,-0.25932660326889784,-0.22734437731436563,-0.2606445849659272,-0.1915211861139278,-0.2472276968373516,-0.18956400508897223,-0.21884683823785064,-0.20879942136857804,3.2271094574302454e-16,0.0038218495999859836,31.5,300000.0,0.038379008746355685,9.0,1.0,1.0,0.00828,0.1,30.0,1.114,0.743,-0.179,1.0,1.0,True,FlowControlLab_NACA0018_quasi_steady_pressure,0.85
0.25932660326889856,0.22734437731436383,0.2606445849659313,0.19152118611392158,0.24722769683735676,0.1895640050889689,0.21884683823785184,0.20879942136857782,-0.25932660326889784,-0.22734437731436563,-0.2606445849659272,-0.1915211861139278,-0.2472276968373516,-0.18956400508897223,-0.21884683823785064,-0.20879942136857804,3.2271094574302454e-16,0.0038218495999859836,32.0,300000.0,0.03832361516034985,9.0,1.0,1.0,0.008289999999999999,0.1,30.0,1.132,0.768,-0.185,1.0,1.0,True,FlowControlLab_NACA0018_quasi_steady_pressure,0.85
0.25932660326889856,0.22734437731436383,0.2606445849659313,0.19152118611392158,0.24722769683735676,0.1895640050889689,0.21884683823785184,0.20879942136857782,-0.25932660326889784,-0.22734437731436563,-0.2606445849659272,-0.1915211861139278,-0.2472276968373516,-0.18956400508897223,-0.21884683823785064,-0.20879942136857804,3.2271094574302454e-16,0.0038218495999859836,-2.0,300000.0,0.038950437317784255,9.0,1.0,1.0,0.00808,0.1,30.0,-0.212,0.015,0.004,1.0,1.0,True,FlowControlLab_NACA0018_quasi_steady_pressure,0.85
0.25932660326889856,0.22734437731436383,0.2606445849659313,0.19152118611392158,0.24722769683735676,0.1895640050889689,0.21884683823785184,0.20879942136857782,-0.25932660326889784,-0.22734437731436563,-0.2606445849659272,-0.1915211861139278,-0.2472276968373516,-0.18956400508897223,-0.21884683823785064,-0.20879942136857804,3.2271094574302454e-16,0.0038218495999859836,-1.5,300000.0,0.03901166180758017,9.0,1.0,1.0,0.00808,0.1,30.0,-0.161,0.015,0.005,1.0,1.0,True,FlowControlLab_NACA0018_quasi_steady_pressure,0.85
0.25932660326889856,0.22734437731436383,0.2606445849659313,0.19152118611392158,0.24722769683735676,0.1895640050889689,0.21884683823785184,0.20879942136857782,-0.25932660326889784,-0.22734437731436563,-0.2606445849659272,-0.1915211861139278,-0.2472276968373516,-0.18956400508897223,-0.21884683823785064,-0.20879942136857804,3.2271094574302454e-16,0.0038218495999859836,-1.0,300000.0,0.039055393586005835,9.0,1.0,1.0,0.008100000000000001,0.1,30.0,-0.11,0.015,0.005,1.0,1.0,True,FlowControlLab_NACA0018_quasi_steady_pressure,0.85
0.25932660326889856,0.22734437731436383,0.2606445849659313,0.19152118611392158,0.24722769683735676,0.1895640050889689,0.21884683823785184,0.20879942136857782,-0.25932660326889784,-0.22734437731436563,-0.2606445849659272,-0.1915211861139278,-0.2472276968373516,-0.18956400508897223,-0.21884683823785064,-0.20879942136857804,3.2271094574302454e-16,0.0038218495999859836,-0.5,300000.0,0.03898833819241982,9.0,1.0,1.0,0.008100000000000001,0.1,30.0,-0.058,0.015,0.005,1.0,1.0,True,FlowControlLab_NACA0018_quasi_steady_pressure,0.85
0.25932660326889856,0.22734437731436383,0.2606445849659313,0.19152118611392158,0.24722769683735676,0.1895640050889689,0.21884683823785184,0.20879942136857782,-0.25932660326889784,-0.22734437731436563,-0.2606445849659272,-0.1915211861139278,-0.2472276968373516,-0.18956400508897223,-0.21884683823785064,-0.20879942136857804,3.2271094574302454e-16,0.0038218495999859836,0.0,300000.0,0.038941690962099124,9.0,1.0,1.0,0.008110000000000001,0.1,30.0,-0.008,0.015,0.006,1.0,1.0,True,FlowControlLab_NACA0018_quasi_steady_pressure,0.85
0.25932660326889856,0.22734437731436383,0.2606445849659313,0.19152118611392158,0.24722769683735676,0.1895640050889689,0.21884683823785184,0.20879942136857782,-0.25932660326889784,-0.22734437731436563,-0.2606445849659272,-0.1915211861139278,-0.2472276968373516,-0.18956400508897223,-0.21884683823785064,-0.20879942136857804,3.2271094574302454e-16,0.0038218495999859836,0.5,300000.0,0.03897376093294461,9.0,1.0,1.0,0.00812,0.1,30.0,0.04,0.015,0.008,1.0,1.0,True,FlowControlLab_NACA0018_quasi_steady_pressure,0.85
0.25932660326889856,0.22734437731436383,0.2606445849659313,0.19152118611392158,0.24722769683735676,0.1895640050889689,0.21884683823785184,0.20879942136857782,-0.25932660326889784,-0.22734437731436563,-0.2606445849659272,-0.1915211861139278,-0.2472276968373516,-0.18956400508897223,-0.21884683823785064,-0.20879942136857804,3.2271094574302454e-16,0.0038218495999859836,1.0,300000.0,0.038970845481049565,9.0,1.0,1.0,0.00809,0.1,30.0,0.087,0.016,0.009,1.0,1.0,True,FlowControlLab_NACA0018_quasi_steady_pressure,0.85
0.25932660326889856,0.22734437731436383,0.2606445849659313,0.19152118611392158,0.24722769683735676,0.1895640050889689,0.21884683823785184,0.20879942136857782,-0.25932660326889784,-0.22734437731436563,-0.2606445849659272,-0.1915211861139278,-0.2472276968373516,-0.18956400508897223,-0.21884683823785064,-0.20879942136857804,3.2271094574302454e-16,0.0038218495999859836,1.5,300000.0,0.03891545189504374,9.0,1.0,1.0,0.008100000000000001,0.1,30.0,0.133,0.016,0.01,1.0,1.0,True,FlowControlLab_NACA0018_quasi_steady_pressure,0.85
0.25932660326889856,0.22734437731436383,0.2606445849659313,0.19152118611392158,0.24722769683735676,0.1895640050889689,0.21884683823785184,0.20879942136857782,-0.25932660326889784,-0.22734437731436563,-0.2606445849659272,-0.1915211861139278,-0.2472276968373516,-0.18956400508897223,-0.21884683823785064,-0.20879942136857804,3.2271094574302454e-16,0.0038218495999859836,2.0,300000.0,0.03888338192419825,9.0,1.0,1.0,0.00807,0.1,30.0,0.179,0.017,0.012,1.0,1.0,True,FlowControlLab_NACA0018_quasi_steady_pressure,0.85
0.25932660326889856,0.22734437731436383,0.2606445849659313,0.19152118611392158,0.24722769683735676,0.1895640050889689,0.21884683823785184,0.20879942136857782,-0.25932660326889784,-0.22734437731436563,-0.2606445849659272,-0.1915211861139278,-0.2472276968373516,-0.18956400508897223,-0.21884683823785064,-0.20879942136857804,3.2271094574302454e-16,0.0038218495999859836,2.5,300000.0,0.03894752186588921,9.0,1.0,1.0,0.00807,0.1,30.0,0.224,0.018,0.014,1.0,1.0,True,FlowControlLab_NACA0018_quasi_steady_pressure,0.85
0.25932660326889856,0.22734437731436383,0.2606445849659313,0.19152118611392158,0.24722769683735676,0.1895640050889689,0.21884683823785184,0.20879942136857782,-0.25932660326889784,-0.22734437731436563,-0.2606445849659272,-0.1915211861139278,-0.2472276968373516,-0.18956400508897223,-0.21884683823785064,-0.20879942136857804,3.2271094574302454e-16,0.0038218495999859836,3.0,300000.0,0.038959183673469386,9.0,1.0,1.0,0.008100000000000001,0.1,30.0,0.268,0.019,0.016,1.0,1.0,True,FlowControlLab_NACA0018_quasi_steady_pressure,0.85
0.25932660326889856,0.22734437731436383,0.2606445849659313,0.19152118611392158,0.24722769683735676,0.1895640050889689,0.21884683823785184,0.20879942136857782,-0.25932660326889784,-0.22734437731436563,-0.2606445849659272,-0.1915211861139278,-0.2472276968373516,-0.18956400508897223,-0.21884683823785064,-0.20879942136857804,3.2271094574302454e-16,0.0038218495999859836,3.5,300000.0,0.03893586005830904,9.0,1.0,1.0,0.00809,0.1,30.0,0.31,0.02,0.018,1.0,1.0,True,FlowControlLab_NACA0018_quasi_steady_pressure,0.85
0.25932660326889856,0.22734437731436383,0.2606445849659313,0.19152118611392158,0.24722769683735676,0.1895640050889689,0.21884683823785184,0.20879942136857782,-0.25932660326889784,-0.22734437731436563,-0.2606445849659272,-0.1915211861139278,-0.2472276968373516,-0.18956400508897223,-0.21884683823785064,-0.20879942136857804,3.2271094574302454e-16,0.0038218495999859836,4.0,300000.0,0.03893002915451895,9.0,1.0,1.0,0.00809,0.1,30.0,0.353,0.021,0.02,1.0,1.0,True,FlowControlLab_NACA0018_quasi_steady_pressure,0.85
0.25932660326889856,0.22734437731436383,0.2606445849659313,0.19152118611392158,0.24722769683735676,0.1895640050889689,0.21884683823785184,0.20879942136857782,-0.25932660326889784,-0.22734437731436563,-0.2606445849659272,-0.1915211861139278,-0.2472276968373516,-0.18956400508897223,-0.21884683823785064,-0.20879942136857804,3.2271094574302454e-16,0.0038218495999859836,4.5,300000.0,0.03893586005830904,9.0,1.0,1.0,0.00807,0.1,30.0,0.397,0.022,0.021,1.0,1.0,True,FlowControlLab_NACA0018_quasi_steady_pressure,0.85
0.25932660326889856,0.22734437731436383,0.2606445849659313,0.19152118611392158,0.24722769683735676,0.1895640050889689,0.21884683823785184,0.20879942136857782,-0.25932660326889784,-0.22734437731436563,-0.2606445849659272,-0.1915211861139278,-0.2472276968373516,-0.18956400508897223,-0.21884683823785064,-0.20879942136857804,3.2271094574302454e-16,0.0038218495999859836,5.0,300000.0,0.038962099125364434,9.0,1.0,1.0,0.008060000000000001,0.1,30.0,0.448,0.023,0.02,1.0,1.0,True,FlowControlLab_NACA0018_quasi_steady_pressure,0.85
0.25932660326889856,0.22734437731436383,0.2606445849659313,0.19152118611392158,0.24722769683735676,0.1895640050889689,0.21884683823785184,0.20879942136857782,-0.25932660326889784,-0.22734437731436563,-0.2606445849659272,-0.1915211861139278,-0.2472276968373516,-0.18956400508897223,-0.21884683823785064,-0.20879942136857804,3.2271094574302454e-16,0.0038218495999859836,5.5,300000.0,0.03893877551020408,9.0,1.0,1.0,0.008060000000000001,0.1,30.0,0.503,0.025,0.018,1.0,1.0,True,FlowControlLab_NACA0018_quasi_steady_pressure,0.85
0.25932660326889856,0.22734437731436383,0.2606445849659313,0.19152118611392158,0.24722769683735676,0.1895640050889689,0.21884683823785184,0.20879942136857782,-0.25932660326889784,-0.22734437731436563,-0.2606445849659272,-0.1915211861139278,-0.2472276968373516,-0.18956400508897223,-0.21884683823785064,-0.20879942136857804,3.2271094574302454e-16,0.0038218495999859836,6.0,300000.0,0.03889795918367347,9.0,1.0,1.0,0.00808,0.1,30.0,0.551,0.027,0.016,1.0,1.0,True,FlowControlLab_NACA0018_quasi_steady_pressure,0.85
0.25932660326889856,0.22734437731436383,0.2606445849659313,0.19152118611392158,0.24722769683735676,0.1895640050889689,0.21884683823785184,0.20879942136857782,-0.25932660326889784,-0.22734437731436563,-0.2606445849659272,-0.1915211861139278,-0.2472276968373516,-0.18956400508897223,-0.21884683823785064,-0.20879942136857804,3.2271094574302454e-16,0.0038218495999859836,6.5,300000.0,0.03890379008746356,9.0,1.0,1.0,0.008110000000000001,0.1,30.0,0.588,0.03,0.016,1.0,1.0,True,FlowControlLab_NACA0018_quasi_steady_pressure,0.85
0.25932660326889856,0.22734437731436383,0.2606445849659313,0.19152118611392158,0.24722769683735676,0.1895640050889689,0.21884683823785184,0.20879942136857782,-0.25932660326889784,-0.22734437731436563,-0.2606445849659272,-0.1915211861139278,-0.2472276968373516,-0.18956400508897223,-0.21884683823785064,-0.20879942136857804,3.2271094574302454e-16,0.0038218495999859836,7.0,300000.0,0.03891253644314869,9.0,1.0,1.0,0.008110000000000001,0.1,30.0,0.608,0.034,0.015,1.0,1.0,True,FlowControlLab_NACA0018_quasi_steady_pressure,0.85
0.25932660326889856,0.22734437731436383,0.2606445849659313,0.19152118611392158,0.24722769683735676,0.1895640050889689,0.21884683823785184,0.20879942136857782,-0.25932660326889784,-0.22734437731436563,-0.2606445849659272,-0.1915211861139278,-0.2472276968373516,-0.18956400508897223,-0.21884683823785064,-0.20879942136857804,3.2271094574302454e-16,0.0038218495999859836,7.5,300000.0,0.03893002915451895,9.0,1.0,1.0,0.008100000000000001,0.1,30.0,0.623,0.038,0.014,1.0,1.0,True,FlowControlLab_NACA0018_quasi_steady_pressure,0.85
0.25932660326889856,0.22734437731436383,0.2606445849659313,0.19152118611392158,0.24722769683735676,0.1895640050889689,0.21884683823785184,0.20879942136857782,-0.25932660326889784,-0.22734437731436563,-0.2606445849659272,-0.1915211861139278,-0.2472276968373516,-0.18956400508897223,-0.21884683823785064,-0.20879942136857804,3.2271094574302454e-16,0.0038218495999859836,8.0,300000.0,0.03894460641399417,9.0,1.0,1.0,0.00808,0.1,30.0,0.637,0.044,0.01,1.0,1.0,True,FlowControlLab_NACA0018_quasi_steady_pressure,0.85
0.25932660326889856,0.22734437731436383,0.2606445849659313,0.19152118611392158,0.24722769683735676,0.1895640050889689,0.21884683823785184,0.20879942136857782,-0.25932660326889784,-0.22734437731436563,-0.2606445849659272,-0.1915211861139278,-0.2472276968373516,-0.18956400508897223,-0.21884683823785064,-0.20879942136857804,3.2271094574302454e-16,0.0038218495999859836,8.5,300000.0,0.0389533527696793,9.0,1.0,1.0,0.00807,0.1,30.0,0.65,0.051,0.005,1.0,1.0,True,FlowControlLab_NACA0018_quasi_steady_pressure,0.85
0.25932660326889856,0.22734437731436383,0.2606445849659313,0.19152118611392158,0.24722769683735676,0.1895640050889689,0.21884683823785184,0.20879942136857782,-0.25932660326889784,-0.22734437731436563,-0.2606445849659272,-0.1915211861139278,-0.2472276968373516,-0.18956400508897223,-0.21884683823785064,-0.20879942136857804,3.2271094574302454e-16,0.0038218495999859836,9.0,300000.0,0.03898250728862974,9.0,1.0,1.0,0.00808,0.1,30.0,0.653,0.061,-0.001,1.0,1.0,True,FlowControlLab_NACA0018_quasi_steady_pressure,0.85
0.25932660326889856,0.22734437731436383,0.2606445849659313,0.19152118611392158,0.24722769683735676,0.1895640050889689,0.21884683823785184,0.20879942136857782,-0.25932660326889784,-0.22734437731436563,-0.2606445849659272,-0.1915211861139278,-0.2472276968373516,-0.18956400508897223,-0.21884683823785064,-0.20879942136857804,3.2271094574302454e-16,0.0038218495999859836,9.5,300000.0,0.03897376093294461,9.0,1.0,1.0,0.00808,0.1,30.0,0.65,0.074,-0.01,1.0,1.0,True,FlowControlLab_NACA0018_quasi_steady_pressure,0.85
0.25932660326889856,0.22734437731436383,0.2606445849659313,0.19152118611392158,0.24722769683735676,0.1895640050889689,0.21884683823785184,0.20879942136857782,-0.25932660326889784,-0.22734437731436563,-0.2606445849659272,-0.1915211861139278,-0.2472276968373516,-0.18956400508897223,-0.21884683823785064,-0.20879942136857804,3.2271094574302454e-16,0.0038218495999859836,10.0,300000.0,0.03898250728862974,9.0,1.0,1.0,0.00808,0.1,30.0,0.637,0.089,-0.02,1.0,1.0,True,FlowControlLab_NACA0018_quasi_steady_pressure,0.85
0.25932660326889856,0.22734437731436383,0.2606445849659313,0.19152118611392158,0.24722769683735676,0.1895640050889689,0.21884683823785184,0.20879942136857782,-0.25932660326889784,-0.22734437731436563,-0.2606445849659272,-0.1915211861139278,-0.2472276968373516,-0.18956400508897223,-0.21884683823785064,-0.20879942136857804,3.2271094574302454e-16,0.0038218495999859836,10.5,300000.0,0.03901457725947522,9.0,1.0,1.0,0.008100000000000001,0.1,30.0,0.62,0.103,-0.026,1.0,1.0,True,FlowControlLab_NACA0018_quasi_steady_pressure,0.85
0.25932660326889856,0.22734437731436383,0.2606445849659313,0.19152118611392158,0.24722769683735676,0.1895640050889689,0.21884683823785184,0.20879942136857782,-0.25932660326889784,-0.22734437731436563,-0.2606445849659272,-0.1915211861139278,-0.2472276968373516,-0.18956400508897223,-0.21884683823785064,-0.20879942136857804,3.2271094574302454e-16,0.0038218495999859836,11.0,300000.0,0.039058309037900876,9.0,1.0,1.0,0.008100000000000001,0.1,30.0,0.62,0.114,-0.031,1.0,1.0,True,FlowControlLab_NACA0018_quasi_steady_pressure,0.85
0.25932660326889856,0.22734437731436383,0.2606445849659313,0.19152118611392158,0.24722769683735676,0.1895640050889689,0.21884683823785184,0.20879942136857782,-0.25932660326889784,-0.22734437731436563,-0.2606445849659272,-0.1915211861139278,-0.2472276968373516,-0.18956400508897223,-0.21884683823785064,-0.20879942136857804,3.2271094574302454e-16,0.0038218495999859836,11.5,300000.0,0.039034985422740524,9.0,1.0,1.0,0.008110000000000001,0.1,30.0,0.614,0.125,-0.036,1.0,1.0,True,FlowControlLab_NACA0018_quasi_steady_pressure,0.85
0.25932660326889856,0.22734437731436383,0.2606445849659313,0.19152118611392158,0.24722769683735676,0.1895640050889689,0.21884683823785184,0.20879942136857782,-0.25932660326889784,-0.22734437731436563,-0.2606445849659272,-0.1915211861139278,-0.2472276968373516,-0.18956400508897223,-0.21884683823785064,-0.20879942136857804,3.2271094574302454e-16,0.0038218495999859836,12.0,300000.0,0.03891836734693878,9.0,1.0,1.0,0.00812,0.1,30.0,0.607,0.134,-0.038,1.0,1.0,True,FlowControlLab_NACA0018_quasi_steady_pressure,0.85
0.25932660326889856,0.22734437731436383,0.2606445849659313,0.19152118611392158,0.24722769683735676,0.1895640050889689,0.21884683823785184,0.20879942136857782,-0.25932660326889784,-0.22734437731436563,-0.2606445849659272,-0.1915211861139278,-0.2472276968373516,-0.18956400508897223,-0.21884683823785064,-0.20879942136857804,3.2271094574302454e-16,0.0038218495999859836,12.5,300000.0,0.03884548104956268,9.0,1.0,1.0,0.00813,0.1,30.0,0.592,0.141,-0.039,1.0,1.0,True,FlowControlLab_NACA0018_quasi_steady_pressure,0.85
0.25932660326889856,0.22734437731436383,0.2606445849659313,0.19152118611392158,0.24722769683735676,0.1895640050889689,0.21884683823785184,0.20879942136857782,-0.25932660326889784,-0.22734437731436563,-0.2606445849659272,-0.1915211861139278,-0.2472276968373516,-0.18956400508897223,-0.21884683823785064,-0.20879942136857804,3.2271094574302454e-16,0.0038218495999859836,13.0,300000.0,0.03882798833819242,9.0,1.0,1.0,0.00812,0.1,30.0,0.576,0.147,-0.038,1.0,1.0,True,FlowControlLab_NACA0018_quasi_steady_pressure,0.85
0.25932660326889856,0.22734437731436383,0.2606445849659313,0.19152118611392158,0.24722769683735676,0.1895640050889689,0.21884683823785184,0.20879942136857782,-0.25932660326889784,-0.22734437731436563,-0.2606445849659272,-0.1915211861139278,-0.2472276968373516,-0.18956400508897223,-0.21884683823785064,-0.20879942136857804,3.2271094574302454e-16,0.0038218495999859836,13.5,300000.0,0.03883090379008747,9.0,1.0,1.0,0.00808,0.1,30.0,0.584,0.157,-0.04,1.0,1.0,True,FlowControlLab_NACA0018_quasi_steady_pressure,0.85
0.25932660326889856,0.22734437731436383,0.2606445849659313,0.19152118611392158,0.24722769683735676,0.1895640050889689,0.21884683823785184,0.20879942136857782,-0.25932660326889784,-0.22734437731436563,-0.2606445849659272,-0.1915211861139278,-0.2472276968373516,-0.18956400508897223,-0.21884683823785064,-0.20879942136857804,3.2271094574302454e-16,0.0038218495999859836,14.0,300000.0,0.03879591836734694,9.0,1.0,1.0,0.00808,0.1,30.0,0.587,0.167,-0.042,1.0,1.0,True,FlowControlLab_NACA0018_quasi_steady_pressure,0.85
0.25932660326889856,0.22734437731436383,0.2606445849659313,0.19152118611392158,0.24722769683735676,0.1895640050889689,0.21884683823785184,0.20879942136857782,-0.25932660326889784,-0.22734437731436563,-0.2606445849659272,-0.1915211861139278,-0.2472276968373516,-0.18956400508897223,-0.21884683823785064,-0.20879942136857804,3.2271094574302454e-16,0.0038218495999859836,14.5,300000.0,0.038804664723032074,9.0,1.0,1.0,0.00808,0.1,30.0,0.583,0.174,-0.043,1.0,1.0,True,FlowControlLab_NACA0018_quasi_steady_pressure,0.85
0.25932660326889856,0.22734437731436383,0.2606445849659313,0.19152118611392158,0.24722769683735676,0.1895640050889689,0.21884683823785184,0.20879942136857782,-0.25932660326889784,-0.22734437731436563,-0.2606445849659272,-0.1915211861139278,-0.2472276968373516,-0.18956400508897223,-0.21884683823785064,-0.20879942136857804,3.2271094574302454e-16,0.0038218495999859836,15.0,300000.0,0.0388600583090379,9.0,1.0,1.0,0.008060000000000001,0.1,30.0,0.594,0.185,-0.047,1.0,1.0,True,FlowControlLab_NACA0018_quasi_steady_pressure,0.85
0.25932660326889856,0.22734437731436383,0.2606445849659313,0.19152118611392158,0.24722769683735676,0.1895640050889689,0.21884683823785184,0.20879942136857782,-0.25932660326889784,-0.22734437731436563,-0.2606445849659272,-0.1915211861139278,-0.2472276968373516,-0.18956400508897223,-0.21884683823785064,-0.20879942136857804,3.2271094574302454e-16,0.0038218495999859836,15.5,300000.0,0.03893877551020408,9.0,1.0,1.0,0.008060000000000001,0.1,30.0,0.602,0.196,-0.05,1.0,1.0,True,FlowControlLab_NACA0018_quasi_steady_pressure,0.85
0.25932660326889856,0.22734437731436383,0.2606445849659313,0.19152118611392158,0.24722769683735676,0.1895640050889689,0.21884683823785184,0.20879942136857782,-0.25932660326889784,-0.22734437731436563,-0.2606445849659272,-0.1915211861139278,-0.2472276968373516,-0.18956400508897223,-0.21884683823785064,-0.20879942136857804,3.2271094574302454e-16,0.0038218495999859836,16.0,300000.0,0.03897376093294461,9.0,1.0,1.0,0.00807,0.1,30.0,0.595,0.203,-0.05,1.0,1.0,True,FlowControlLab_NACA0018_quasi_steady_pressure,0.85
0.25932660326889856,0.22734437731436383,0.2606445849659313,0.19152118611392158,0.24722769683735676,0.1895640050889689,0.21884683823785184,0.20879942136857782,-0.25932660326889784,-0.22734437731436563,-0.2606445849659272,-0.1915211861139278,-0.2472276968373516,-0.18956400508897223,-0.21884683823785064,-0.20879942136857804,3.2271094574302454e-16,0.0038218495999859836,16.5,300000.0,0.03893877551020408,9.0,1.0,1.0,0.00807,0.1,30.0,0.596,0.21,-0.049,1.0,1.0,True,FlowControlLab_NACA0018_quasi_steady_pressure,0.85
0.25932660326889856,0.22734437731436383,0.2606445849659313,0.19152118611392158,0.24722769683735676,0.1895640050889689,0.21884683823785184,0.20879942136857782,-0.25932660326889784,-0.22734437731436563,-0.2606445849659272,-0.1915211861139278,-0.2472276968373516,-0.18956400508897223,-0.21884683823785064,-0.20879942136857804,3.2271094574302454e-16,0.0038218495999859836,17.0,300000.0,0.038941690962099124,9.0,1.0,1.0,0.008060000000000001,0.1,30.0,0.599,0.219,-0.051,1.0,1.0,True,FlowControlLab_NACA0018_quasi_steady_pressure,0.85
0.25932660326889856,0.22734437731436383,0.2606445849659313,0.19152118611392158,0.24722769683735676,0.1895640050889689,0.21884683823785184,0.20879942136857782,-0.25932660326889784,-0.22734437731436563,-0.2606445849659272,-0.1915211861139278,-0.2472276968373516,-0.18956400508897223,-0.21884683823785064,-0.20879942136857804,3.2271094574302454e-16,0.0038218495999859836,17.5,300000.0,0.03894752186588921,9.0,1.0,1.0,0.00804,0.1,30.0,0.597,0.227,-0.051,1.0,1.0,True,FlowControlLab_NACA0018_quasi_steady_pressure,0.85
0.25932660326889856,0.22734437731436383,0.2606445849659313,0.19152118611392158,0.24722769683735676,0.1895640050889689,0.21884683823785184,0.20879942136857782,-0.25932660326889784,-0.22734437731436563,-0.2606445849659272,-0.1915211861139278,-0.2472276968373516,-0.18956400508897223,-0.21884683823785064,-0.20879942136857804,3.2271094574302454e-16,0.0038218495999859836,18.0,300000.0,0.038970845481049565,9.0,1.0,1.0,0.00805,0.1,30.0,0.602,0.235,-0.052,1.0,1.0,True,FlowControlLab_NACA0018_quasi_steady_pressure,0.85
0.25932660326889856,0.22734437731436383,0.2606445849659313,0.19152118611392158,0.24722769683735676,0.1895640050889689,0.21884683823785184,0.20879942136857782,-0.25932660326889784,-0.22734437731436563,-0.2606445849659272,-0.1915211861139278,-0.2472276968373516,-0.18956400508897223,-0.21884683823785064,-0.20879942136857804,3.2271094574302454e-16,0.0038218495999859836,18.5,300000.0,0.038950437317784255,9.0,1.0,1.0,0.00807,0.1,30.0,0.624,0.247,-0.054,1.0,1.0,True,FlowControlLab_NACA0018_quasi_steady_pressure,0.85
0.25932660326889856,0.22734437731436383,0.2606445849659313,0.19152118611392158,0.24722769683735676,0.1895640050889689,0.21884683823785184,0.20879942136857782,-0.25932660326889784,-0.22734437731436563,-0.2606445849659272,-0.1915211861139278,-0.2472276968373516,-0.18956400508897223,-0.21884683823785064,-0.20879942136857804,3.2271094574302454e-16,0.0038218495999859836,19.0,300000.0,0.03890379008746356,9.0,1.0,1.0,0.00808,0.1,30.0,0.653,0.256,-0.056,1.0,1.0,True,FlowControlLab_NACA0018_quasi_steady_pressure,0.85
0.25932660326889856,0.22734437731436383,0.2606445849659313,0.19152118611392158,0.24722769683735676,0.1895640050889689,0.21884683823785184,0.20879942136857782,-0.25932660326889784,-0.22734437731436563,-0.2606445849659272,-0.1915211861139278,-0.2472276968373516,-0.18956400508897223,-0.21884683823785064,-0.20879942136857804,3.2271094574302454e-16,0.0038218495999859836,19.5,300000.0,0.03888629737609329,9.0,1.0,1.0,0.00808,0.1,30.0,0.667,0.264,-0.056,1.0,1.0,True,FlowControlLab_NACA0018_quasi_steady_pressure,0.85
0.25932660326889856,0.22734437731436383,0.2606445849659313,0.19152118611392158,0.24722769683735676,0.1895640050889689,0.21884683823785184,0.20879942136857782,-0.25932660326889784,-0.22734437731436563,-0.2606445849659272,-0.1915211861139278,-0.2472276968373516,-0.18956400508897223,-0.21884683823785064,-0.20879942136857804,3.2271094574302454e-16,0.0038218495999859836,20.0,300000.0,0.03885422740524781,9.0,1.0,1.0,0.00809,0.1,30.0,0.673,0.274,-0.057,1.0,1.0,True,FlowControlLab_NACA0018_quasi_steady_pressure,0.85
0.25932660326889856,0.22734437731436383,0.2606445849659313,0.19152118611392158,0.24722769683735676,0.1895640050889689,0.21884683823785184,0.20879942136857782,-0.25932660326889784,-0.22734437731436563,-0.2606445849659272,-0.1915211861139278,-0.2472276968373516,-0.18956400508897223,-0.21884683823785064,-0.20879942136857804,3.2271094574302454e-16,0.0038218495999859836,20.5,300000.0,0.03888921282798834,9.0,1.0,1.0,0.008110000000000001,0.1,30.0,0.68,0.282,-0.057,1.0,1.0,True,FlowControlLab_NACA0018_quasi_steady_pressure,0.85
0.25932660326889856,0.22734437731436383,0.2606445849659313,0.19152118611392158,0.24722769683735676,0.1895640050889689,0.21884683823785184,0.20879942136857782,-0.25932660326889784,-0.22734437731436563,-0.2606445849659272,-0.1915211861139278,-0.2472276968373516,-0.18956400508897223,-0.21884683823785064,-0.20879942136857804,3.2271094574302454e-16,0.0038218495999859836,21.0,300000.0,0.0388600583090379,9.0,1.0,1.0,0.00813,0.1,30.0,0.711,0.289,-0.056,1.0,1.0,True,FlowControlLab_NACA0018_quasi_steady_pressure,0.85
0.25932660326889856,0.22734437731436383,0.2606445849659313,0.19152118611392158,0.24722769683735676,0.1895640050889689,0.21884683823785184,0.20879942136857782,-0.25932660326889784,-0.22734437731436563,-0.2606445849659272,-0.1915211861139278,-0.2472276968373516,-0.18956400508897223,-0.21884683823785064,-0.20879942136857804,3.2271094574302454e-16,0.0038218495999859836,21.5,300000.0,0.03876967930029154,9.0,1.0,1.0,0.00814,0.1,30.0,0.771,0.306,-0.061,1.0,1.0,True,FlowControlLab_NACA0018_quasi_steady_pressure,0.85
0.25932660326889856,0.22734437731436383,0.2606445849659313,0.19152118611392158,0.24722769683735676,0.1895640050889689,0.21884683823785184,0.20879942136857782,-0.25932660326889784,-0.22734437731436563,-0.2606445849659272,-0.1915211861139278,-0.2472276968373516,-0.18956400508897223,-0.21884683823785064,-0.20879942136857804,3.2271094574302454e-16,0.0038218495999859836,22.0,300000.0,0.038790087463556853,9.0,1.0,1.0,0.00813,0.1,30.0,0.783,0.321,-0.066,1.0,1.0,True,FlowControlLab_NACA0018_quasi_steady_pressure,0.85
0.25932660326889856,0.22734437731436383,0.2606445849659313,0.19152118611392158,0.24722769683735676,0.1895640050889689,0.21884683823785184,0.20879942136857782,-0.25932660326889784,-0.22734437731436563,-0.2606445849659272,-0.1915211861139278,-0.2472276968373516,-0.18956400508897223,-0.21884683823785064,-0.20879942136857804,3.2271094574302454e-16,0.0038218495999859836,22.5,300000.0,0.038807580174927116,9.0,1.0,1.0,0.00815,0.1,30.0,0.764,0.336,-0.07,1.0,1.0,True,FlowControlLab_NACA0018_quasi_steady_pressure,0.85
0.25932660326889856,0.22734437731436383,0.2606445849659313,0.19152118611392158,0.24722769683735676,0.1895640050889689,0.21884683823785184,0.20879942136857782,-0.25932660326889784,-0.22734437731436563,-0.2606445849659272,-0.1915211861139278,-0.2472276968373516,-0.18956400508897223,-0.21884683823785064,-0.20879942136857804,3.2271094574302454e-16,0.0038218495999859836,23.0,300000.0,0.038801749271137026,9.0,1.0,1.0,0.00812,0.1,30.0,0.746,0.358,-0.078,1.0,1.0,True,FlowControlLab_NACA0018_quasi_steady_pressure,0.85
0.25932660326889856,0.22734437731436383,0.2606445849659313,0.19152118611392158,0.24722769683735676,0.1895640050889689,0.21884683823785184,0.20879942136857782,-0.25932660326889784,-0.22734437731436563,-0.2606445849659272,-0.1915211861139278,-0.2472276968373516,-0.18956400508897223,-0.21884683823785064,-0.20879942136857804,3.2271094574302454e-16,0.0038218495999859836,23.5,300000.0,0.038804664723032074,9.0,1.0,1.0,0.00809,0.1,30.0,0.754,0.381,-0.085,1.0,1.0,True,FlowControlLab_NACA0018_quasi_steady_pressure,0.85
0.25932660326889856,0.22734437731436383,0.2606445849659313,0.19152118611392158,0.24722769683735676,0.1895640050889689,0.21884683823785184,0.20879942136857782,-0.25932660326889784,-0.22734437731436563,-0.2606445849659272,-0.1915211861139278,-0.2472276968373516,-0.18956400508897223,-0.21884683823785064,-0.20879942136857804,3.2271094574302454e-16,0.0038218495999859836,24.0,300000.0,0.03884256559766764,9.0,1.0,1.0,0.008100000000000001,0.1,30.0,0.782,0.399,-0.089,1.0,1.0,True,FlowControlLab_NACA0018_quasi_steady_pressure,0.85
0.25932660326889856,0.22734437731436383,0.2606445849659313,0.19152118611392158,0.24722769683735676,0.1895640050889689,0.21884683823785184,0.20879942136857782,-0.25932660326889784,-0.22734437731436563,-0.2606445849659272,-0.1915211861139278,-0.2472276968373516,-0.18956400508897223,-0.21884683823785064,-0.20879942136857804,3.2271094574302454e-16,0.0038218495999859836,24.5,300000.0,0.03882507288629738,9.0,1.0,1.0,0.00812,0.1,30.0,0.791,0.414,-0.091,1.0,1.0,True,FlowControlLab_NACA0018_quasi_steady_pressure,0.85
0.25932660326889856,0.22734437731436383,0.2606445849659313,0.19152118611392158,0.24722769683735676,0.1895640050889689,0.21884683823785184,0.20879942136857782,-0.25932660326889784,-0.22734437731436563,-0.2606445849659272,-0.1915211861139278,-0.2472276968373516,-0.18956400508897223,-0.21884683823785064,-0.20879942136857804,3.2271094574302454e-16,0.0038218495999859836,25.0,300000.0,0.03875218658892128,9.0,1.0,1.0,0.00815,0.1,30.0,0.814,0.431,-0.095,1.0,1.0,True,FlowControlLab_NACA0018_quasi_steady_pressure,0.85
0.25932660326889856,0.22734437731436383,0.2606445849659313,0.19152118611392158,0.24722769683735676,0.1895640050889689,0.21884683823785184,0.20879942136857782,-0.25932660326889784,-0.22734437731436563,-0.2606445849659272,-0.1915211861139278,-0.2472276968373516,-0.18956400508897223,-0.21884683823785064,-0.20879942136857804,3.2271094574302454e-16,0.0038218495999859836,25.5,300000.0,0.038723032069970846,9.0,1.0,1.0,0.00817,0.1,30.0,0.847,0.454,-0.102,1.0,1.0,True,FlowControlLab_NACA0018_quasi_steady_pressure,0.85
0.25932660326889856,0.22734437731436383,0.2606445849659313,0.19152118611392158,0.24722769683735676,0.1895640050889689,0.21884683823785184,0.20879942136857782,-0.25932660326889784,-0.22734437731436563,-0.2606445849659272,-0.1915211861139278,-0.2472276968373516,-0.18956400508897223,-0.21884683823785064,-0.20879942136857804,3.2271094574302454e-16,0.0038218495999859836,26.0,300000.0,0.03874635568513119,9.0,1.0,1.0,0.00819,0.1,30.0,0.879,0.481,-0.11,1.0,1.0,True,FlowControlLab_NACA0018_quasi_steady_pressure,0.85
0.25932660326889856,0.22734437731436383,0.2606445849659313,0.19152118611392158,0.24722769683735676,0.1895640050889689,0.21884683823785184,0.20879942136857782,-0.25932660326889784,-0.22734437731436563,-0.2606445849659272,-0.1915211861139278,-0.2472276968373516,-0.18956400508897223,-0.21884683823785064,-0.20879942136857804,3.2271094574302454e-16,0.0038218495999859836,26.5,300000.0,0.038772594752186584,9.0,1.0,1.0,0.00817,0.1,30.0,0.888,0.496,-0.114,1.0,1.0,True,FlowControlLab_NACA0018_quasi_steady_pressure,0.85
0.25932660326889856,0.22734437731436383,0.2606445849659313,0.19152118611392158,0.24722769683735676,0.1895640050889689,0.21884683823785184,0.20879942136857782,-0.25932660326889784,-0.22734437731436563,-0.2606445849659272,-0.1915211861139278,-0.2472276968373516,-0.18956400508897223,-0.21884683823785064,-0.20879942136857804,3.2271094574302454e-16,0.0038218495999859836,27.0,300000.0,0.038711370262390674,9.0,1.0,1.0,0.008159999999999999,0.1,30.0,0.89,0.51,-0.116,1.0,1.0,True,FlowControlLab_NACA0018_quasi_steady_pressure,0.85
0.25932660326889856,0.22734437731436383,0.2606445849659313,0.19152118611392158,0.24722769683735676,0.1895640050889689,0.21884683823785184,0.20879942136857782,-0.25932660326889784,-0.22734437731436563,-0.2606445849659272,-0.1915211861139278,-0.2472276968373516,-0.18956400508897223,-0.21884683823785064,-0.20879942136857804,3.2271094574302454e-16,0.0038218495999859836,27.5,300000.0,0.03872594752186589,9.0,1.0,1.0,0.00819,0.1,30.0,0.899,0.527,-0.118,1.0,1.0,True,FlowControlLab_NACA0018_quasi_steady_pressure,0.85
0.25932660326889856,0.22734437731436383,0.2606445849659313,0.19152118611392158,0.24722769683735676,0.1895640050889689,0.21884683823785184,0.20879942136857782,-0.25932660326889784,-0.22734437731436563,-0.2606445849659272,-0.1915211861139278,-0.2472276968373516,-0.18956400508897223,-0.21884683823785064,-0.20879942136857804,3.2271094574302454e-16,0.0038218495999859836,28.0,300000.0,0.03873760932944607,9.0,1.0,1.0,0.00818,0.1,30.0,0.92,0.549,-0.125,1.0,1.0,True,FlowControlLab_NACA0018_quasi_steady_pressure,0.85
0.25932660326889856,0.22734437731436383,0.2606445849659313,0.19152118611392158,0.24722769683735676,0.1895640050889689,0.21884683823785184,0.20879942136857782,-0.25932660326889784,-0.22734437731436563,-0.2606445849659272,-0.1915211861139278,-0.2472276968373516,-0.18956400508897223,-0.21884683823785064,-0.20879942136857804,3.2271094574302454e-16,0.0038218495999859836,28.5,300000.0,0.03866763848396501,9.0,1.0,1.0,0.00821,0.1,30.0,0.955,0.58,-0.134,1.0,1.0,True,FlowControlLab_NACA0018_quasi_steady_pressure,0.85
0.25932660326889856,0.22734437731436383,0.2606445849659313,0.19152118611392158,0.24722769683735676,0.1895640050889689,0.21884683823785184,0.20879942136857782,-0.25932660326889784,-0.22734437731436563,-0.2606445849659272,-0.1915211861139278,-0.2472276968373516,-0.18956400508897223,-0.21884683823785064,-0.20879942136857804,3.2271094574302454e-16,0.0038218495999859836,29.0,300000.0,0.0386064139941691,9.0,1.0,1.0,0.008239999999999999,0.1,30.0,0.984,0.607,-0.142,1.0,1.0,True,FlowControlLab_NACA0018_quasi_steady_pressure,0.85
0.25932660326889856,0.22734437731436383,0.2606445849659313,0.19152118611392158,0.24722769683735676,0.1895640050889689,0.21884683823785184,0.20879942136857782,-0.25932660326889784,-0.22734437731436563,-0.2606445849659272,-0.1915211861139278,-0.2472276968373516,-0.18956400508897223,-0.21884683823785064,-0.20879942136857804,3.2271094574302454e-16,0.0038218495999859836,29.5,300000.0,0.038521865889212824,9.0,1.0,1.0,0.00823,0.1,30.0,1.004,0.63,-0.148,1.0,1.0,True,FlowControlLab_NACA0018_quasi_steady_pressure,0.85
0.25932660326889856,0.22734437731436383,0.2606445849659313,0.19152118611392158,0.24722769683735676,0.1895640050889689,0.21884683823785184,0.20879942136857782,-0.25932660326889784,-0.22734437731436563,-0.2606445849659272,-0.1915211861139278,-0.2472276968373516,-0.18956400508897223,-0.21884683823785064,-0.20879942136857804,3.2271094574302454e-16,0.0038218495999859836,30.0,300000.0,0.03849271137026239,9.0,1.0,1.0,0.008239999999999999,0.1,30.0,1.035,0.659,-0.156,1.0,1.0,True,FlowControlLab_NACA0018_quasi_steady_pressure,0.85
0.25932660326889856,0.22734437731436383,0.2606445849659313,0.19152118611392158,0.24722769683735676,0.1895640050889689,0.21884683823785184,0.20879942136857782,-0.25932660326889784,-0.22734437731436563,-0.2606445849659272,-0.1915211861139278,-0.2472276968373516,-0.18956400508897223,-0.21884683823785064,-0.20879942136857804,3.2271094574302454e-16,0.0038218495999859836,30.5,300000.0,0.03851603498542274,9.0,1.0,1.0,0.00826,0.1,30.0,1.069,0.692,-0.166,1.0,1.0,True,FlowControlLab_NACA0018_quasi_steady_pressure,0.85
0.25932660326889856,0.22734437731436383,0.2606445849659313,0.19152118611392158,0.24722769683735676,0.1895640050889689,0.21884683823785184,0.20879942136857782,-0.25932660326889784,-0.22734437731436563,-0.2606445849659272,-0.1915211861139278,-0.2472276968373516,-0.18956400508897223,-0.21884683823785064,-0.20879942136857804,3.2271094574302454e-16,0.0038218495999859836,31.0,300000.0,0.038478134110787175,9.0,1.0,1.0,0.008289999999999999,0.1,30.0,1.077,0.709,-0.168,1.0,1.0,True,FlowControlLab_NACA0018_quasi_steady_pressure,0.85
0.25932660326889856,0.22734437731436383,0.2606445849659313,0.19152118611392158,0.24722769683735676,0.1895640050889689,0.21884683823785184,0.20879942136857782,-0.25932660326889784,-0.22734437731436563,-0.2606445849659272,-0.1915211861139278,-0.2472276968373516,-0.18956400508897223,-0.21884683823785064,-0.20879942136857804,3.2271094574302454e-16,0.0038218495999859836,31.5,300000.0,0.038379008746355685,9.0,1.0,1.0,0.00828,0.1,30.0,1.099,0.735,-0.176,1.0,1.0,True,FlowControlLab_NACA0018_quasi_steady_pressure,0.85
0.25932660326889856,0.22734437731436383,0.2606445849659313,0.19152118611392158,0.24722769683735676,0.1895640050889689,0.21884683823785184,0.20879942136857782,-0.25932660326889784,-0.22734437731436563,-0.2606445849659272,-0.1915211861139278,-0.2472276968373516,-0.18956400508897223,-0.21884683823785064,-0.20879942136857804,3.2271094574302454e-16,0.0038218495999859836,32.0,300000.0,0.03832361516034985,9.0,1.0,1.0,0.00823,0.1,30.0,1.132,0.768,-0.187,1.0,1.0,True,FlowControlLab_NACA0018_quasi_steady_pressure,0.85
0.25932660326889856,0.22734437731436383,0.2606445849659313,0.19152118611392158,0.24722769683735676,0.1895640050889689,0.21884683823785184,0.20879942136857782,-0.25932660326889784,-0.22734437731436563,-0.2606445849659272,-0.1915211861139278,-0.2472276968373516,-0.18956400508897223,-0.21884683823785064,-0.20879942136857804,3.2271094574302454e-16,0.0038218495999859836,-2.0,300000.0,0.038950437317784255,9.0,1.0,1.0,0.014450000000000001,0.1,30.0,-0.185,0.011,0.0,1.0,1.0,True,FlowControlLab_NACA0018_quasi_steady_pressure,0.85
0.25932660326889856,0.22734437731436383,0.2606445849659313,0.19152118611392158,0.24722769683735676,0.1895640050889689,0.21884683823785184,0.20879942136857782,-0.25932660326889784,-0.22734437731436563,-0.2606445849659272,-0.1915211861139278,-0.2472276968373516,-0.18956400508897223,-0.21884683823785064,-0.20879942136857804,3.2271094574302454e-16,0.0038218495999859836,-1.5,300000.0,0.03901166180758017,9.0,1.0,1.0,0.014459999999999999,0.1,30.0,-0.132,0.011,0.001,1.0,1.0,True,FlowControlLab_NACA0018_quasi_steady_pressure,0.85
0.25932660326889856,0.22734437731436383,0.2606445849659313,0.19152118611392158,0.24722769683735676,0.1895640050889689,0.21884683823785184,0.20879942136857782,-0.25932660326889784,-0.22734437731436563,-0.2606445849659272,-0.1915211861139278,-0.2472276968373516,-0.18956400508897223,-0.21884683823785064,-0.20879942136857804,3.2271094574302454e-16,0.0038218495999859836,-1.0,300000.0,0.039055393586005835,9.0,1.0,1.0,0.01448,0.1,30.0,-0.078,0.011,0.001,1.0,1.0,True,FlowControlLab_NACA0018_quasi_steady_pressure,0.85
0.25932660326889856,0.22734437731436383,0.2606445849659313,0.19152118611392158,0.24722769683735676,0.1895640050889689,0.21884683823785184,0.20879942136857782,-0.25932660326889784,-0.22734437731436563,-0.2606445849659272,-0.1915211861139278,-0.2472276968373516,-0.18956400508897223,-0.21884683823785064,-0.20879942136857804,3.2271094574302454e-16,0.0038218495999859836,-0.5,300000.0,0.03898833819241982,9.0,1.0,1.0,0.014530000000000001,0.1,30.0,-0.024,0.011,0.001,1.0,1.0,True,FlowControlLab_NACA0018_quasi_steady_pressure,0.85
0.25932660326889856,0.22734437731436383,0.2606445849659313,0.19152118611392158,0.24722769683735676,0.1895640050889689,0.21884683823785184,0.20879942136857782,-0.25932660326889784,-0.22734437731436563,-0.2606445849659272,-0.1915211861139278,-0.2472276968373516,-0.18956400508897223,-0.21884683823785064,-0.20879942136857804,3.2271094574302454e-16,0.0038218495999859836,0.0,300000.0,0.038941690962099124,9.0,1.0,1.0,0.01452,0.1,30.0,0.028,0.011,0.002,1.0,1.0,True,FlowControlLab_NACA0018_quasi_steady_pressure,0.85
0.25932660326889856,0.22734437731436383,0.2606445849659313,0.19152118611392158,0.24722769683735676,0.1895640050889689,0.21884683823785184,0.20879942136857782,-0.25932660326889784,-0.22734437731436563,-0.2606445849659272,-0.1915211861139278,-0.2472276968373516,-0.18956400508897223,-0.21884683823785064,-0.20879942136857804,3.2271094574302454e-16,0.0038218495999859836,0.5,300000.0,0.03897376093294461,9.0,1.0,1.0,0.014499999999999999,0.1,30.0,0.078,0.012,0.003,1.0,1.0,True,FlowControlLab_NACA0018_quasi_steady_pressure,0.85
0.25932660326889856,0.22734437731436383,0.2606445849659313,0.19152118611392158,0.24722769683735676,0.1895640050889689,0.21884683823785184,0.20879942136857782,-0.25932660326889784,-0.22734437731436563,-0.2606445849659272,-0.1915211861139278,-0.2472276968373516,-0.18956400508897223,-0.21884683823785064,-0.20879942136857804,3.2271094574302454e-16,0.0038218495999859836,1.0,300000.0,0.038970845481049565,9.0,1.0,1.0,0.01443,0.1,30.0,0.128,0.012,0.004,1.0,1.0,True,FlowControlLab_NACA0018_quasi_steady_pressure,0.85
0.25932660326889856,0.22734437731436383,0.2606445849659313,0.19152118611392158,0.24722769683735676,0.1895640050889689,0.21884683823785184,0.20879942136857782,-0.25932660326889784,-0.22734437731436563,-0.2606445849659272,-0.1915211861139278,-0.2472276968373516,-0.18956400508897223,-0.21884683823785064,-0.20879942136857804,3.2271094574302454e-16,0.0038218495999859836,1.5,300000.0,0.03891545189504374,9.0,1.0,1.0,0.01439,0.1,30.0,0.178,0.013,0.005,1.0,1.0,True,FlowControlLab_NACA0018_quasi_steady_pressure,0.85
0.25932660326889856,0.22734437731436383,0.2606445849659313,0.19152118611392158,0.24722769683735676,0.1895640050889689,0.21884683823785184,0.20879942136857782,-0.25932660326889784,-0.22734437731436563,-0.2606445849659272,-0.1915211861139278,-0.2472276968373516,-0.18956400508897223,-0.21884683823785064,-0.20879942136857804,3.2271094574302454e-16,0.0038218495999859836,2.0,300000.0,0.03888338192419825,9.0,1.0,1.0,0.01443,0.1,30.0,0.228,0.013,0.006,1.0,1.0,True,FlowControlLab_NACA0018_quasi_steady_pressure,0.85
0.25932660326889856,0.22734437731436383,0.2606445849659313,0.19152118611392158,0.24722769683735676,0.1895640050889689,0.21884683823785184,0.20879942136857782,-0.25932660326889784,-0.22734437731436563,-0.2606445849659272,-0.1915211861139278,-0.2472276968373516,-0.18956400508897223,-0.21884683823785064,-0.20879942136857804,3.2271094574302454e-16,0.0038218495999859836,2.5,300000.0,0.03894752186588921,9.0,1.0,1.0,0.01447,0.1,30.0,0.277,0.014,0.007,1.0,1.0,True,FlowControlLab_NACA0018_quasi_steady_pressure,0.85
0.25932660326889856,0.22734437731436383,0.2606445849659313,0.19152118611392158,0.24722769683735676,0.1895640050889689,0.21884683823785184,0.20879942136857782,-0.25932660326889784,-0.22734437731436563,-0.2606445849659272,-0.1915211861139278,-0.2472276968373516,-0.18956400508897223,-0.21884683823785064,-0.20879942136857804,3.2271094574302454e-16,0.0038218495999859836,3.0,300000.0,0.038959183673469386,9.0,1.0,1.0,0.014499999999999999,0.1,30.0,0.326,0.015,0.008,1.0,1.0,True,FlowControlLab_NACA0018_quasi_steady_pressure,0.85
0.25932660326889856,0.22734437731436383,0.2606445849659313,0.19152118611392158,0.24722769683735676,0.1895640050889689,0.21884683823785184,0.20879942136857782,-0.25932660326889784,-0.22734437731436563,-0.2606445849659272,-0.1915211861139278,-0.2472276968373516,-0.18956400508897223,-0.21884683823785064,-0.20879942136857804,3.2271094574302454e-16,0.0038218495999859836,3.5,300000.0,0.03893586005830904,9.0,1.0,1.0,0.014499999999999999,0.1,30.0,0.374,0.016,0.01,1.0,1.0,True,FlowControlLab_NACA0018_quasi_steady_pressure,0.85
0.25932660326889856,0.22734437731436383,0.2606445849659313,0.19152118611392158,0.24722769683735676,0.1895640050889689,0.21884683823785184,0.20879942136857782,-0.25932660326889784,-0.22734437731436563,-0.2606445849659272,-0.1915211861139278,-0.2472276968373516,-0.18956400508897223,-0.21884683823785064,-0.20879942136857804,3.2271094574302454e-16,0.0038218495999859836,4.0,300000.0,0.03893002915451895,9.0,1.0,1.0,0.014499999999999999,0.1,30.0,0.421,0.017,0.011,1.0,1.0,True,FlowControlLab_NACA0018_quasi_steady_pressure,0.85
0.25932660326889856,0.22734437731436383,0.2606445849659313,0.19152118611392158,0.24722769683735676,0.1895640050889689,0.21884683823785184,0.20879942136857782,-0.25932660326889784,-0.22734437731436563,-0.2606445849659272,-0.1915211861139278,-0.2472276968373516,-0.18956400508897223,-0.21884683823785064,-0.20879942136857804,3.2271094574302454e-16,0.0038218495999859836,4.5,300000.0,0.03893586005830904,9.0,1.0,1.0,0.01452,0.1,30.0,0.47,0.018,0.013,1.0,1.0,True,FlowControlLab_NACA0018_quasi_steady_pressure,0.85
0.25932660326889856,0.22734437731436383,0.2606445849659313,0.19152118611392158,0.24722769683735676,0.1895640050889689,0.21884683823785184,0.20879942136857782,-0.25932660326889784,-0.22734437731436563,-0.2606445849659272,-0.1915211861139278,-0.2472276968373516,-0.18956400508897223,-0.21884683823785064,-0.20879942136857804,3.2271094574302454e-16,0.0038218495999859836,5.0,300000.0,0.038962099125364434,9.0,1.0,1.0,0.01452,0.1,30.0,0.521,0.019,0.013,1.0,1.0,True,FlowControlLab_NACA0018_quasi_steady_pressure,0.85
0.25932660326889856,0.22734437731436383,0.2606445849659313,0.19152118611392158,0.24722769683735676,0.1895640050889689,0.21884683823785184,0.20879942136857782,-0.25932660326889784,-0.22734437731436563,-0.2606445849659272,-0.1915211861139278,-0.2472276968373516,-0.18956400508897223,-0.21884683823785064,-0.20879942136857804,3.2271094574302454e-16,0.0038218495999859836,5.5,300000.0,0.03893877551020408,9.0,1.0,1.0,0.014410000000000001,0.1,30.0,0.571,0.021,0.012,1.0,1.0,True,FlowControlLab_NACA0018_quasi_steady_pressure,0.85
0.25932660326889856,0.22734437731436383,0.2606445849659313,0.19152118611392158,0.24722769683735676,0.1895640050889689,0.21884683823785184,0.20879942136857782,-0.25932660326889784,-0.22734437731436563,-0.2606445849659272,-0.1915211861139278,-0.2472276968373516,-0.18956400508897223,-0.21884683823785064,-0.20879942136857804,3.2271094574302454e-16,0.0038218495999859836,6.0,300000.0,0.03889795918367347,9.0,1.0,1.0,0.01443,0.1,30.0,0.63,0.022,0.01,1.0,1.0,True,FlowControlLab_NACA0018_quasi_steady_pressure,0.85
0.25932660326889856,0.22734437731436383,0.2606445849659313,0.19152118611392158,0.24722769683735676,0.1895640050889689,0.21884683823785184,0.20879942136857782,-0.25932660326889784,-0.22734437731436563,-0.2606445849659272,-0.1915211861139278,-0.2472276968373516,-0.18956400508897223,-0.21884683823785064,-0.20879942136857804,3.2271094574302454e-16,0.0038218495999859836,6.5,300000.0,0.03890379008746356,9.0,1.0,1.0,0.014530000000000001,0.1,30.0,0.694,0.024,0.009,1.0,1.0,True,FlowControlLab_NACA0018_quasi_steady_pressure,0.85
0.25932660326889856,0.22734437731436383,0.2606445849659313,0.19152118611392158,0.24722769683735676,0.1895640050889689,0.21884683823785184,0.20879942136857782,-0.25932660326889784,-0.22734437731436563,-0.2606445849659272,-0.1915211861139278,-0.2472276968373516,-0.18956400508897223,-0.21884683823785064,-0.20879942136857804,3.2271094574302454e-16,0.0038218495999859836,7.0,300000.0,0.03891253644314869,9.0,1.0,1.0,0.014499999999999999,0.1,30.0,0.74,0.025,0.01,1.0,1.0,True,FlowControlLab_NACA0018_quasi_steady_pressure,0.85
0.25932660326889856,0.22734437731436383,0.2606445849659313,0.19152118611392158,0.24722769683735676,0.1895640050889689,0.21884683823785184,0.20879942136857782,-0.25932660326889784,-0.22734437731436563,-0.2606445849659272,-0.1915211861139278,-0.2472276968373516,-0.18956400508897223,-0.21884683823785064,-0.20879942136857804,3.2271094574302454e-16,0.0038218495999859836,7.5,300000.0,0.03893002915451895,9.0,1.0,1.0,0.014450000000000001,0.1,30.0,0.768,0.027,0.013,1.0,1.0,True,FlowControlLab_NACA0018_quasi_steady_pressure,0.85
0.25932660326889856,0.22734437731436383,0.2606445849659313,0.19152118611392158,0.24722769683735676,0.1895640050889689,0.21884683823785184,0.20879942136857782,-0.25932660326889784,-0.22734437731436563,-0.2606445849659272,-0.1915211861139278,-0.2472276968373516,-0.18956400508897223,-0.21884683823785064,-0.20879942136857804,3.2271094574302454e-16,0.0038218495999859836,8.0,300000.0,0.03894460641399417,9.0,1.0,1.0,0.014450000000000001,0.1,30.0,0.792,0.029,0.015,1.0,1.0,True,FlowControlLab_NACA0018_quasi_steady_pressure,0.85
0.25932660326889856,0.22734437731436383,0.2606445849659313,0.19152118611392158,0.24722769683735676,0.1895640050889689,0.21884683823785184,0.20879942136857782,-0.25932660326889784,-0.22734437731436563,-0.2606445849659272,-0.1915211861139278,-0.2472276968373516,-0.18956400508897223,-0.21884683823785064,-0.20879942136857804,3.2271094574302454e-16,0.0038218495999859836,8.5,300000.0,0.0389533527696793,9.0,1.0,1.0,0.01443,0.1,30.0,0.809,0.032,0.017,1.0,1.0,True,FlowControlLab_NACA0018_quasi_steady_pressure,0.85
0.25932660326889856,0.22734437731436383,0.2606445849659313,0.19152118611392158,0.24722769683735676,0.1895640050889689,0.21884683823785184,0.20879942136857782,-0.25932660326889784,-0.22734437731436563,-0.2606445849659272,-0.1915211861139278,-0.2472276968373516,-0.18956400508897223,-0.21884683823785064,-0.20879942136857804,3.2271094574302454e-16,0.0038218495999859836,9.0,300000.0,0.03898250728862974,9.0,1.0,1.0,0.01444,0.1,30.0,0.825,0.036,0.017,1.0,1.0,True,FlowControlLab_NACA0018_quasi_steady_pressure,0.85
0.25932660326889856,0.22734437731436383,0.2606445849659313,0.19152118611392158,0.24722769683735676,0.1895640050889689,0.21884683823785184,0.20879942136857782,-0.25932660326889784,-0.22734437731436563,-0.2606445849659272,-0.1915211861139278,-0.2472276968373516,-0.18956400508897223,-0.21884683823785064,-0.20879942136857804,3.2271094574302454e-16,0.0038218495999859836,9.5,300000.0,0.03897376093294461,9.0,1.0,1.0,0.01451,0.1,30.0,0.837,0.041,0.015,1.0,1.0,True,FlowControlLab_NACA0018_quasi_steady_pressure,0.85
0.25932660326889856,0.22734437731436383,0.2606445849659313,0.19152118611392158,0.24722769683735676,0.1895640050889689,0.21884683823785184,0.20879942136857782,-0.25932660326889784,-0.22734437731436563,-0.2606445849659272,-0.1915211861139278,-0.2472276968373516,-0.18956400508897223,-0.21884683823785064,-0.20879942136857804,3.2271094574302454e-16,0.0038218495999859836,10.0,300000.0,0.03898250728862974,9.0,1.0,1.0,0.01448,0.1,30.0,0.843,0.047,0.012,1.0,1.0,True,FlowControlLab_NACA0018_quasi_steady_pressure,0.85
0.25932660326889856,0.22734437731436383,0.2606445849659313,0.19152118611392158,0.24722769683735676,0.1895640050889689,0.21884683823785184,0.20879942136857782,-0.25932660326889784,-0.22734437731436563,-0.2606445849659272,-0.1915211861139278,-0.2472276968373516,-0.18956400508897223,-0.21884683823785064,-0.20879942136857804,3.2271094574302454e-16,0.0038218495999859836,10.5,300000.0,0.03901457725947522,9.0,1.0,1.0,0.01444,0.1,30.0,0.848,0.054,0.008,1.0,1.0,True,FlowControlLab_NACA0018_quasi_steady_pressure,0.85
0.25932660326889856,0.22734437731436383,0.2606445849659313,0.19152118611392158,0.24722769683735676,0.1895640050889689,0.21884683823785184,0.20879942136857782,-0.25932660326889784,-0.22734437731436563,-0.2606445849659272,-0.1915211861139278,-0.2472276968373516,-0.18956400508897223,-0.21884683823785064,-0.20879942136857804,3.2271094574302454e-16,0.0038218495999859836,11.0,300000.0,0.039058309037900876,9.0,1.0,1.0,0.014419999999999999,0.1,30.0,0.847,0.062,0.003,1.0,1.0,True,FlowControlLab_NACA0018_quasi_steady_pressure,0.85
0.25932660326889856,0.22734437731436383,0.2606445849659313,0.19152118611392158,0.24722769683735676,0.1895640050889689,0.21884683823785184,0.20879942136857782,-0.25932660326889784,-0.22734437731436563,-0.2606445849659272,-0.1915211861139278,-0.2472276968373516,-0.18956400508897223,-0.21884683823785064,-0.20879942136857804,3.2271094574302454e-16,0.0038218495999859836,11.5,300000.0,0.039034985422740524,9.0,1.0,1.0,0.01443,0.1,30.0,0.842,0.071,-0.003,1.0,1.0,True,FlowControlLab_NACA0018_quasi_steady_pressure,0.85
0.25932660326889856,0.22734437731436383,0.2606445849659313,0.19152118611392158,0.24722769683735676,0.1895640050889689,0.21884683823785184,0.20879942136857782,-0.25932660326889784,-0.22734437731436563,-0.2606445849659272,-0.1915211861139278,-0.2472276968373516,-0.18956400508897223,-0.21884683823785064,-0.20879942136857804,3.2271094574302454e-16,0.0038218495999859836,12.0,300000.0,0.03891836734693878,9.0,1.0,1.0,0.014410000000000001,0.1,30.0,0.836,0.081,-0.008,1.0,1.0,True,FlowControlLab_NACA0018_quasi_steady_pressure,0.85
0.25932660326889856,0.22734437731436383,0.2606445849659313,0.19152118611392158,0.24722769683735676,0.1895640050889689,0.21884683823785184,0.20879942136857782,-0.25932660326889784,-0.22734437731436563,-0.2606445849659272,-0.1915211861139278,-0.2472276968373516,-0.18956400508897223,-0.21884683823785064,-0.20879942136857804,3.2271094574302454e-16,0.0038218495999859836,12.5,300000.0,0.03884548104956268,9.0,1.0,1.0,0.01439,0.1,30.0,0.828,0.089,-0.012,1.0,1.0,True,FlowControlLab_NACA0018_quasi_steady_pressure,0.85
0.25932660326889856,0.22734437731436383,0.2606445849659313,0.19152118611392158,0.24722769683735676,0.1895640050889689,0.21884683823785184,0.20879942136857782,-0.25932660326889784,-0.22734437731436563,-0.2606445849659272,-0.1915211861139278,-0.2472276968373516,-0.18956400508897223,-0.21884683823785064,-0.20879942136857804,3.2271094574302454e-16,0.0038218495999859836,13.0,300000.0,0.03882798833819242,9.0,1.0,1.0,0.01444,0.1,30.0,0.814,0.097,-0.013,1.0,1.0,True,FlowControlLab_NACA0018_quasi_steady_pressure,0.85
0.25932660326889856,0.22734437731436383,0.2606445849659313,0.19152118611392158,0.24722769683735676,0.1895640050889689,0.21884683823785184,0.20879942136857782,-0.25932660326889784,-0.22734437731436563,-0.2606445849659272,-0.1915211861139278,-0.2472276968373516,-0.18956400508897223,-0.21884683823785064,-0.20879942136857804,3.2271094574302454e-16,0.0038218495999859836,13.5,300000.0,0.03883090379008747,9.0,1.0,1.0,0.014450000000000001,0.1,30.0,0.804,0.105,-0.016,1.0,1.0,True,FlowControlLab_NACA0018_quasi_steady_pressure,0.85
0.25932660326889856,0.22734437731436383,0.2606445849659313,0.19152118611392158,0.24722769683735676,0.1895640050889689,0.21884683823785184,0.20879942136857782,-0.25932660326889784,-0.22734437731436563,-0.2606445849659272,-0.1915211861139278,-0.2472276968373516,-0.18956400508897223,-0.21884683823785064,-0.20879942136857804,3.2271094574302454e-16,0.0038218495999859836,14.0,300000.0,0.03879591836734694,9.0,1.0,1.0,0.014459999999999999,0.1,30.0,0.8,0.114,-0.017,1.0,1.0,True,FlowControlLab_NACA0018_quasi_steady_pressure,0.85
0.25932660326889856,0.22734437731436383,0.2606445849659313,0.19152118611392158,0.24722769683735676,0.1895640050889689,0.21884683823785184,0.20879942136857782,-0.25932660326889784,-0.22734437731436563,-0.2606445849659272,-0.1915211861139278,-0.2472276968373516,-0.18956400508897223,-0.21884683823785064,-0.20879942136857804,3.2271094574302454e-16,0.0038218495999859836,14.5,300000.0,0.038804664723032074,9.0,1.0,1.0,0.01444,0.1,30.0,0.796,0.122,-0.019,1.0,1.0,True,FlowControlLab_NACA0018_quasi_steady_pressure,0.85
0.25932660326889856,0.22734437731436383,0.2606445849659313,0.19152118611392158,0.24722769683735676,0.1895640050889689,0.21884683823785184,0.20879942136857782,-0.25932660326889784,-0.22734437731436563,-0.2606445849659272,-0.1915211861139278,-0.2472276968373516,-0.18956400508897223,-0.21884683823785064,-0.20879942136857804,3.2271094574302454e-16,0.0038218495999859836,15.0,300000.0,0.0388600583090379,9.0,1.0,1.0,0.01443,0.1,30.0,0.793,0.131,-0.022,1.0,1.0,True,FlowControlLab_NACA0018_quasi_steady_pressure,0.85
0.25932660326889856,0.22734437731436383,0.2606445849659313,0.19152118611392158,0.24722769683735676,0.1895640050889689,0.21884683823785184,0.20879942136857782,-0.25932660326889784,-0.22734437731436563,-0.2606445849659272,-0.1915211861139278,-0.2472276968373516,-0.18956400508897223,-0.21884683823785064,-0.20879942136857804,3.2271094574302454e-16,0.0038218495999859836,15.5,300000.0,0.03893877551020408,9.0,1.0,1.0,0.01447,0.1,30.0,0.793,0.141,-0.024,1.0,1.0,True,FlowControlLab_NACA0018_quasi_steady_pressure,0.85
0.25932660326889856,0.22734437731436383,0.2606445849659313,0.19152118611392158,0.24722769683735676,0.1895640050889689,0.21884683823785184,0.20879942136857782,-0.25932660326889784,-0.22734437731436563,-0.2606445849659272,-0.1915211861139278,-0.2472276968373516,-0.18956400508897223,-0.21884683823785064,-0.20879942136857804,3.2271094574302454e-16,0.0038218495999859836,16.0,300000.0,0.03897376093294461,9.0,1.0,1.0,0.01448,0.1,30.0,0.795,0.155,-0.029,1.0,1.0,True,FlowControlLab_NACA0018_quasi_steady_pressure,0.85
0.25932660326889856,0.22734437731436383,0.2606445849659313,0.19152118611392158,0.24722769683735676,0.1895640050889689,0.21884683823785184,0.20879942136857782,-0.25932660326889784,-0.22734437731436563,-0.2606445849659272,-0.1915211861139278,-0.2472276968373516,-0.18956400508897223,-0.21884683823785064,-0.20879942136857804,3.2271094574302454e-16,0.0038218495999859836,16.5,300000.0,0.03893877551020408,9.0,1.0,1.0,0.01443,0.1,30.0,0.792,0.17,-0.036,1.0,1.0,True,FlowControlLab_NACA0018_quasi_steady_pressure,0.85
0.25932660326889856,0.22734437731436383,0.2606445849659313,0.19152118611392158,0.24722769683735676,0.1895640050889689,0.21884683823785184,0.20879942136857782,-0.25932660326889784,-0.22734437731436563,-0.2606445849659272,-0.1915211861139278,-0.2472276968373516,-0.18956400508897223,-0.21884683823785064,-0.20879942136857804,3.2271094574302454e-16,0.0038218495999859836,17.0,300000.0,0.038941690962099124,9.0,1.0,1.0,0.01439,0.1,30.0,0.788,0.182,-0.04,1.0,1.0,True,FlowControlLab_NACA0018_quasi_steady_pressure,0.85
0.25932660326889856,0.22734437731436383,0.2606445849659313,0.19152118611392158,0.24722769683735676,0.1895640050889689,0.21884683823785184,0.20879942136857782,-0.25932660326889784,-0.22734437731436563,-0.2606445849659272,-0.1915211861139278,-0.2472276968373516,-0.18956400508897223,-0.21884683823785064,-0.20879942136857804,3.2271094574302454e-16,0.0038218495999859836,17.5,300000.0,0.03894752186588921,9.0,1.0,1.0,0.0144,0.1,30.0,0.784,0.19,-0.04,1.0,1.0,True,FlowControlLab_NACA0018_quasi_steady_pressure,0.85
0.25932660326889856,0.22734437731436383,0.2606445849659313,0.19152118611392158,0.24722769683735676,0.1895640050889689,0.21884683823785184,0.20879942136857782,-0.25932660326889784,-0.22734437731436563,-0.2606445849659272,-0.1915211861139278,-0.2472276968373516,-0.18956400508897223,-0.21884683823785064,-0.20879942136857804,3.2271094574302454e-16,0.0038218495999859836,18.0,300000.0,0.038970845481049565,9.0,1.0,1.0,0.014410000000000001,0.1,30.0,0.783,0.199,-0.043,1.0,1.0,True,FlowControlLab_NACA0018_quasi_steady_pressure,0.85
0.25932660326889856,0.22734437731436383,0.2606445849659313,0.19152118611392158,0.24722769683735676,0.1895640050889689,0.21884683823785184,0.20879942136857782,-0.25932660326889784,-0.22734437731436563,-0.2606445849659272,-0.1915211861139278,-0.2472276968373516,-0.18956400508897223,-0.21884683823785064,-0.20879942136857804,3.2271094574302454e-16,0.0038218495999859836,18.5,300000.0,0.038950437317784255,9.0,1.0,1.0,0.014459999999999999,0.1,30.0,0.787,0.211,-0.045,1.0,1.0,True,FlowControlLab_NACA0018_quasi_steady_pressure,0.85
0.25932660326889856,0.22734437731436383,0.2606445849659313,0.19152118611392158,0.24722769683735676,0.1895640050889689,0.21884683823785184,0.20879942136857782,-0.25932660326889784,-0.22734437731436563,-0.2606445849659272,-0.1915211861139278,-0.2472276968373516,-0.18956400508897223,-0.21884683823785064,-0.20879942136857804,3.2271094574302454e-16,0.0038218495999859836,19.0,300000.0,0.03890379008746356,9.0,1.0,1.0,0.01452,0.1,30.0,0.797,0.222,-0.048,1.0,1.0,True,FlowControlLab_NACA0018_quasi_steady_pressure,0.85
0.25932660326889856,0.22734437731436383,0.2606445849659313,0.19152118611392158,0.24722769683735676,0.1895640050889689,0.21884683823785184,0.20879942136857782,-0.25932660326889784,-0.22734437731436563,-0.2606445849659272,-0.1915211861139278,-0.2472276968373516,-0.18956400508897223,-0.21884683823785064,-0.20879942136857804,3.2271094574302454e-16,0.0038218495999859836,19.5,300000.0,0.03888629737609329,9.0,1.0,1.0,0.014490000000000001,0.1,30.0,0.806,0.229,-0.048,1.0,1.0,True,FlowControlLab_NACA0018_quasi_steady_pressure,0.85
0.25932660326889856,0.22734437731436383,0.2606445849659313,0.19152118611392158,0.24722769683735676,0.1895640050889689,0.21884683823785184,0.20879942136857782,-0.25932660326889784,-0.22734437731436563,-0.2606445849659272,-0.1915211861139278,-0.2472276968373516,-0.18956400508897223,-0.21884683823785064,-0.20879942136857804,3.2271094574302454e-16,0.0038218495999859836,20.0,300000.0,0.03885422740524781,9.0,1.0,1.0,0.014450000000000001,0.1,30.0,0.839,0.236,-0.046,1.0,1.0,True,FlowControlLab_NACA0018_quasi_steady_pressure,0.85
0.25932660326889856,0.22734437731436383,0.2606445849659313,0.19152118611392158,0.24722769683735676,0.1895640050889689,0.21884683823785184,0.20879942136857782,-0.25932660326889784,-0.22734437731436563,-0.2606445849659272,-0.1915211861139278,-0.2472276968373516,-0.18956400508897223,-0.21884683823785064,-0.20879942136857804,3.2271094574302454e-16,0.0038218495999859836,20.5,300000.0,0.03888921282798834,9.0,1.0,1.0,0.014490000000000001,0.1,30.0,0.915,0.249,-0.046,1.0,1.0,True,FlowControlLab_NACA0018_quasi_steady_pressure,0.85
0.25932660326889856,0.22734437731436383,0.2606445849659313,0.19152118611392158,0.24722769683735676,0.1895640050889689,0.21884683823785184,0.20879942136857782,-0.25932660326889784,-0.22734437731436563,-0.2606445849659272,-0.1915211861139278,-0.2472276968373516,-0.18956400508897223,-0.21884683823785064,-0.20879942136857804,3.2271094574302454e-16,0.0038218495999859836,21.0,300000.0,0.0388600583090379,9.0,1.0,1.0,0.01455,0.1,30.0,0.976,0.264,-0.046,1.0,1.0,True,FlowControlLab_NACA0018_quasi_steady_pressure,0.85
0.25932660326889856,0.22734437731436383,0.2606445849659313,0.19152118611392158,0.24722769683735676,0.1895640050889689,0.21884683823785184,0.20879942136857782,-0.25932660326889784,-0.22734437731436563,-0.2606445849659272,-0.1915211861139278,-0.2472276968373516,-0.18956400508897223,-0.21884683823785064,-0.20879942136857804,3.2271094574302454e-16,0.0038218495999859836,21.5,300000.0,0.03876967930029154,9.0,1.0,1.0,0.01455,0.1,30.0,1.008,0.279,-0.051,1.0,1.0,True,FlowControlLab_NACA0018_quasi_steady_pressure,0.85
0.25932660326889856,0.22734437731436383,0.2606445849659313,0.19152118611392158,0.24722769683735676,0.1895640050889689,0.21884683823785184,0.20879942136857782,-0.25932660326889784,-0.22734437731436563,-0.2606445849659272,-0.1915211861139278,-0.2472276968373516,-0.18956400508897223,-0.21884683823785064,-0.20879942136857804,3.2271094574302454e-16,0.0038218495999859836,22.0,300000.0,0.038790087463556853,9.0,1.0,1.0,0.01452,0.1,30.0,1.025,0.292,-0.056,1.0,1.0,True,FlowControlLab_NACA0018_quasi_steady_pressure,0.85
0.25932660326889856,0.22734437731436383,0.2606445849659313,0.19152118611392158,0.24722769683735676,0.1895640050889689,0.21884683823785184,0.20879942136857782,-0.25932660326889784,-0.22734437731436563,-0.2606445849659272,-0.1915211861139278,-0.2472276968373516,-0.18956400508897223,-0.21884683823785064,-0.20879942136857804,3.2271094574302454e-16,0.0038218495999859836,22.5,300000.0,0.038807580174927116,9.0,1.0,1.0,0.014530000000000001,0.1,30.0,1.027,0.303,-0.058,1.0,1.0,True,FlowControlLab_NACA0018_quasi_steady_pressure,0.85
0.25932660326889856,0.22734437731436383,0.2606445849659313,0.19152118611392158,0.24722769683735676,0.1895640050889689,0.21884683823785184,0.20879942136857782,-0.25932660326889784,-0.22734437731436563,-0.2606445849659272,-0.1915211861139278,-0.2472276968373516,-0.18956400508897223,-0.21884683823785064,-0.20879942136857804,3.2271094574302454e-16,0.0038218495999859836,23.0,300000.0,0.038801749271137026,9.0,1.0,1.0,0.014490000000000001,0.1,30.0,1.025,0.315,-0.061,1.0,1.0,True,FlowControlLab_NACA0018_quasi_steady_pressure,0.85
0.25932660326889856,0.22734437731436383,0.2606445849659313,0.19152118611392158,0.24722769683735676,0.1895640050889689,0.21884683823785184,0.20879942136857782,-0.25932660326889784,-0.22734437731436563,-0.2606445849659272,-0.1915211861139278,-0.2472276968373516,-0.18956400508897223,-0.21884683823785064,-0.20879942136857804,3.2271094574302454e-16,0.0038218495999859836,23.5,300000.0,0.038804664723032074,9.0,1.0,1.0,0.01448,0.1,30.0,1.028,0.325,-0.064,1.0,1.0,True,FlowControlLab_NACA0018_quasi_steady_pressure,0.85
0.25932660326889856,0.22734437731436383,0.2606445849659313,0.19152118611392158,0.24722769683735676,0.1895640050889689,0.21884683823785184,0.20879942136857782,-0.25932660326889784,-0.22734437731436563,-0.2606445849659272,-0.1915211861139278,-0.2472276968373516,-0.18956400508897223,-0.21884683823785064,-0.20879942136857804,3.2271094574302454e-16,0.0038218495999859836,24.0,300000.0,0.03884256559766764,9.0,1.0,1.0,0.014499999999999999,0.1,30.0,1.037,0.338,-0.068,1.0,1.0,True,FlowControlLab_NACA0018_quasi_steady_pressure,0.85
0.25932660326889856,0.22734437731436383,0.2606445849659313,0.19152118611392158,0.24722769683735676,0.1895640050889689,0.21884683823785184,0.20879942136857782,-0.25932660326889784,-0.22734437731436563,-0.2606445849659272,-0.1915211861139278,-0.2472276968373516,-0.18956400508897223,-0.21884683823785064,-0.20879942136857804,3.2271094574302454e-16,0.0038218495999859836,24.5,300000.0,0.03882507288629738,9.0,1.0,1.0,0.01451,0.1,30.0,1.039,0.353,-0.073,1.0,1.0,True,FlowControlLab_NACA0018_quasi_steady_pressure,0.85
0.25932660326889856,0.22734437731436383,0.2606445849659313,0.19152118611392158,0.24722769683735676,0.1895640050889689,0.21884683823785184,0.20879942136857782,-0.25932660326889784,-0.22734437731436563,-0.2606445849659272,-0.1915211861139278,-0.2472276968373516,-0.18956400508897223,-0.21884683823785064,-0.20879942136857804,3.2271094574302454e-16,0.0038218495999859836,25.0,300000.0,0.03875218658892128,9.0,1.0,1.0,0.014539999999999999,0.1,30.0,1.048,0.375,-0.082,1.0,1.0,True,FlowControlLab_NACA0018_quasi_steady_pressure,0.85
0.25932660326889856,0.22734437731436383,0.2606445849659313,0.19152118611392158,0.24722769683735676,0.1895640050889689,0.21884683823785184,0.20879942136857782,-0.25932660326889784,-0.22734437731436563,-0.2606445849659272,-0.1915211861139278,-0.2472276968373516,-0.18956400508897223,-0.21884683823785064,-0.20879942136857804,3.2271094574302454e-16,0.0038218495999859836,25.5,300000.0,0.038723032069970846,9.0,1.0,1.0,0.014530000000000001,0.1,30.0,1.056,0.402,-0.093,1.0,1.0,True,FlowControlLab_NACA0018_quasi_steady_pressure,0.85
0.25932660326889856,0.22734437731436383,0.2606445849659313,0.19152118611392158,0.24722769683735676,0.1895640050889689,0.21884683823785184,0.20879942136857782,-0.25932660326889784,-0.22734437731436563,-0.2606445849659272,-0.1915211861139278,-0.2472276968373516,-0.18956400508897223,-0.21884683823785064,-0.20879942136857804,3.2271094574302454e-16,0.0038218495999859836,26.0,300000.0,0.03874635568513119,9.0,1.0,1.0,0.014539999999999999,0.1,30.0,1.048,0.423,-0.099,1.0,1.0,True,FlowControlLab_NACA0018_quasi_steady_pressure,0.85
0.25932660326889856,0.22734437731436383,0.2606445849659313,0.19152118611392158,0.24722769683735676,0.1895640050889689,0.21884683823785184,0.20879942136857782,-0.25932660326889784,-0.22734437731436563,-0.2606445849659272,-0.1915211861139278,-0.2472276968373516,-0.18956400508897223,-0.21884683823785064,-0.20879942136857804,3.2271094574302454e-16,0.0038218495999859836,26.5,300000.0,0.038772594752186584,9.0,1.0,1.0,0.01455,0.1,30.0,1.029,0.441,-0.103,1.0,1.0,True,FlowControlLab_NACA0018_quasi_steady_pressure,0.85
0.25932660326889856,0.22734437731436383,0.2606445849659313,0.19152118611392158,0.24722769683735676,0.1895640050889689,0.21884683823785184,0.20879942136857782,-0.25932660326889784,-0.22734437731436563,-0.2606445849659272,-0.1915211861139278,-0.2472276968373516,-0.18956400508897223,-0.21884683823785064,-0.20879942136857804,3.2271094574302454e-16,0.0038218495999859836,27.0,300000.0,0.038711370262390674,9.0,1.0,1.0,0.014570000000000001,0.1,30.0,1.012,0.461,-0.108,1.0,1.0,True,FlowControlLab_NACA0018_quasi_steady_pressure,0.85
0.25932660326889856,0.22734437731436383,0.2606445849659313,0.19152118611392158,0.24722769683735676,0.1895640050889689,0.21884683823785184,0.20879942136857782,-0.25932660326889784,-0.22734437731436563,-0.2606445849659272,-0.1915211861139278,-0.2472276968373516,-0.18956400508897223,-0.21884683823785064,-0.20879942136857804,3.2271094574302454e-16,0.0038218495999859836,27.5,300000.0,0.03872594752186589,9.0,1.0,1.0,0.01459,0.1,30.0,0.976,0.481,-0.109,1.0,1.0,True,FlowControlLab_NACA0018_quasi_steady_pressure,0.85
0.25932660326889856,0.22734437731436383,0.2606445849659313,0.19152118611392158,0.24722769683735676,0.1895640050889689,0.21884683823785184,0.20879942136857782,-0.25932660326889784,-0.22734437731436563,-0.2606445849659272,-0.1915211861139278,-0.2472276968373516,-0.18956400508897223,-0.21884683823785064,-0.20879942136857804,3.2271094574302454e-16,0.0038218495999859836,28.0,300000.0,0.03873760932944607,9.0,1.0,1.0,0.014610000000000001,0.1,30.0,0.944,0.505,-0.109,1.0,1.0,True,FlowControlLab_NACA0018_quasi_steady_pressure,0.85
0.25932660326889856,0.22734437731436383,0.2606445849659313,0.19152118611392158,0.24722769683735676,0.1895640050889689,0.21884683823785184,0.20879942136857782,-0.25932660326889784,-0.22734437731436563,-0.2606445849659272,-0.1915211861139278,-0.2472276968373516,-0.18956400508897223,-0.21884683823785064,-0.20879942136857804,3.2271094574302454e-16,0.0038218495999859836,28.5,300000.0,0.03866763848396501,9.0,1.0,1.0,0.0146,0.1,30.0,0.941,0.534,-0.115,1.0,1.0,True,FlowControlLab_NACA0018_quasi_steady_pressure,0.85
0.25932660326889856,0.22734437731436383,0.2606445849659313,0.19152118611392158,0.24722769683735676,0.1895640050889689,0.21884683823785184,0.20879942136857782,-0.25932660326889784,-0.22734437731436563,-0.2606445849659272,-0.1915211861139278,-0.2472276968373516,-0.18956400508897223,-0.21884683823785064,-0.20879942136857804,3.2271094574302454e-16,0.0038218495999859836,29.0,300000.0,0.0386064139941691,9.0,1.0,1.0,0.01458,0.1,30.0,0.941,0.555,-0.118,1.0,1.0,True,FlowControlLab_NACA0018_quasi_steady_pressure,0.85
0.25932660326889856,0.22734437731436383,0.2606445849659313,0.19152118611392158,0.24722769683735676,0.1895640050889689,0.21884683823785184,0.20879942136857782,-0.25932660326889784,-0.22734437731436563,-0.2606445849659272,-0.1915211861139278,-0.2472276968373516,-0.18956400508897223,-0.21884683823785064,-0.20879942136857804,3.2271094574302454e-16,0.0038218495999859836,29.5,300000.0,0.038521865889212824,9.0,1.0,1.0,0.01462,0.1,30.0,0.978,0.59,-0.126,1.0,1.0,True,FlowControlLab_NACA0018_quasi_steady_pressure,0.85
0.25932660326889856,0.22734437731436383,0.2606445849659313,0.19152118611392158,0.24722769683735676,0.1895640050889689,0.21884683823785184,0.20879942136857782,-0.25932660326889784,-0.22734437731436563,-0.2606445849659272,-0.1915211861139278,-0.2472276968373516,-0.18956400508897223,-0.21884683823785064,-0.20879942136857804,3.2271094574302454e-16,0.0038218495999859836,30.0,300000.0,0.03849271137026239,9.0,1.0,1.0,0.01464,0.1,30.0,1.017,0.63,-0.138,1.0,1.0,True,FlowControlLab_NACA0018_quasi_steady_pressure,0.85
0.25932660326889856,0.22734437731436383,0.2606445849659313,0.19152118611392158,0.24722769683735676,0.1895640050889689,0.21884683823785184,0.20879942136857782,-0.25932660326889784,-0.22734437731436563,-0.2606445849659272,-0.1915211861139278,-0.2472276968373516,-0.18956400508897223,-0.21884683823785064,-0.20879942136857804,3.2271094574302454e-16,0.0038218495999859836,30.5,300000.0,0.03851603498542274,9.0,1.0,1.0,0.014750000000000001,0.1,30.0,1.041,0.661,-0.147,1.0,1.0,True,FlowControlLab_NACA0018_quasi_steady_pressure,0.85
0.25932660326889856,0.22734437731436383,0.2606445849659313,0.19152118611392158,0.24722769683735676,0.1895640050889689,0.21884683823785184,0.20879942136857782,-0.25932660326889784,-0.22734437731436563,-0.2606445849659272,-0.1915211861139278,-0.2472276968373516,-0.18956400508897223,-0.21884683823785064,-0.20879942136857804,3.2271094574302454e-16,0.0038218495999859836,31.0,300000.0,0.038478134110787175,9.0,1.0,1.0,0.01485,0.1,30.0,1.071,0.694,-0.156,1.0,1.0,True,FlowControlLab_NACA0018_quasi_steady_pressure,0.85
0.25932660326889856,0.22734437731436383,0.2606445849659313,0.19152118611392158,0.24722769683735676,0.1895640050889689,0.21884683823785184,0.20879942136857782,-0.25932660326889784,-0.22734437731436563,-0.2606445849659272,-0.1915211861139278,-0.2472276968373516,-0.18956400508897223,-0.21884683823785064,-0.20879942136857804,3.2271094574302454e-16,0.0038218495999859836,31.5,300000.0,0.038379008746355685,9.0,1.0,1.0,0.01482,0.1,30.0,1.106,0.73,-0.167,1.0,1.0,True,FlowControlLab_NACA0018_quasi_steady_pressure,0.85
0.25932660326889856,0.22734437731436383,0.2606445849659313,0.19152118611392158,0.24722769683735676,0.1895640050889689,0.21884683823785184,0.20879942136857782,-0.25932660326889784,-0.22734437731436563,-0.2606445849659272,-0.1915211861139278,-0.2472276968373516,-0.18956400508897223,-0.21884683823785064,-0.20879942136857804,3.2271094574302454e-16,0.0038218495999859836,32.0,300000.0,0.03832361516034985,9.0,1.0,1.0,0.01485,0.1,30.0,1.141,0.767,-0.179,1.0,1.0,True,FlowControlLab_NACA0018_quasi_steady_pressure,0.85
0.25932660326889856,0.22734437731436383,0.2606445849659313,0.19152118611392158,0.24722769683735676,0.1895640050889689,0.21884683823785184,0.20879942136857782,-0.25932660326889784,-0.22734437731436563,-0.2606445849659272,-0.1915211861139278,-0.2472276968373516,-0.18956400508897223,-0.21884683823785064,-0.20879942136857804,3.2271094574302454e-16,0.0038218495999859836,-2.0,300000.0,0.038950437317784255,9.0,1.0,1.0,0.02261,0.1,30.0,-0.15,0.006,-0.002,1.0,1.0,True,FlowControlLab_NACA0018_quasi_steady_pressure,0.85
0.25932660326889856,0.22734437731436383,0.2606445849659313,0.19152118611392158,0.24722769683735676,0.1895640050889689,0.21884683823785184,0.20879942136857782,-0.25932660326889784,-0.22734437731436563,-0.2606445849659272,-0.1915211861139278,-0.2472276968373516,-0.18956400508897223,-0.21884683823785064,-0.20879942136857804,3.2271094574302454e-16,0.0038218495999859836,-1.5,300000.0,0.03901166180758017,9.0,1.0,1.0,0.02259,0.1,30.0,-0.097,0.006,-0.002,1.0,1.0,True,FlowControlLab_NACA0018_quasi_steady_pressure,0.85
0.25932660326889856,0.22734437731436383,0.2606445849659313,0.19152118611392158,0.24722769683735676,0.1895640050889689,0.21884683823785184,0.20879942136857782,-0.25932660326889784,-0.22734437731436563,-0.2606445849659272,-0.1915211861139278,-0.2472276968373516,-0.18956400508897223,-0.21884683823785064,-0.20879942136857804,3.2271094574302454e-16,0.0038218495999859836,-1.0,300000.0,0.039055393586005835,9.0,1.0,1.0,0.022480000000000003,0.1,30.0,-0.04,0.006,-0.002,1.0,1.0,True,FlowControlLab_NACA0018_quasi_steady_pressure,0.85
0.25932660326889856,0.22734437731436383,0.2606445849659313,0.19152118611392158,0.24722769683735676,0.1895640050889689,0.21884683823785184,0.20879942136857782,-0.25932660326889784,-0.22734437731436563,-0.2606445849659272,-0.1915211861139278,-0.2472276968373516,-0.18956400508897223,-0.21884683823785064,-0.20879942136857804,3.2271094574302454e-16,0.0038218495999859836,-0.5,300000.0,0.03898833819241982,9.0,1.0,1.0,0.02247,0.1,30.0,0.016,0.006,-0.003,1.0,1.0,True,FlowControlLab_NACA0018_quasi_steady_pressure,0.85
0.25932660326889856,0.22734437731436383,0.2606445849659313,0.19152118611392158,0.24722769683735676,0.1895640050889689,0.21884683823785184,0.20879942136857782,-0.25932660326889784,-0.22734437731436563,-0.2606445849659272,-0.1915211861139278,-0.2472276968373516,-0.18956400508897223,-0.21884683823785064,-0.20879942136857804,3.2271094574302454e-16,0.0038218495999859836,0.0,300000.0,0.038941690962099124,9.0,1.0,1.0,0.02252,0.1,30.0,0.07,0.007,-0.002,1.0,1.0,True,FlowControlLab_NACA0018_quasi_steady_pressure,0.85
0.25932660326889856,0.22734437731436383,0.2606445849659313,0.19152118611392158,0.24722769683735676,0.1895640050889689,0.21884683823785184,0.20879942136857782,-0.25932660326889784,-0.22734437731436563,-0.2606445849659272,-0.1915211861139278,-0.2472276968373516,-0.18956400508897223,-0.21884683823785064,-0.20879942136857804,3.2271094574302454e-16,0.0038218495999859836,0.5,300000.0,0.03897376093294461,9.0,1.0,1.0,0.02258,0.1,30.0,0.124,0.007,-0.002,1.0,1.0,True,FlowControlLab_NACA0018_quasi_steady_pressure,0.85
0.25932660326889856,0.22734437731436383,0.2606445849659313,0.19152118611392158,0.24722769683735676,0.1895640050889689,0.21884683823785184,0.20879942136857782,-0.25932660326889784,-0.22734437731436563,-0.2606445849659272,-0.1915211861139278,-0.2472276968373516,-0.18956400508897223,-0.21884683823785064,-0.20879942136857804,3.2271094574302454e-16,0.0038218495999859836,1.0,300000.0,0.038970845481049565,9.0,1.0,1.0,0.02267,0.1,30.0,0.177,0.008,-0.001,1.0,1.0,True,FlowControlLab_NACA0018_quasi_steady_pressure,0.85
0.25932660326889856,0.22734437731436383,0.2606445849659313,0.19152118611392158,0.24722769683735676,0.1895640050889689,0.21884683823785184,0.20879942136857782,-0.25932660326889784,-0.22734437731436563,-0.2606445849659272,-0.1915211861139278,-0.2472276968373516,-0.18956400508897223,-0.21884683823785064,-0.20879942136857804,3.2271094574302454e-16,0.0038218495999859836,1.5,300000.0,0.03891545189504374,9.0,1.0,1.0,0.02262,0.1,30.0,0.23,0.008,-0.001,1.0,1.0,True,FlowControlLab_NACA0018_quasi_steady_pressure,0.85
0.25932660326889856,0.22734437731436383,0.2606445849659313,0.19152118611392158,0.24722769683735676,0.1895640050889689,0.21884683823785184,0.20879942136857782,-0.25932660326889784,-0.22734437731436563,-0.2606445849659272,-0.1915211861139278,-0.2472276968373516,-0.18956400508897223,-0.21884683823785064,-0.20879942136857804,3.2271094574302454e-16,0.0038218495999859836,2.0,300000.0,0.03888338192419825,9.0,1.0,1.0,0.022559999999999997,0.1,30.0,0.283,0.009,0.0,1.0,1.0,True,FlowControlLab_NACA0018_quasi_steady_pressure,0.85
0.25932660326889856,0.22734437731436383,0.2606445849659313,0.19152118611392158,0.24722769683735676,0.1895640050889689,0.21884683823785184,0.20879942136857782,-0.25932660326889784,-0.22734437731436563,-0.2606445849659272,-0.1915211861139278,-0.2472276968373516,-0.18956400508897223,-0.21884683823785064,-0.20879942136857804,3.2271094574302454e-16,0.0038218495999859836,2.5,300000.0,0.03894752186588921,9.0,1.0,1.0,0.022559999999999997,0.1,30.0,0.335,0.01,0.001,1.0,1.0,True,FlowControlLab_NACA0018_quasi_steady_pressure,0.85
0.25932660326889856,0.22734437731436383,0.2606445849659313,0.19152118611392158,0.24722769683735676,0.1895640050889689,0.21884683823785184,0.20879942136857782,-0.25932660326889784,-0.22734437731436563,-0.2606445849659272,-0.1915211861139278,-0.2472276968373516,-0.18956400508897223,-0.21884683823785064,-0.20879942136857804,3.2271094574302454e-16,0.0038218495999859836,3.0,300000.0,0.038959183673469386,9.0,1.0,1.0,0.02258,0.1,30.0,0.386,0.01,0.002,1.0,1.0,True,FlowControlLab_NACA0018_quasi_steady_pressure,0.85
0.25932660326889856,0.22734437731436383,0.2606445849659313,0.19152118611392158,0.24722769683735676,0.1895640050889689,0.21884683823785184,0.20879942136857782,-0.25932660326889784,-0.22734437731436563,-0.2606445849659272,-0.1915211861139278,-0.2472276968373516,-0.18956400508897223,-0.21884683823785064,-0.20879942136857804,3.2271094574302454e-16,0.0038218495999859836,3.5,300000.0,0.03893586005830904,9.0,1.0,1.0,0.02257,0.1,30.0,0.437,0.012,0.003,1.0,1.0,True,FlowControlLab_NACA0018_quasi_steady_pressure,0.85
0.25932660326889856,0.22734437731436383,0.2606445849659313,0.19152118611392158,0.24722769683735676,0.1895640050889689,0.21884683823785184,0.20879942136857782,-0.25932660326889784,-0.22734437731436563,-0.2606445849659272,-0.1915211861139278,-0.2472276968373516,-0.18956400508897223,-0.21884683823785064,-0.20879942136857804,3.2271094574302454e-16,0.0038218495999859836,4.0,300000.0,0.03893002915451895,9.0,1.0,1.0,0.02253,0.1,30.0,0.487,0.013,0.004,1.0,1.0,True,FlowControlLab_NACA0018_quasi_steady_pressure,0.85
0.25932660326889856,0.22734437731436383,0.2606445849659313,0.19152118611392158,0.24722769683735676,0.1895640050889689,0.21884683823785184,0.20879942136857782,-0.25932660326889784,-0.22734437731436563,-0.2606445849659272,-0.1915211861139278,-0.2472276968373516,-0.18956400508897223,-0.21884683823785064,-0.20879942136857804,3.2271094574302454e-16,0.0038218495999859836,4.5,300000.0,0.03893586005830904,9.0,1.0,1.0,0.022480000000000003,0.1,30.0,0.538,0.014,0.005,1.0,1.0,True,FlowControlLab_NACA0018_quasi_steady_pressure,0.85
0.25932660326889856,0.22734437731436383,0.2606445849659313,0.19152118611392158,0.24722769683735676,0.1895640050889689,0.21884683823785184,0.20879942136857782,-0.25932660326889784,-0.22734437731436563,-0.2606445849659272,-0.1915211861139278,-0.2472276968373516,-0.18956400508897223,-0.21884683823785064,-0.20879942136857804,3.2271094574302454e-16,0.0038218495999859836,5.0,300000.0,0.038962099125364434,9.0,1.0,1.0,0.022480000000000003,0.1,30.0,0.589,0.015,0.005,1.0,1.0,True,FlowControlLab_NACA0018_quasi_steady_pressure,0.85
0.25932660326889856,0.22734437731436383,0.2606445849659313,0.19152118611392158,0.24722769683735676,0.1895640050889689,0.21884683823785184,0.20879942136857782,-0.25932660326889784,-0.22734437731436563,-0.2606445849659272,-0.1915211861139278,-0.2472276968373516,-0.18956400508897223,-0.21884683823785064,-0.20879942136857804,3.2271094574302454e-16,0.0038218495999859836,5.5,300000.0,0.03893877551020408,9.0,1.0,1.0,0.02251,0.1,30.0,0.646,0.016,0.005,1.0,1.0,True,FlowControlLab_NACA0018_quasi_steady_pressure,0.85
0.25932660326889856,0.22734437731436383,0.2606445849659313,0.19152118611392158,0.24722769683735676,0.1895640050889689,0.21884683823785184,0.20879942136857782,-0.25932660326889784,-0.22734437731436563,-0.2606445849659272,-0.1915211861139278,-0.2472276968373516,-0.18956400508897223,-0.21884683823785064,-0.20879942136857804,3.2271094574302454e-16,0.0038218495999859836,6.0,300000.0,0.03889795918367347,9.0,1.0,1.0,0.02255,0.1,30.0,0.71,0.018,0.003,1.0,1.0,True,FlowControlLab_NACA0018_quasi_steady_pressure,0.85
0.25932660326889856,0.22734437731436383,0.2606445849659313,0.19152118611392158,0.24722769683735676,0.1895640050889689,0.21884683823785184,0.20879942136857782,-0.25932660326889784,-0.22734437731436563,-0.2606445849659272,-0.1915211861139278,-0.2472276968373516,-0.18956400508897223,-0.21884683823785064,-0.20879942136857804,3.2271094574302454e-16,0.0038218495999859836,6.5,300000.0,0.03890379008746356,9.0,1.0,1.0,0.02255,0.1,30.0,0.778,0.02,-0.0,1.0,1.0,True,FlowControlLab_NACA0018_quasi_steady_pressure,0.85
0.25932660326889856,0.22734437731436383,0.2606445849659313,0.19152118611392158,0.24722769683735676,0.1895640050889689,0.21884683823785184,0.20879942136857782,-0.25932660326889784,-0.22734437731436563,-0.2606445849659272,-0.1915211861139278,-0.2472276968373516,-0.18956400508897223,-0.21884683823785064,-0.20879942136857804,3.2271094574302454e-16,0.0038218495999859836,7.0,300000.0,0.03891253644314869,9.0,1.0,1.0,0.02252,0.1,30.0,0.846,0.022,-0.004,1.0,1.0,True,FlowControlLab_NACA0018_quasi_steady_pressure,0.85
0.25932660326889856,0.22734437731436383,0.2606445849659313,0.19152118611392158,0.24722769683735676,0.1895640050889689,0.21884683823785184,0.20879942136857782,-0.25932660326889784,-0.22734437731436563,-0.2606445849659272,-0.1915211861139278,-0.2472276968373516,-0.18956400508897223,-0.21884683823785064,-0.20879942136857804,3.2271094574302454e-16,0.0038218495999859836,7.5,300000.0,0.03893002915451895,9.0,1.0,1.0,0.02252,0.1,30.0,0.911,0.024,-0.007,1.0,1.0,True,FlowControlLab_NACA0018_quasi_steady_pressure,0.85
0.25932660326889856,0.22734437731436383,0.2606445849659313,0.19152118611392158,0.24722769683735676,0.1895640050889689,0.21884683823785184,0.20879942136857782,-0.25932660326889784,-0.22734437731436563,-0.2606445849659272,-0.1915211861139278,-0.2472276968373516,-0.18956400508897223,-0.21884683823785064,-0.20879942136857804,3.2271094574302454e-16,0.0038218495999859836,8.0,300000.0,0.03894460641399417,9.0,1.0,1.0,0.022480000000000003,0.1,30.0,0.957,0.026,-0.007,1.0,1.0,True,FlowControlLab_NACA0018_quasi_steady_pressure,0.85
0.25932660326889856,0.22734437731436383,0.2606445849659313,0.19152118611392158,0.24722769683735676,0.1895640050889689,0.21884683823785184,0.20879942136857782,-0.25932660326889784,-0.22734437731436563,-0.2606445849659272,-0.1915211861139278,-0.2472276968373516,-0.18956400508897223,-0.21884683823785064,-0.20879942136857804,3.2271094574302454e-16,0.0038218495999859836,8.5,300000.0,0.0389533527696793,9.0,1.0,1.0,0.02246,0.1,30.0,0.992,0.027,-0.004,1.0,1.0,True,FlowControlLab_NACA0018_quasi_steady_pressure,0.85
0.25932660326889856,0.22734437731436383,0.2606445849659313,0.19152118611392158,0.24722769683735676,0.1895640050889689,0.21884683823785184,0.20879942136857782,-0.25932660326889784,-0.22734437731436563,-0.2606445849659272,-0.1915211861139278,-0.2472276968373516,-0.18956400508897223,-0.21884683823785064,-0.20879942136857804,3.2271094574302454e-16,0.0038218495999859836,9.0,300000.0,0.03898250728862974,9.0,1.0,1.0,0.02251,0.1,30.0,1.023,0.028,-0.0,1.0,1.0,True,FlowControlLab_NACA0018_quasi_steady_pressure,0.85
0.25932660326889856,0.22734437731436383,0.2606445849659313,0.19152118611392158,0.24722769683735676,0.1895640050889689,0.21884683823785184,0.20879942136857782,-0.25932660326889784,-0.22734437731436563,-0.2606445849659272,-0.1915211861139278,-0.2472276968373516,-0.18956400508897223,-0.21884683823785064,-0.20879942136857804,3.2271094574302454e-16,0.0038218495999859836,9.5,300000.0,0.03897376093294461,9.0,1.0,1.0,0.02255,0.1,30.0,1.046,0.029,0.005,1.0,1.0,True,FlowControlLab_NACA0018_quasi_steady_pressure,0.85
0.25932660326889856,0.22734437731436383,0.2606445849659313,0.19152118611392158,0.24722769683735676,0.1895640050889689,0.21884683823785184,0.20879942136857782,-0.25932660326889784,-0.22734437731436563,-0.2606445849659272,-0.1915211861139278,-0.2472276968373516,-0.18956400508897223,-0.21884683823785064,-0.20879942136857804,3.2271094574302454e-16,0.0038218495999859836,10.0,300000.0,0.03898250728862974,9.0,1.0,1.0,0.022559999999999997,0.1,30.0,1.066,0.031,0.01,1.0,1.0,True,FlowControlLab_NACA0018_quasi_steady_pressure,0.85
0.25932660326889856,0.22734437731436383,0.2606445849659313,0.19152118611392158,0.24722769683735676,0.1895640050889689,0.21884683823785184,0.20879942136857782,-0.25932660326889784,-0.22734437731436563,-0.2606445849659272,-0.1915211861139278,-0.2472276968373516,-0.18956400508897223,-0.21884683823785064,-0.20879942136857804,3.2271094574302454e-16,0.0038218495999859836,10.5,300000.0,0.03901457725947522,9.0,1.0,1.0,0.02257,0.1,30.0,1.086,0.033,0.015,1.0,1.0,True,FlowControlLab_NACA0018_quasi_steady_pressure,0.85
0.25932660326889856,0.22734437731436383,0.2606445849659313,0.19152118611392158,0.24722769683735676,0.1895640050889689,0.21884683823785184,0.20879942136857782,-0.25932660326889784,-0.22734437731436563,-0.2606445849659272,-0.1915211861139278,-0.2472276968373516,-0.18956400508897223,-0.21884683823785064,-0.20879942136857804,3.2271094574302454e-16,0.0038218495999859836,11.0,300000.0,0.039058309037900876,9.0,1.0,1.0,0.02249,0.1,30.0,1.101,0.035,0.018,1.0,1.0,True,FlowControlLab_NACA0018_quasi_steady_pressure,0.85
0.25932660326889856,0.22734437731436383,0.2606445849659313,0.19152118611392158,0.24722769683735676,0.1895640050889689,0.21884683823785184,0.20879942136857782,-0.25932660326889784,-0.22734437731436563,-0.2606445849659272,-0.1915211861139278,-0.2472276968373516,-0.18956400508897223,-0.21884683823785064,-0.20879942136857804,3.2271094574302454e-16,0.0038218495999859836,11.5,300000.0,0.039034985422740524,9.0,1.0,1.0,0.02247,0.1,30.0,1.112,0.038,0.02,1.0,1.0,True,FlowControlLab_NACA0018_quasi_steady_pressure,0.85
0.25932660326889856,0.22734437731436383,0.2606445849659313,0.19152118611392158,0.24722769683735676,0.1895640050889689,0.21884683823785184,0.20879942136857782,-0.25932660326889784,-0.22734437731436563,-0.2606445849659272,-0.1915211861139278,-0.2472276968373516,-0.18956400508897223,-0.21884683823785064,-0.20879942136857804,3.2271094574302454e-16,0.0038218495999859836,12.0,300000.0,0.03891836734693878,9.0,1.0,1.0,0.02252,0.1,30.0,1.125,0.043,0.02,1.0,1.0,True,FlowControlLab_NACA0018_quasi_steady_pressure,0.85
0.25932660326889856,0.22734437731436383,0.2606445849659313,0.19152118611392158,0.24722769683735676,0.1895640050889689,0.21884683823785184,0.20879942136857782,-0.25932660326889784,-0.22734437731436563,-0.2606445849659272,-0.1915211861139278,-0.2472276968373516,-0.18956400508897223,-0.21884683823785064,-0.20879942136857804,3.2271094574302454e-16,0.0038218495999859836,12.5,300000.0,0.03884548104956268,9.0,1.0,1.0,0.02251,0.1,30.0,1.131,0.047,0.02,1.0,1.0,True,FlowControlLab_NACA0018_quasi_steady_pressure,0.85
0.25932660326889856,0.22734437731436383,0.2606445849659313,0.19152118611392158,0.24722769683735676,0.1895640050889689,0.21884683823785184,0.20879942136857782,-0.25932660326889784,-0.22734437731436563,-0.2606445849659272,-0.1915211861139278,-0.2472276968373516,-0.18956400508897223,-0.21884683823785064,-0.20879942136857804,3.2271094574302454e-16,0.0038218495999859836,13.0,300000.0,0.03882798833819242,9.0,1.0,1.0,0.02253,0.1,30.0,1.136,0.054,0.017,1.0,1.0,True,FlowControlLab_NACA0018_quasi_steady_pressure,0.85
0.25932660326889856,0.22734437731436383,0.2606445849659313,0.19152118611392158,0.24722769683735676,0.1895640050889689,0.21884683823785184,0.20879942136857782,-0.25932660326889784,-0.22734437731436563,-0.2606445849659272,-0.1915211861139278,-0.2472276968373516,-0.18956400508897223,-0.21884683823785064,-0.20879942136857804,3.2271094574302454e-16,0.0038218495999859836,13.5,300000.0,0.03883090379008747,9.0,1.0,1.0,0.02254,0.1,30.0,1.136,0.061,0.014,1.0,1.0,True,FlowControlLab_NACA0018_quasi_steady_pressure,0.85
0.25932660326889856,0.22734437731436383,0.2606445849659313,0.19152118611392158,0.24722769683735676,0.1895640050889689,0.21884683823785184,0.20879942136857782,-0.25932660326889784,-0.22734437731436563,-0.2606445849659272,-0.1915211861139278,-0.2472276968373516,-0.18956400508897223,-0.21884683823785064,-0.20879942136857804,3.2271094574302454e-16,0.0038218495999859836,14.0,300000.0,0.03879591836734694,9.0,1.0,1.0,0.02251,0.1,30.0,1.131,0.068,0.013,1.0,1.0,True,FlowControlLab_NACA0018_quasi_steady_pressure,0.85
0.25932660326889856,0.22734437731436383,0.2606445849659313,0.19152118611392158,0.24722769683735676,0.1895640050889689,0.21884683823785184,0.20879942136857782,-0.25932660326889784,-0.22734437731436563,-0.2606445849659272,-0.1915211861139278,-0.2472276968373516,-0.18956400508897223,-0.21884683823785064,-0.20879942136857804,3.2271094574302454e-16,0.0038218495999859836,14.5,300000.0,0.038804664723032074,9.0,1.0,1.0,0.02251,0.1,30.0,1.134,0.076,0.012,1.0,1.0,True,FlowControlLab_NACA0018_quasi_steady_pressure,0.85
0.25932660326889856,0.22734437731436383,0.2606445849659313,0.19152118611392158,0.24722769683735676,0.1895640050889689,0.21884683823785184,0.20879942136857782,-0.25932660326889784,-0.22734437731436563,-0.2606445849659272,-0.1915211861139278,-0.2472276968373516,-0.18956400508897223,-0.21884683823785064,-0.20879942136857804,3.2271094574302454e-16,0.0038218495999859836,15.0,300000.0,0.0388600583090379,9.0,1.0,1.0,0.022559999999999997,0.1,30.0,1.142,0.084,0.014,1.0,1.0,True,FlowControlLab_NACA0018_quasi_steady_pressure,0.85
0.25932660326889856,0.22734437731436383,0.2606445849659313,0.19152118611392158,0.24722769683735676,0.1895640050889689,0.21884683823785184,0.20879942136857782,-0.25932660326889784,-0.22734437731436563,-0.2606445849659272,-0.1915211861139278,-0.2472276968373516,-0.18956400508897223,-0.21884683823785064,-0.20879942136857804,3.2271094574302454e-16,0.0038218495999859836,15.5,300000.0,0.03893877551020408,9.0,1.0,1.0,0.022639999999999997,0.1,30.0,1.16,0.092,0.016,1.0,1.0,True,FlowControlLab_NACA0018_quasi_steady_pressure,0.85
0.25932660326889856,0.22734437731436383,0.2606445849659313,0.19152118611392158,0.24722769683735676,0.1895640050889689,0.21884683823785184,0.20879942136857782,-0.25932660326889784,-0.22734437731436563,-0.2606445849659272,-0.1915211861139278,-0.2472276968373516,-0.18956400508897223,-0.21884683823785064,-0.20879942136857804,3.2271094574302454e-16,0.0038218495999859836,16.0,300000.0,0.03897376093294461,9.0,1.0,1.0,0.0227,0.1,30.0,1.182,0.104,0.015,1.0,1.0,True,FlowControlLab_NACA0018_quasi_steady_pressure,0.85
0.25932660326889856,0.22734437731436383,0.2606445849659313,0.19152118611392158,0.24722769683735676,0.1895640050889689,0.21884683823785184,0.20879942136857782,-0.25932660326889784,-0.22734437731436563,-0.2606445849659272,-0.1915211861139278,-0.2472276968373516,-0.18956400508897223,-0.21884683823785064,-0.20879942136857804,3.2271094574302454e-16,0.0038218495999859836,16.5,300000.0,0.03893877551020408,9.0,1.0,1.0,0.02261,0.1,30.0,1.185,0.115,0.012,1.0,1.0,True,FlowControlLab_NACA0018_quasi_steady_pressure,0.85
0.25932660326889856,0.22734437731436383,0.2606445849659313,0.19152118611392158,0.24722769683735676,0.1895640050889689,0.21884683823785184,0.20879942136857782,-0.25932660326889784,-0.22734437731436563,-0.2606445849659272,-0.1915211861139278,-0.2472276968373516,-0.18956400508897223,-0.21884683823785064,-0.20879942136857804,3.2271094574302454e-16,0.0038218495999859836,17.0,300000.0,0.038941690962099124,9.0,1.0,1.0,0.02253,0.1,30.0,1.184,0.125,0.007,1.0,1.0,True,FlowControlLab_NACA0018_quasi_steady_pressure,0.85
0.25932660326889856,0.22734437731436383,0.2606445849659313,0.19152118611392158,0.24722769683735676,0.1895640050889689,0.21884683823785184,0.20879942136857782,-0.25932660326889784,-0.22734437731436563,-0.2606445849659272,-0.1915211861139278,-0.2472276968373516,-0.18956400508897223,-0.21884683823785064,-0.20879942136857804,3.2271094574302454e-16,0.0038218495999859836,17.5,300000.0,0.03894752186588921,9.0,1.0,1.0,0.02251,0.1,30.0,1.193,0.138,0.003,1.0,1.0,True,FlowControlLab_NACA0018_quasi_steady_pressure,0.85
0.25932660326889856,0.22734437731436383,0.2606445849659313,0.19152118611392158,0.24722769683735676,0.1895640050889689,0.21884683823785184,0.20879942136857782,-0.25932660326889784,-0.22734437731436563,-0.2606445849659272,-0.1915211861139278,-0.2472276968373516,-0.18956400508897223,-0.21884683823785064,-0.20879942136857804,3.2271094574302454e-16,0.0038218495999859836,18.0,300000.0,0.038970845481049565,9.0,1.0,1.0,0.02258,0.1,30.0,1.21,0.154,-0.004,1.0,1.0,True,FlowControlLab_NACA0018_quasi_steady_pressure,0.85
0.25932660326889856,0.22734437731436383,0.2606445849659313,0.19152118611392158,0.24722769683735676,0.1895640050889689,0.21884683823785184,0.20879942136857782,-0.25932660326889784,-0.22734437731436563,-0.2606445849659272,-0.1915211861139278,-0.2472276968373516,-0.18956400508897223,-0.21884683823785064,-0.20879942136857804,3.2271094574302454e-16,0.0038218495999859836,18.5,300000.0,0.038950437317784255,9.0,1.0,1.0,0.02265,0.1,30.0,1.218,0.171,-0.011,1.0,1.0,True,FlowControlLab_NACA0018_quasi_steady_pressure,0.85
0.25932660326889856,0.22734437731436383,0.2606445849659313,0.19152118611392158,0.24722769683735676,0.1895640050889689,0.21884683823785184,0.20879942136857782,-0.25932660326889784,-0.22734437731436563,-0.2606445849659272,-0.1915211861139278,-0.2472276968373516,-0.18956400508897223,-0.21884683823785064,-0.20879942136857804,3.2271094574302454e-16,0.0038218495999859836,19.0,300000.0,0.03890379008746356,9.0,1.0,1.0,0.02254,0.1,30.0,1.205,0.182,-0.015,1.0,1.0,True,FlowControlLab_NACA0018_quasi_steady_pressure,0.85
0.25932660326889856,0.22734437731436383,0.2606445849659313,0.19152118611392158,0.24722769683735676,0.1895640050889689,0.21884683823785184,0.20879942136857782,-0.25932660326889784,-0.22734437731436563,-0.2606445849659272,-0.1915211861139278,-0.2472276968373516,-0.18956400508897223,-0.21884683823785064,-0.20879942136857804,3.2271094574302454e-16,0.0038218495999859836,19.5,300000.0,0.03888629737609329,9.0,1.0,1.0,0.0225,0.1,30.0,1.2,0.195,-0.02,1.0,1.0,True,FlowControlLab_NACA0018_quasi_steady_pressure,0.85
0.25932660326889856,0.22734437731436383,0.2606445849659313,0.19152118611392158,0.24722769683735676,0.1895640050889689,0.21884683823785184,0.20879942136857782,-0.25932660326889784,-0.22734437731436563,-0.2606445849659272,-0.1915211861139278,-0.2472276968373516,-0.18956400508897223,-0.21884683823785064,-0.20879942136857804,3.2271094574302454e-16,0.0038218495999859836,20.0,300000.0,0.03885422740524781,9.0,1.0,1.0,0.02255,0.1,30.0,1.193,0.21,-0.027,1.0,1.0,True,FlowControlLab_NACA0018_quasi_steady_pressure,0.85
0.25932660326889856,0.22734437731436383,0.2606445849659313,0.19152118611392158,0.24722769683735676,0.1895640050889689,0.21884683823785184,0.20879942136857782,-0.25932660326889784,-0.22734437731436563,-0.2606445849659272,-0.1915211861139278,-0.2472276968373516,-0.18956400508897223,-0.21884683823785064,-0.20879942136857804,3.2271094574302454e-16,0.0038218495999859836,20.5,300000.0,0.03888921282798834,9.0,1.0,1.0,0.022559999999999997,0.1,30.0,1.198,0.226,-0.034,1.0,1.0,True,FlowControlLab_NACA0018_quasi_steady_pressure,0.85
0.25932660326889856,0.22734437731436383,0.2606445849659313,0.19152118611392158,0.24722769683735676,0.1895640050889689,0.21884683823785184,0.20879942136857782,-0.25932660326889784,-0.22734437731436563,-0.2606445849659272,-0.1915211861139278,-0.2472276968373516,-0.18956400508897223,-0.21884683823785064,-0.20879942136857804,3.2271094574302454e-16,0.0038218495999859836,21.0,300000.0,0.0388600583090379,9.0,1.0,1.0,0.022629999999999997,0.1,30.0,1.22,0.242,-0.04,1.0,1.0,True,FlowControlLab_NACA0018_quasi_steady_pressure,0.85
0.25932660326889856,0.22734437731436383,0.2606445849659313,0.19152118611392158,0.24722769683735676,0.1895640050889689,0.21884683823785184,0.20879942136857782,-0.25932660326889784,-0.22734437731436563,-0.2606445849659272,-0.1915211861139278,-0.2472276968373516,-0.18956400508897223,-0.21884683823785064,-0.20879942136857804,3.2271094574302454e-16,0.0038218495999859836,21.5,300000.0,0.03876967930029154,9.0,1.0,1.0,0.0227,0.1,30.0,1.23,0.255,-0.043,1.0,1.0,True,FlowControlLab_NACA0018_quasi_steady_pressure,0.85
0.25932660326889856,0.22734437731436383,0.2606445849659313,0.19152118611392158,0.24722769683735676,0.1895640050889689,0.21884683823785184,0.20879942136857782,-0.25932660326889784,-0.22734437731436563,-0.2606445849659272,-0.1915211861139278,-0.2472276968373516,-0.18956400508897223,-0.21884683823785064,-0.20879942136857804,3.2271094574302454e-16,0.0038218495999859836,22.0,300000.0,0.038790087463556853,9.0,1.0,1.0,0.022639999999999997,0.1,30.0,1.232,0.267,-0.047,1.0,1.0,True,FlowControlLab_NACA0018_quasi_steady_pressure,0.85
0.25932660326889856,0.22734437731436383,0.2606445849659313,0.19152118611392158,0.24722769683735676,0.1895640050889689,0.21884683823785184,0.20879942136857782,-0.25932660326889784,-0.22734437731436563,-0.2606445849659272,-0.1915211861139278,-0.2472276968373516,-0.18956400508897223,-0.21884683823785064,-0.20879942136857804,3.2271094574302454e-16,0.0038218495999859836,22.5,300000.0,0.038807580174927116,9.0,1.0,1.0,0.02257,0.1,30.0,1.243,0.279,-0.049,1.0,1.0,True,FlowControlLab_NACA0018_quasi_steady_pressure,0.85
0.25932660326889856,0.22734437731436383,0.2606445849659313,0.19152118611392158,0.24722769683735676,0.1895640050889689,0.21884683823785184,0.20879942136857782,-0.25932660326889784,-0.22734437731436563,-0.2606445849659272,-0.1915211861139278,-0.2472276968373516,-0.18956400508897223,-0.21884683823785064,-0.20879942136857804,3.2271094574302454e-16,0.0038218495999859836,23.0,300000.0,0.038801749271137026,9.0,1.0,1.0,0.02259,0.1,30.0,1.257,0.291,-0.05,1.0,1.0,True,FlowControlLab_NACA0018_quasi_steady_pressure,0.85
0.25932660326889856,0.22734437731436383,0.2606445849659313,0.19152118611392158,0.24722769683735676,0.1895640050889689,0.21884683823785184,0.20879942136857782,-0.25932660326889784,-0.22734437731436563,-0.2606445849659272,-0.1915211861139278,-0.2472276968373516,-0.18956400508897223,-0.21884683823785064,-0.20879942136857804,3.2271094574302454e-16,0.0038218495999859836,23.5,300000.0,0.038804664723032074,9.0,1.0,1.0,0.02267,0.1,30.0,1.267,0.306,-0.054,1.0,1.0,True,FlowControlLab_NACA0018_quasi_steady_pressure,0.85
0.25932660326889856,0.22734437731436383,0.2606445849659313,0.19152118611392158,0.24722769683735676,0.1895640050889689,0.21884683823785184,0.20879942136857782,-0.25932660326889784,-0.22734437731436563,-0.2606445849659272,-0.1915211861139278,-0.2472276968373516,-0.18956400508897223,-0.21884683823785064,-0.20879942136857804,3.2271094574302454e-16,0.0038218495999859836,24.0,300000.0,0.03884256559766764,9.0,1.0,1.0,0.02267,0.1,30.0,1.277,0.321,-0.059,1.0,1.0,True,FlowControlLab_NACA0018_quasi_steady_pressure,0.85
0.25932660326889856,0.22734437731436383,0.2606445849659313,0.19152118611392158,0.24722769683735676,0.1895640050889689,0.21884683823785184,0.20879942136857782,-0.25932660326889784,-0.22734437731436563,-0.2606445849659272,-0.1915211861139278,-0.2472276968373516,-0.18956400508897223,-0.21884683823785064,-0.20879942136857804,3.2271094574302454e-16,0.0038218495999859836,24.5,300000.0,0.03882507288629738,9.0,1.0,1.0,0.02259,0.1,30.0,1.27,0.332,-0.062,1.0,1.0,True,FlowControlLab_NACA0018_quasi_steady_pressure,0.85
0.25932660326889856,0.22734437731436383,0.2606445849659313,0.19152118611392158,0.24722769683735676,0.1895640050889689,0.21884683823785184,0.20879942136857782,-0.25932660326889784,-0.22734437731436563,-0.2606445849659272,-0.1915211861139278,-0.2472276968373516,-0.18956400508897223,-0.21884683823785064,-0.20879942136857804,3.2271094574302454e-16,0.0038218495999859836,25.0,300000.0,0.03875218658892128,9.0,1.0,1.0,0.02258,0.1,30.0,1.26,0.342,-0.065,1.0,1.0,True,FlowControlLab_NACA0018_quasi_steady_pressure,0.85
0.25932660326889856,0.22734437731436383,0.2606445849659313,0.19152118611392158,0.24722769683735676,0.1895640050889689,0.21884683823785184,0.20879942136857782,-0.25932660326889784,-0.22734437731436563,-0.2606445849659272,-0.1915211861139278,-0.2472276968373516,-0.18956400508897223,-0.21884683823785064,-0.20879942136857804,3.2271094574302454e-16,0.0038218495999859836,25.5,300000.0,0.038723032069970846,9.0,1.0,1.0,0.022690000000000002,0.1,30.0,1.27,0.359,-0.072,1.0,1.0,True,FlowControlLab_NACA0018_quasi_steady_pressure,0.85
0.25932660326889856,0.22734437731436383,0.2606445849659313,0.19152118611392158,0.24722769683735676,0.1895640050889689,0.21884683823785184,0.20879942136857782,-0.25932660326889784,-0.22734437731436563,-0.2606445849659272,-0.1915211861139278,-0.2472276968373516,-0.18956400508897223,-0.21884683823785064,-0.20879942136857804,3.2271094574302454e-16,0.0038218495999859836,26.0,300000.0,0.03874635568513119,9.0,1.0,1.0,0.02274,0.1,30.0,1.268,0.376,-0.077,1.0,1.0,True,FlowControlLab_NACA0018_quasi_steady_pressure,0.85
0.25932660326889856,0.22734437731436383,0.2606445849659313,0.19152118611392158,0.24722769683735676,0.1895640050889689,0.21884683823785184,0.20879942136857782,-0.25932660326889784,-0.22734437731436563,-0.2606445849659272,-0.1915211861139278,-0.2472276968373516,-0.18956400508897223,-0.21884683823785064,-0.20879942136857804,3.2271094574302454e-16,0.0038218495999859836,26.5,300000.0,0.038772594752186584,9.0,1.0,1.0,0.022709999999999998,0.1,30.0,1.253,0.393,-0.083,1.0,1.0,True,FlowControlLab_NACA0018_quasi_steady_pressure,0.85
0.25932660326889856,0.22734437731436383,0.2606445849659313,0.19152118611392158,0.24722769683735676,0.1895640050889689,0.21884683823785184,0.20879942136857782,-0.25932660326889784,-0.22734437731436563,-0.2606445849659272,-0.1915211861139278,-0.2472276968373516,-0.18956400508897223,-0.21884683823785064,-0.20879942136857804,3.2271094574302454e-16,0.0038218495999859836,27.0,300000.0,0.038711370262390674,9.0,1.0,1.0,0.02276,0.1,30.0,1.248,0.433,-0.101,1.0,1.0,True,FlowControlLab_NACA0018_quasi_steady_pressure,0.85
0.25932660326889856,0.22734437731436383,0.2606445849659313,0.19152118611392158,0.24722769683735676,0.1895640050889689,0.21884683823785184,0.20879942136857782,-0.25932660326889784,-0.22734437731436563,-0.2606445849659272,-0.1915211861139278,-0.2472276968373516,-0.18956400508897223,-0.21884683823785064,-0.20879942136857804,3.2271094574302454e-16,0.0038218495999859836,27.5,300000.0,0.03872594752186589,9.0,1.0,1.0,0.022789999999999998,0.1,30.0,1.233,0.481,-0.121,1.0,1.0,True,FlowControlLab_NACA0018_quasi_steady_pressure,0.85
0.25932660326889856,0.22734437731436383,0.2606445849659313,0.19152118611392158,0.24722769683735676,0.1895640050889689,0.21884683823785184,0.20879942136857782,-0.25932660326889784,-0.22734437731436563,-0.2606445849659272,-0.1915211861139278,-0.2472276968373516,-0.18956400508897223,-0.21884683823785064,-0.20879942136857804,3.2271094574302454e-16,0.0038218495999859836,28.0,300000.0,0.03873760932944607,9.0,1.0,1.0,0.022860000000000002,0.1,30.0,1.217,0.529,-0.136,1.0,1.0,True,FlowControlLab_NACA0018_quasi_steady_pressure,0.85
0.25932660326889856,0.22734437731436383,0.2606445849659313,0.19152118611392158,0.24722769683735676,0.1895640050889689,0.21884683823785184,0.20879942136857782,-0.25932660326889784,-0.22734437731436563,-0.2606445849659272,-0.1915211861139278,-0.2472276968373516,-0.18956400508897223,-0.21884683823785064,-0.20879942136857804,3.2271094574302454e-16,0.0038218495999859836,28.5,300000.0,0.03866763848396501,9.0,1.0,1.0,0.02291,0.1,30.0,1.17,0.561,-0.138,1.0,1.0,True,FlowControlLab_NACA0018_quasi_steady_pressure,0.85
0.25932660326889856,0.22734437731436383,0.2606445849659313,0.19152118611392158,0.24722769683735676,0.1895640050889689,0.21884683823785184,0.20879942136857782,-0.25932660326889784,-0.22734437731436563,-0.2606445849659272,-0.1915211861139278,-0.2472276968373516,-0.18956400508897223,-0.21884683823785064,-0.20879942136857804,3.2271094574302454e-16,0.0038218495999859836,29.0,300000.0,0.0386064139941691,9.0,1.0,1.0,0.022869999999999998,0.1,30.0,1.084,0.561,-0.124,1.0,1.0,True,FlowControlLab_NACA0018_quasi_steady_pressure,0.85
0.25932660326889856,0.22734437731436383,0.2606445849659313,0.19152118611392158,0.24722769683735676,0.1895640050889689,0.21884683823785184,0.20879942136857782,-0.25932660326889784,-0.22734437731436563,-0.2606445849659272,-0.1915211861139278,-0.2472276968373516,-0.18956400508897223,-0.21884683823785064,-0.20879942136857804,3.2271094574302454e-16,0.0038218495999859836,29.5,300000.0,0.038521865889212824,9.0,1.0,1.0,0.022869999999999998,0.1,30.0,1.027,0.573,-0.117,1.0,1.0,True,FlowControlLab_NACA0018_quasi_steady_pressure,0.85
0.25932660326889856,0.22734437731436383,0.2606445849659313,0.19152118611392158,0.24722769683735676,0.1895640050889689,0.21884683823785184,0.20879942136857782,-0.25932660326889784,-0.22734437731436563,-0.2606445849659272,-0.1915211861139278,-0.2472276968373516,-0.18956400508897223,-0.21884683823785064,-0.20879942136857804,3.2271094574302454e-16,0.0038218495999859836,30.0,300000.0,0.03849271137026239,9.0,1.0,1.0,0.0229,0.1,30.0,1.026,0.604,-0.123,1.0,1.0,True,FlowControlLab_NACA0018_quasi_steady_pressure,0.85
0.25932660326889856,0.22734437731436383,0.2606445849659313,0.19152118611392158,0.24722769683735676,0.1895640050889689,0.21884683823785184,0.20879942136857782,-0.25932660326889784,-0.22734437731436563,-0.2606445849659272,-0.1915211861139278,-0.2472276968373516,-0.18956400508897223,-0.21884683823785064,-0.20879942136857804,3.2271094574302454e-16,0.0038218495999859836,30.5,300000.0,0.03851603498542274,9.0,1.0,1.0,0.022940000000000002,0.1,30.0,1.051,0.639,-0.133,1.0,1.0,True,FlowControlLab_NACA0018_quasi_steady_pressure,0.85
0.25932660326889856,0.22734437731436383,0.2606445849659313,0.19152118611392158,0.24722769683735676,0.1895640050889689,0.21884683823785184,0.20879942136857782,-0.25932660326889784,-0.22734437731436563,-0.2606445849659272,-0.1915211861139278,-0.2472276968373516,-0.18956400508897223,-0.21884683823785064,-0.20879942136857804,3.2271094574302454e-16,0.0038218495999859836,31.0,300000.0,0.038478134110787175,9.0,1.0,1.0,0.02299,0.1,30.0,1.087,0.682,-0.147,1.0,1.0,True,FlowControlLab_NACA0018_quasi_steady_pressure,0.85
0.25932660326889856,0.22734437731436383,0.2606445849659313,0.19152118611392158,0.24722769683735676,0.1895640050889689,0.21884683823785184,0.20879942136857782,-0.25932660326889784,-0.22734437731436563,-0.2606445849659272,-0.1915211861139278,-0.2472276968373516,-0.18956400508897223,-0.21884683823785064,-0.20879942136857804,3.2271094574302454e-16,0.0038218495999859836,31.5,300000.0,0.038379008746355685,9.0,1.0,1.0,0.023010000000000003,0.1,30.0,1.118,0.722,-0.159,1.0,1.0,True,FlowControlLab_NACA0018_quasi_steady_pressure,0.85
0.25932660326889856,0.22734437731436383,0.2606445849659313,0.19152118611392158,0.24722769683735676,0.1895640050889689,0.21884683823785184,0.20879942136857782,-0.25932660326889784,-0.22734437731436563,-0.2606445849659272,-0.1915211861139278,-0.2472276968373516,-0.18956400508897223,-0.21884683823785064,-0.20879942136857804,3.2271094574302454e-16,0.0038218495999859836,32.0,300000.0,0.03832361516034985,9.0,1.0,1.0,0.02306,0.1,30.0,1.132,0.746,-0.166,1.0,1.0,True,FlowControlLab_NACA0018_quasi_steady_pressure,0.85
0.25932660326889856,0.22734437731436383,0.2606445849659313,0.19152118611392158,0.24722769683735676,0.1895640050889689,0.21884683823785184,0.20879942136857782,-0.25932660326889784,-0.22734437731436563,-0.2606445849659272,-0.1915211861139278,-0.2472276968373516,-0.18956400508897223,-0.21884683823785064,-0.20879942136857804,3.2271094574302454e-16,0.0038218495999859836,-2.0,300000.0,0.038950437317784255,9.0,1.0,1.0,0.03268,0.1,30.0,-0.111,1e-06,-0.005,1.0,1.0,True,FlowControlLab_NACA0018_quasi_steady_pressure,0.85
0.25932660326889856,0.22734437731436383,0.2606445849659313,0.19152118611392158,0.24722769683735676,0.1895640050889689,0.21884683823785184,0.20879942136857782,-0.25932660326889784,-0.22734437731436563,-0.2606445849659272,-0.1915211861139278,-0.2472276968373516,-0.18956400508897223,-0.21884683823785064,-0.20879942136857804,3.2271094574302454e-16,0.0038218495999859836,-1.5,300000.0,0.03901166180758017,9.0,1.0,1.0,0.03263,0.1,30.0,-0.055,1e-06,-0.005,1.0,1.0,True,FlowControlLab_NACA0018_quasi_steady_pressure,0.85
0.25932660326889856,0.22734437731436383,0.2606445849659313,0.19152118611392158,0.24722769683735676,0.1895640050889689,0.21884683823785184,0.20879942136857782,-0.25932660326889784,-0.22734437731436563,-0.2606445849659272,-0.1915211861139278,-0.2472276968373516,-0.18956400508897223,-0.21884683823785064,-0.20879942136857804,3.2271094574302454e-16,0.0038218495999859836,-1.0,300000.0,0.039055393586005835,9.0,1.0,1.0,0.032690000000000004,0.1,30.0,0.004,1e-06,-0.005,1.0,1.0,True,FlowControlLab_NACA0018_quasi_steady_pressure,0.85
0.25932660326889856,0.22734437731436383,0.2606445849659313,0.19152118611392158,0.24722769683735676,0.1895640050889689,0.21884683823785184,0.20879942136857782,-0.25932660326889784,-0.22734437731436563,-0.2606445849659272,-0.1915211861139278,-0.2472276968373516,-0.18956400508897223,-0.21884683823785064,-0.20879942136857804,3.2271094574302454e-16,0.0038218495999859836,-0.5,300000.0,0.03898833819241982,9.0,1.0,1.0,0.032639999999999995,0.1,30.0,0.06,1e-06,-0.006,1.0,1.0,True,FlowControlLab_NACA0018_quasi_steady_pressure,0.85
0.25932660326889856,0.22734437731436383,0.2606445849659313,0.19152118611392158,0.24722769683735676,0.1895640050889689,0.21884683823785184,0.20879942136857782,-0.25932660326889784,-0.22734437731436563,-0.2606445849659272,-0.1915211861139278,-0.2472276968373516,-0.18956400508897223,-0.21884683823785064,-0.20879942136857804,3.2271094574302454e-16,0.0038218495999859836,0.0,300000.0,0.038941690962099124,9.0,1.0,1.0,0.032440000000000004,0.1,30.0,0.115,0.001,-0.006,1.0,1.0,True,FlowControlLab_NACA0018_quasi_steady_pressure,0.85
0.25932660326889856,0.22734437731436383,0.2606445849659313,0.19152118611392158,0.24722769683735676,0.1895640050889689,0.21884683823785184,0.20879942136857782,-0.25932660326889784,-0.22734437731436563,-0.2606445849659272,-0.1915211861139278,-0.2472276968373516,-0.18956400508897223,-0.21884683823785064,-0.20879942136857804,3.2271094574302454e-16,0.0038218495999859836,0.5,300000.0,0.03897376093294461,9.0,1.0,1.0,0.03249,0.1,30.0,0.17,0.001,-0.005,1.0,1.0,True,FlowControlLab_NACA0018_quasi_steady_pressure,0.85
0.25932660326889856,0.22734437731436383,0.2606445849659313,0.19152118611392158,0.24722769683735676,0.1895640050889689,0.21884683823785184,0.20879942136857782,-0.25932660326889784,-0.22734437731436563,-0.2606445849659272,-0.1915211861139278,-0.2472276968373516,-0.18956400508897223,-0.21884683823785064,-0.20879942136857804,3.2271094574302454e-16,0.0038218495999859836,1.0,300000.0,0.038970845481049565,9.0,1.0,1.0,0.03256,0.1,30.0,0.226,0.002,-0.005,1.0,1.0,True,FlowControlLab_NACA0018_quasi_steady_pressure,0.85
0.25932660326889856,0.22734437731436383,0.2606445849659313,0.19152118611392158,0.24722769683735676,0.1895640050889689,0.21884683823785184,0.20879942136857782,-0.25932660326889784,-0.22734437731436563,-0.2606445849659272,-0.1915211861139278,-0.2472276968373516,-0.18956400508897223,-0.21884683823785064,-0.20879942136857804,3.2271094574302454e-16,0.0038218495999859836,1.5,300000.0,0.03891545189504374,9.0,1.0,1.0,0.03253,0.1,30.0,0.281,0.003,-0.005,1.0,1.0,True,FlowControlLab_NACA0018_quasi_steady_pressure,0.85
0.25932660326889856,0.22734437731436383,0.2606445849659313,0.19152118611392158,0.24722769683735676,0.1895640050889689,0.21884683823785184,0.20879942136857782,-0.25932660326889784,-0.22734437731436563,-0.2606445849659272,-0.1915211861139278,-0.2472276968373516,-0.18956400508897223,-0.21884683823785064,-0.20879942136857804,3.2271094574302454e-16,0.0038218495999859836,2.0,300000.0,0.03888338192419825,9.0,1.0,1.0,0.03257,0.1,30.0,0.337,0.004,-0.005,1.0,1.0,True,FlowControlLab_NACA0018_quasi_steady_pressure,0.85
0.25932660326889856,0.22734437731436383,0.2606445849659313,0.19152118611392158,0.24722769683735676,0.1895640050889689,0.21884683823785184,0.20879942136857782,-0.25932660326889784,-0.22734437731436563,-0.2606445849659272,-0.1915211861139278,-0.2472276968373516,-0.18956400508897223,-0.21884683823785064,-0.20879942136857804,3.2271094574302454e-16,0.0038218495999859836,2.5,300000.0,0.03894752186588921,9.0,1.0,1.0,0.03252,0.1,30.0,0.391,0.004,-0.004,1.0,1.0,True,FlowControlLab_NACA0018_quasi_steady_pressure,0.85
0.25932660326889856,0.22734437731436383,0.2606445849659313,0.19152118611392158,0.24722769683735676,0.1895640050889689,0.21884683823785184,0.20879942136857782,-0.25932660326889784,-0.22734437731436563,-0.2606445849659272,-0.1915211861139278,-0.2472276968373516,-0.18956400508897223,-0.21884683823785064,-0.20879942136857804,3.2271094574302454e-16,0.0038218495999859836,3.0,300000.0,0.038959183673469386,9.0,1.0,1.0,0.032440000000000004,0.1,30.0,0.443,0.005,-0.004,1.0,1.0,True,FlowControlLab_NACA0018_quasi_steady_pressure,0.85
0.25932660326889856,0.22734437731436383,0.2606445849659313,0.19152118611392158,0.24722769683735676,0.1895640050889689,0.21884683823785184,0.20879942136857782,-0.25932660326889784,-0.22734437731436563,-0.2606445849659272,-0.1915211861139278,-0.2472276968373516,-0.18956400508897223,-0.21884683823785064,-0.20879942136857804,3.2271094574302454e-16,0.0038218495999859836,3.5,300000.0,0.03893586005830904,9.0,1.0,1.0,0.03247,0.1,30.0,0.497,0.006,-0.003,1.0,1.0,True,FlowControlLab_NACA0018_quasi_steady_pressure,0.85
0.25932660326889856,0.22734437731436383,0.2606445849659313,0.19152118611392158,0.24722769683735676,0.1895640050889689,0.21884683823785184,0.20879942136857782,-0.25932660326889784,-0.22734437731436563,-0.2606445849659272,-0.1915211861139278,-0.2472276968373516,-0.18956400508897223,-0.21884683823785064,-0.20879942136857804,3.2271094574302454e-16,0.0038218495999859836,4.0,300000.0,0.03893002915451895,9.0,1.0,1.0,0.03249,0.1,30.0,0.55,0.007,-0.002,1.0,1.0,True,FlowControlLab_NACA0018_quasi_steady_pressure,0.85
0.25932660326889856,0.22734437731436383,0.2606445849659313,0.19152118611392158,0.24722769683735676,0.1895640050889689,0.21884683823785184,0.20879942136857782,-0.25932660326889784,-0.22734437731436563,-0.2606445849659272,-0.1915211861139278,-0.2472276968373516,-0.18956400508897223,-0.21884683823785064,-0.20879942136857804,3.2271094574302454e-16,0.0038218495999859836,4.5,300000.0,0.03893586005830904,9.0,1.0,1.0,0.03248,0.1,30.0,0.605,0.008,-0.002,1.0,1.0,True,FlowControlLab_NACA0018_quasi_steady_pressure,0.85
0.25932660326889856,0.22734437731436383,0.2606445849659313,0.19152118611392158,0.24722769683735676,0.1895640050889689,0.21884683823785184,0.20879942136857782,-0.25932660326889784,-0.22734437731436563,-0.2606445849659272,-0.1915211861139278,-0.2472276968373516,-0.18956400508897223,-0.21884683823785064,-0.20879942136857804,3.2271094574302454e-16,0.0038218495999859836,5.0,300000.0,0.038962099125364434,9.0,1.0,1.0,0.03249,0.1,30.0,0.659,0.01,-0.002,1.0,1.0,True,FlowControlLab_NACA0018_quasi_steady_pressure,0.85
0.25932660326889856,0.22734437731436383,0.2606445849659313,0.19152118611392158,0.24722769683735676,0.1895640050889689,0.21884683823785184,0.20879942136857782,-0.25932660326889784,-0.22734437731436563,-0.2606445849659272,-0.1915211861139278,-0.2472276968373516,-0.18956400508897223,-0.21884683823785064,-0.20879942136857804,3.2271094574302454e-16,0.0038218495999859836,5.5,300000.0,0.03893877551020408,9.0,1.0,1.0,0.032549999999999996,0.1,30.0,0.718,0.011,-0.002,1.0,1.0,True,FlowControlLab_NACA0018_quasi_steady_pressure,0.85
0.25932660326889856,0.22734437731436383,0.2606445849659313,0.19152118611392158,0.24722769683735676,0.1895640050889689,0.21884683823785184,0.20879942136857782,-0.25932660326889784,-0.22734437731436563,-0.2606445849659272,-0.1915211861139278,-0.2472276968373516,-0.18956400508897223,-0.21884683823785064,-0.20879942136857804,3.2271094574302454e-16,0.0038218495999859836,6.0,300000.0,0.03889795918367347,9.0,1.0,1.0,0.03263,0.1,30.0,0.785,0.013,-0.004,1.0,1.0,True,FlowControlLab_NACA0018_quasi_steady_pressure,0.85
0.25932660326889856,0.22734437731436383,0.2606445849659313,0.19152118611392158,0.24722769683735676,0.1895640050889689,0.21884683823785184,0.20879942136857782,-0.25932660326889784,-0.22734437731436563,-0.2606445849659272,-0.1915211861139278,-0.2472276968373516,-0.18956400508897223,-0.21884683823785064,-0.20879942136857804,3.2271094574302454e-16,0.0038218495999859836,6.5,300000.0,0.03890379008746356,9.0,1.0,1.0,0.03263,0.1,30.0,0.852,0.014,-0.006,1.0,1.0,True,FlowControlLab_NACA0018_quasi_steady_pressure,0.85
0.25932660326889856,0.22734437731436383,0.2606445849659313,0.19152118611392158,0.24722769683735676,0.1895640050889689,0.21884683823785184,0.20879942136857782,-0.25932660326889784,-0.22734437731436563,-0.2606445849659272,-0.1915211861139278,-0.2472276968373516,-0.18956400508897223,-0.21884683823785064,-0.20879942136857804,3.2271094574302454e-16,0.0038218495999859836,7.0,300000.0,0.03891253644314869,9.0,1.0,1.0,0.03261,0.1,30.0,0.919,0.016,-0.01,1.0,1.0,True,FlowControlLab_NACA0018_quasi_steady_pressure,0.85
0.25932660326889856,0.22734437731436383,0.2606445849659313,0.19152118611392158,0.24722769683735676,0.1895640050889689,0.21884683823785184,0.20879942136857782,-0.25932660326889784,-0.22734437731436563,-0.2606445849659272,-0.1915211861139278,-0.2472276968373516,-0.18956400508897223,-0.21884683823785064,-0.20879942136857804,3.2271094574302454e-16,0.0038218495999859836,7.5,300000.0,0.03893002915451895,9.0,1.0,1.0,0.032639999999999995,0.1,30.0,0.988,0.018,-0.013,1.0,1.0,True,FlowControlLab_NACA0018_quasi_steady_pressure,0.85
0.25932660326889856,0.22734437731436383,0.2606445849659313,0.19152118611392158,0.24722769683735676,0.1895640050889689,0.21884683823785184,0.20879942136857782,-0.25932660326889784,-0.22734437731436563,-0.2606445849659272,-0.1915211861139278,-0.2472276968373516,-0.18956400508897223,-0.21884683823785064,-0.20879942136857804,3.2271094574302454e-16,0.0038218495999859836,8.0,300000.0,0.03894460641399417,9.0,1.0,1.0,0.03265,0.1,30.0,1.052,0.02,-0.015,1.0,1.0,True,FlowControlLab_NACA0018_quasi_steady_pressure,0.85
0.25932660326889856,0.22734437731436383,0.2606445849659313,0.19152118611392158,0.24722769683735676,0.1895640050889689,0.21884683823785184,0.20879942136857782,-0.25932660326889784,-0.22734437731436563,-0.2606445849659272,-0.1915211861139278,-0.2472276968373516,-0.18956400508897223,-0.21884683823785064,-0.20879942136857804,3.2271094574302454e-16,0.0038218495999859836,8.5,300000.0,0.0389533527696793,9.0,1.0,1.0,0.03263,0.1,30.0,1.106,0.022,-0.017,1.0,1.0,True,FlowControlLab_NACA0018_quasi_steady_pressure,0.85
0.25932660326889856,0.22734437731436383,0.2606445849659313,0.19152118611392158,0.24722769683735676,0.1895640050889689,0.21884683823785184,0.20879942136857782,-0.25932660326889784,-0.22734437731436563,-0.2606445849659272,-0.1915211861139278,-0.2472276968373516,-0.18956400508897223,-0.21884683823785064,-0.20879942136857804,3.2271094574302454e-16,0.0038218495999859836,9.0,300000.0,0.03898250728862974,9.0,1.0,1.0,0.032690000000000004,0.1,30.0,1.157,0.025,-0.017,1.0,1.0,True,FlowControlLab_NACA0018_quasi_steady_pressure,0.85
0.25932660326889856,0.22734437731436383,0.2606445849659313,0.19152118611392158,0.24722769683735676,0.1895640050889689,0.21884683823785184,0.20879942136857782,-0.25932660326889784,-0.22734437731436563,-0.2606445849659272,-0.1915211861139278,-0.2472276968373516,-0.18956400508897223,-0.21884683823785064,-0.20879942136857804,3.2271094574302454e-16,0.0038218495999859836,9.5,300000.0,0.03897376093294461,9.0,1.0,1.0,0.032780000000000004,0.1,30.0,1.201,0.027,-0.016,1.0,1.0,True,FlowControlLab_NACA0018_quasi_steady_pressure,0.85
0.25932660326889856,0.22734437731436383,0.2606445849659313,0.19152118611392158,0.24722769683735676,0.1895640050889689,0.21884683823785184,0.20879942136857782,-0.25932660326889784,-0.22734437731436563,-0.2606445849659272,-0.1915211861139278,-0.2472276968373516,-0.18956400508897223,-0.21884683823785064,-0.20879942136857804,3.2271094574302454e-16,0.0038218495999859836,10.0,300000.0,0.03898250728862974,9.0,1.0,1.0,0.03275,0.1,30.0,1.236,0.029,-0.013,1.0,1.0,True,FlowControlLab_NACA0018_quasi_steady_pressure,0.85
0.25932660326889856,0.22734437731436383,0.2606445849659313,0.19152118611392158,0.24722769683735676,0.1895640050889689,0.21884683823785184,0.20879942136857782,-0.25932660326889784,-0.22734437731436563,-0.2606445849659272,-0.1915211861139278,-0.2472276968373516,-0.18956400508897223,-0.21884683823785064,-0.20879942136857804,3.2271094574302454e-16,0.0038218495999859836,10.5,300000.0,0.03901457725947522,9.0,1.0,1.0,0.03272,0.1,30.0,1.268,0.031,-0.009,1.0,1.0,True,FlowControlLab_NACA0018_quasi_steady_pressure,0.85
0.25932660326889856,0.22734437731436383,0.2606445849659313,0.19152118611392158,0.24722769683735676,0.1895640050889689,0.21884683823785184,0.20879942136857782,-0.25932660326889784,-0.22734437731436563,-0.2606445849659272,-0.1915211861139278,-0.2472276968373516,-0.18956400508897223,-0.21884683823785064,-0.20879942136857804,3.2271094574302454e-16,0.0038218495999859836,11.0,300000.0,0.039058309037900876,9.0,1.0,1.0,0.03262,0.1,30.0,1.293,0.033,-0.005,1.0,1.0,True,FlowControlLab_NACA0018_quasi_steady_pressure,0.85
0.25932660326889856,0.22734437731436383,0.2606445849659313,0.19152118611392158,0.24722769683735676,0.1895640050889689,0.21884683823785184,0.20879942136857782,-0.25932660326889784,-0.22734437731436563,-0.2606445849659272,-0.1915211861139278,-0.2472276968373516,-0.18956400508897223,-0.21884683823785064,-0.20879942136857804,3.2271094574302454e-16,0.0038218495999859836,11.5,300000.0,0.039034985422740524,9.0,1.0,1.0,0.03257,0.1,30.0,1.317,0.034,0.0,1.0,1.0,True,FlowControlLab_NACA0018_quasi_steady_pressure,0.85
0.25932660326889856,0.22734437731436383,0.2606445849659313,0.19152118611392158,0.24722769683735676,0.1895640050889689,0.21884683823785184,0.20879942136857782,-0.25932660326889784,-0.22734437731436563,-0.2606445849659272,-0.1915211861139278,-0.2472276968373516,-0.18956400508897223,-0.21884683823785064,-0.20879942136857804,3.2271094574302454e-16,0.0038218495999859836,12.0,300000.0,0.03891836734693878,9.0,1.0,1.0,0.03256,0.1,30.0,1.339,0.036,0.005,1.0,1.0,True,FlowControlLab_NACA0018_quasi_steady_pressure,0.85
0.25932660326889856,0.22734437731436383,0.2606445849659313,0.19152118611392158,0.24722769683735676,0.1895640050889689,0.21884683823785184,0.20879942136857782,-0.25932660326889784,-0.22734437731436563,-0.2606445849659272,-0.1915211861139278,-0.2472276968373516,-0.18956400508897223,-0.21884683823785064,-0.20879942136857804,3.2271094574302454e-16,0.0038218495999859836,12.5,300000.0,0.03884548104956268,9.0,1.0,1.0,0.03252,0.1,30.0,1.357,0.039,0.009,1.0,1.0,True,FlowControlLab_NACA0018_quasi_steady_pressure,0.85
0.25932660326889856,0.22734437731436383,0.2606445849659313,0.19152118611392158,0.24722769683735676,0.1895640050889689,0.21884683823785184,0.20879942136857782,-0.25932660326889784,-0.22734437731436563,-0.2606445849659272,-0.1915211861139278,-0.2472276968373516,-0.18956400508897223,-0.21884683823785064,-0.20879942136857804,3.2271094574302454e-16,0.0038218495999859836,13.0,300000.0,0.03882798833819242,9.0,1.0,1.0,0.03266,0.1,30.0,1.381,0.042,0.013,1.0,1.0,True,FlowControlLab_NACA0018_quasi_steady_pressure,0.85
0.25932660326889856,0.22734437731436383,0.2606445849659313,0.19152118611392158,0.24722769683735676,0.1895640050889689,0.21884683823785184,0.20879942136857782,-0.25932660326889784,-0.22734437731436563,-0.2606445849659272,-0.1915211861139278,-0.2472276968373516,-0.18956400508897223,-0.21884683823785064,-0.20879942136857804,3.2271094574302454e-16,0.0038218495999859836,13.5,300000.0,0.03883090379008747,9.0,1.0,1.0,0.03267,0.1,30.0,1.399,0.045,0.016,1.0,1.0,True,FlowControlLab_NACA0018_quasi_steady_pressure,0.85
0.25932660326889856,0.22734437731436383,0.2606445849659313,0.19152118611392158,0.24722769683735676,0.1895640050889689,0.21884683823785184,0.20879942136857782,-0.25932660326889784,-0.22734437731436563,-0.2606445849659272,-0.1915211861139278,-0.2472276968373516,-0.18956400508897223,-0.21884683823785064,-0.20879942136857804,3.2271094574302454e-16,0.0038218495999859836,14.0,300000.0,0.03879591836734694,9.0,1.0,1.0,0.032549999999999996,0.1,30.0,1.407,0.048,0.019,1.0,1.0,True,FlowControlLab_NACA0018_quasi_steady_pressure,0.85
0.25932660326889856,0.22734437731436383,0.2606445849659313,0.19152118611392158,0.24722769683735676,0.1895640050889689,0.21884683823785184,0.20879942136857782,-0.25932660326889784,-0.22734437731436563,-0.2606445849659272,-0.1915211861139278,-0.2472276968373516,-0.18956400508897223,-0.21884683823785064,-0.20879942136857804,3.2271094574302454e-16,0.0038218495999859836,14.5,300000.0,0.038804664723032074,9.0,1.0,1.0,0.03259,0.1,30.0,1.414,0.052,0.022,1.0,1.0,True,FlowControlLab_NACA0018_quasi_steady_pressure,0.85
0.25932660326889856,0.22734437731436383,0.2606445849659313,0.19152118611392158,0.24722769683735676,0.1895640050889689,0.21884683823785184,0.20879942136857782,-0.25932660326889784,-0.22734437731436563,-0.2606445849659272,-0.1915211861139278,-0.2472276968373516,-0.18956400508897223,-0.21884683823785064,-0.20879942136857804,3.2271094574302454e-16,0.0038218495999859836,15.0,300000.0,0.0388600583090379,9.0,1.0,1.0,0.03266,0.1,30.0,1.423,0.062,0.023,1.0,1.0,True,FlowControlLab_NACA0018_quasi_steady_pressure,0.85
0.25932660326889856,0.22734437731436383,0.2606445849659313,0.19152118611392158,0.24722769683735676,0.1895640050889689,0.21884683823785184,0.20879942136857782,-0.25932660326889784,-0.22734437731436563,-0.2606445849659272,-0.1915211861139278,-0.2472276968373516,-0.18956400508897223,-0.21884683823785064,-0.20879942136857804,3.2271094574302454e-16,0.0038218495999859836,15.5,300000.0,0.03893877551020408,9.0,1.0,1.0,0.03266,0.1,30.0,1.423,0.073,0.023,1.0,1.0,True,FlowControlLab_NACA0018_quasi_steady_pressure,0.85
0.25932660326889856,0.22734437731436383,0.2606445849659313,0.19152118611392158,0.24722769683735676,0.1895640050889689,0.21884683823785184,0.20879942136857782,-0.25932660326889784,-0.22734437731436563,-0.2606445849659272,-0.1915211861139278,-0.2472276968373516,-0.18956400508897223,-0.21884683823785064,-0.20879942136857804,3.2271094574302454e-16,0.0038218495999859836,16.0,300000.0,0.03897376093294461,9.0,1.0,1.0,0.03258,0.1,30.0,1.422,0.085,0.022,1.0,1.0,True,FlowControlLab_NACA0018_quasi_steady_pressure,0.85
0.25932660326889856,0.22734437731436383,0.2606445849659313,0.19152118611392158,0.24722769683735676,0.1895640050889689,0.21884683823785184,0.20879942136857782,-0.25932660326889784,-0.22734437731436563,-0.2606445849659272,-0.1915211861139278,-0.2472276968373516,-0.18956400508897223,-0.21884683823785064,-0.20879942136857804,3.2271094574302454e-16,0.0038218495999859836,16.5,300000.0,0.03893877551020408,9.0,1.0,1.0,0.03262,0.1,30.0,1.429,0.096,0.021,1.0,1.0,True,FlowControlLab_NACA0018_quasi_steady_pressure,0.85
0.25932660326889856,0.22734437731436383,0.2606445849659313,0.19152118611392158,0.24722769683735676,0.1895640050889689,0.21884683823785184,0.20879942136857782,-0.25932660326889784,-0.22734437731436563,-0.2606445849659272,-0.1915211861139278,-0.2472276968373516,-0.18956400508897223,-0.21884683823785064,-0.20879942136857804,3.2271094574302454e-16,0.0038218495999859836,17.0,300000.0,0.038941690962099124,9.0,1.0,1.0,0.03276,0.1,30.0,1.439,0.108,0.02,1.0,1.0,True,FlowControlLab_NACA0018_quasi_steady_pressure,0.85
0.25932660326889856,0.22734437731436383,0.2606445849659313,0.19152118611392158,0.24722769683735676,0.1895640050889689,0.21884683823785184,0.20879942136857782,-0.25932660326889784,-0.22734437731436563,-0.2606445849659272,-0.1915211861139278,-0.2472276968373516,-0.18956400508897223,-0.21884683823785064,-0.20879942136857804,3.2271094574302454e-16,0.0038218495999859836,17.5,300000.0,0.03894752186588921,9.0,1.0,1.0,0.03275,0.1,30.0,1.439,0.122,0.019,1.0,1.0,True,FlowControlLab_NACA0018_quasi_steady_pressure,0.85
0.25932660326889856,0.22734437731436383,0.2606445849659313,0.19152118611392158,0.24722769683735676,0.1895640050889689,0.21884683823785184,0.20879942136857782,-0.25932660326889784,-0.22734437731436563,-0.2606445849659272,-0.1915211861139278,-0.2472276968373516,-0.18956400508897223,-0.21884683823785064,-0.20879942136857804,3.2271094574302454e-16,0.0038218495999859836,18.0,300000.0,0.038970845481049565,9.0,1.0,1.0,0.03263,0.1,30.0,1.438,0.132,0.018,1.0,1.0,True,FlowControlLab_NACA0018_quasi_steady_pressure,0.85
0.25932660326889856,0.22734437731436383,0.2606445849659313,0.19152118611392158,0.24722769683735676,0.1895640050889689,0.21884683823785184,0.20879942136857782,-0.25932660326889784,-0.22734437731436563,-0.2606445849659272,-0.1915211861139278,-0.2472276968373516,-0.18956400508897223,-0.21884683823785064,-0.20879942136857804,3.2271094574302454e-16,0.0038218495999859836,18.5,300000.0,0.038950437317784255,9.0,1.0,1.0,0.03259,0.1,30.0,1.446,0.141,0.016,1.0,1.0,True,FlowControlLab_NACA0018_quasi_steady_pressure,0.85
0.25932660326889856,0.22734437731436383,0.2606445849659313,0.19152118611392158,0.24722769683735676,0.1895640050889689,0.21884683823785184,0.20879942136857782,-0.25932660326889784,-0.22734437731436563,-0.2606445849659272,-0.1915211861139278,-0.2472276968373516,-0.18956400508897223,-0.21884683823785064,-0.20879942136857804,3.2271094574302454e-16,0.0038218495999859836,19.0,300000.0,0.03890379008746356,9.0,1.0,1.0,0.03262,0.1,30.0,1.455,0.154,0.014,1.0,1.0,True,FlowControlLab_NACA0018_quasi_steady_pressure,0.85
0.25932660326889856,0.22734437731436383,0.2606445849659313,0.19152118611392158,0.24722769683735676,0.1895640050889689,0.21884683823785184,0.20879942136857782,-0.25932660326889784,-0.22734437731436563,-0.2606445849659272,-0.1915211861139278,-0.2472276968373516,-0.18956400508897223,-0.21884683823785064,-0.20879942136857804,3.2271094574302454e-16,0.0038218495999859836,19.5,300000.0,0.03888629737609329,9.0,1.0,1.0,0.03254,0.1,30.0,1.457,0.164,0.01,1.0,1.0,True,FlowControlLab_NACA0018_quasi_steady_pressure,0.85
0.25932660326889856,0.22734437731436383,0.2606445849659313,0.19152118611392158,0.24722769683735676,0.1895640050889689,0.21884683823785184,0.20879942136857782,-0.25932660326889784,-0.22734437731436563,-0.2606445849659272,-0.1915211861139278,-0.2472276968373516,-0.18956400508897223,-0.21884683823785064,-0.20879942136857804,3.2271094574302454e-16,0.0038218495999859836,20.0,300000.0,0.03885422740524781,9.0,1.0,1.0,0.03249,0.1,30.0,1.461,0.175,0.006,1.0,1.0,True,FlowControlLab_NACA0018_quasi_steady_pressure,0.85
0.25932660326889856,0.22734437731436383,0.2606445849659313,0.19152118611392158,0.24722769683735676,0.1895640050889689,0.21884683823785184,0.20879942136857782,-0.25932660326889784,-0.22734437731436563,-0.2606445849659272,-0.1915211861139278,-0.2472276968373516,-0.18956400508897223,-0.21884683823785064,-0.20879942136857804,3.2271094574302454e-16,0.0038218495999859836,20.5,300000.0,0.03888921282798834,9.0,1.0,1.0,0.03267,0.1,30.0,1.476,0.19,0.002,1.0,1.0,True,FlowControlLab_NACA0018_quasi_steady_pressure,0.85
0.25932660326889856,0.22734437731436383,0.2606445849659313,0.19152118611392158,0.24722769683735676,0.1895640050889689,0.21884683823785184,0.20879942136857782,-0.25932660326889784,-0.22734437731436563,-0.2606445849659272,-0.1915211861139278,-0.2472276968373516,-0.18956400508897223,-0.21884683823785064,-0.20879942136857804,3.2271094574302454e-16,0.0038218495999859836,21.0,300000.0,0.0388600583090379,9.0,1.0,1.0,0.032780000000000004,0.1,30.0,1.493,0.203,-0.003,1.0,1.0,True,FlowControlLab_NACA0018_quasi_steady_pressure,0.85
0.25932660326889856,0.22734437731436383,0.2606445849659313,0.19152118611392158,0.24722769683735676,0.1895640050889689,0.21884683823785184,0.20879942136857782,-0.25932660326889784,-0.22734437731436563,-0.2606445849659272,-0.1915211861139278,-0.2472276968373516,-0.18956400508897223,-0.21884683823785064,-0.20879942136857804,3.2271094574302454e-16,0.0038218495999859836,21.5,300000.0,0.03876967930029154,9.0,1.0,1.0,0.0327,0.1,30.0,1.505,0.218,-0.01,1.0,1.0,True,FlowControlLab_NACA0018_quasi_steady_pressure,0.85
0.25932660326889856,0.22734437731436383,0.2606445849659313,0.19152118611392158,0.24722769683735676,0.1895640050889689,0.21884683823785184,0.20879942136857782,-0.25932660326889784,-0.22734437731436563,-0.2606445849659272,-0.1915211861139278,-0.2472276968373516,-0.18956400508897223,-0.21884683823785064,-0.20879942136857804,3.2271094574302454e-16,0.0038218495999859836,22.0,300000.0,0.038790087463556853,9.0,1.0,1.0,0.03272,0.1,30.0,1.516,0.233,-0.016,1.0,1.0,True,FlowControlLab_NACA0018_quasi_steady_pressure,0.85
0.25932660326889856,0.22734437731436383,0.2606445849659313,0.19152118611392158,0.24722769683735676,0.1895640050889689,0.21884683823785184,0.20879942136857782,-0.25932660326889784,-0.22734437731436563,-0.2606445849659272,-0.1915211861139278,-0.2472276968373516,-0.18956400508897223,-0.21884683823785064,-0.20879942136857804,3.2271094574302454e-16,0.0038218495999859836,22.5,300000.0,0.038807580174927116,9.0,1.0,1.0,0.03273,0.1,30.0,1.53,0.249,-0.023,1.0,1.0,True,FlowControlLab_NACA0018_quasi_steady_pressure,0.85
0.25932660326889856,0.22734437731436383,0.2606445849659313,0.19152118611392158,0.24722769683735676,0.1895640050889689,0.21884683823785184,0.20879942136857782,-0.25932660326889784,-0.22734437731436563,-0.2606445849659272,-0.1915211861139278,-0.2472276968373516,-0.18956400508897223,-0.21884683823785064,-0.20879942136857804,3.2271094574302454e-16,0.0038218495999859836,23.0,300000.0,0.038801749271137026,9.0,1.0,1.0,0.03268,0.1,30.0,1.54,0.265,-0.031,1.0,1.0,True,FlowControlLab_NACA0018_quasi_steady_pressure,0.85
0.25932660326889856,0.22734437731436383,0.2606445849659313,0.19152118611392158,0.24722769683735676,0.1895640050889689,0.21884683823785184,0.20879942136857782,-0.25932660326889784,-0.22734437731436563,-0.2606445849659272,-0.1915211861139278,-0.2472276968373516,-0.18956400508897223,-0.21884683823785064,-0.20879942136857804,3.2271094574302454e-16,0.0038218495999859836,23.5,300000.0,0.038804664723032074,9.0,1.0,1.0,0.03265,0.1,30.0,1.547,0.282,-0.038,1.0,1.0,True,FlowControlLab_NACA0018_quasi_steady_pressure,0.85
0.25932660326889856,0.22734437731436383,0.2606445849659313,0.19152118611392158,0.24722769683735676,0.1895640050889689,0.21884683823785184,0.20879942136857782,-0.25932660326889784,-0.22734437731436563,-0.2606445849659272,-0.1915211861139278,-0.2472276968373516,-0.18956400508897223,-0.21884683823785064,-0.20879942136857804,3.2271094574302454e-16,0.0038218495999859836,24.0,300000.0,0.03884256559766764,9.0,1.0,1.0,0.032690000000000004,0.1,30.0,1.56,0.303,-0.045,1.0,1.0,True,FlowControlLab_NACA0018_quasi_steady_pressure,0.85
0.25932660326889856,0.22734437731436383,0.2606445849659313,0.19152118611392158,0.24722769683735676,0.1895640050889689,0.21884683823785184,0.20879942136857782,-0.25932660326889784,-0.22734437731436563,-0.2606445849659272,-0.1915211861139278,-0.2472276968373516,-0.18956400508897223,-0.21884683823785064,-0.20879942136857804,3.2271094574302454e-16,0.0038218495999859836,24.5,300000.0,0.03882507288629738,9.0,1.0,1.0,0.03272,0.1,30.0,1.567,0.323,-0.052,1.0,1.0,True,FlowControlLab_NACA0018_quasi_steady_pressure,0.85
0.25932660326889856,0.22734437731436383,0.2606445849659313,0.19152118611392158,0.24722769683735676,0.1895640050889689,0.21884683823785184,0.20879942136857782,-0.25932660326889784,-0.22734437731436563,-0.2606445849659272,-0.1915211861139278,-0.2472276968373516,-0.18956400508897223,-0.21884683823785064,-0.20879942136857804,3.2271094574302454e-16,0.0038218495999859836,25.0,300000.0,0.03875218658892128,9.0,1.0,1.0,0.03257,0.1,30.0,1.56,0.342,-0.061,1.0,1.0,True,FlowControlLab_NACA0018_quasi_steady_pressure,0.85
0.25932660326889856,0.22734437731436383,0.2606445849659313,0.19152118611392158,0.24722769683735676,0.1895640050889689,0.21884683823785184,0.20879942136857782,-0.25932660326889784,-0.22734437731436563,-0.2606445849659272,-0.1915211861139278,-0.2472276968373516,-0.18956400508897223,-0.21884683823785064,-0.20879942136857804,3.2271094574302454e-16,0.0038218495999859836,25.5,300000.0,0.038723032069970846,9.0,1.0,1.0,0.0326,0.1,30.0,1.572,0.374,-0.078,1.0,1.0,True,FlowControlLab_NACA0018_quasi_steady_pressure,0.85
0.25932660326889856,0.22734437731436383,0.2606445849659313,0.19152118611392158,0.24722769683735676,0.1895640050889689,0.21884683823785184,0.20879942136857782,-0.25932660326889784,-0.22734437731436563,-0.2606445849659272,-0.1915211861139278,-0.2472276968373516,-0.18956400508897223,-0.21884683823785064,-0.20879942136857804,3.2271094574302454e-16,0.0038218495999859836,26.0,300000.0,0.03874635568513119,9.0,1.0,1.0,0.032780000000000004,0.1,30.0,1.57,0.409,-0.095,1.0,1.0,True,FlowControlLab_NACA0018_quasi_steady_pressure,0.85
0.25932660326889856,0.22734437731436383,0.2606445849659313,0.19152118611392158,0.24722769683735676,0.1895640050889689,0.21884683823785184,0.20879942136857782,-0.25932660326889784,-0.22734437731436563,-0.2606445849659272,-0.1915211861139278,-0.2472276968373516,-0.18956400508897223,-0.21884683823785064,-0.20879942136857804,3.2271094574302454e-16,0.0038218495999859836,26.5,300000.0,0.038772594752186584,9.0,1.0,1.0,0.032690000000000004,0.1,30.0,1.559,0.452,-0.113,1.0,1.0,True,FlowControlLab_NACA0018_quasi_steady_pressure,0.85
0.25932660326889856,0.22734437731436383,0.2606445849659313,0.19152118611392158,0.24722769683735676,0.1895640050889689,0.21884683823785184,0.20879942136857782,-0.25932660326889784,-0.22734437731436563,-0.2606445849659272,-0.1915211861139278,-0.2472276968373516,-0.18956400508897223,-0.21884683823785064,-0.20879942136857804,3.2271094574302454e-16,0.0038218495999859836,27.0,300000.0,0.038711370262390674,9.0,1.0,1.0,0.032690000000000004,0.1,30.0,1.551,0.505,-0.135,1.0,1.0,True,FlowControlLab_NACA0018_quasi_steady_pressure,0.85
0.25932660326889856,0.22734437731436383,0.2606445849659313,0.19152118611392158,0.24722769683735676,0.1895640050889689,0.21884683823785184,0.20879942136857782,-0.25932660326889784,-0.22734437731436563,-0.2606445849659272,-0.1915211861139278,-0.2472276968373516,-0.18956400508897223,-0.21884683823785064,-0.20879942136857804,3.2271094574302454e-16,0.0038218495999859836,27.5,300000.0,0.03872594752186589,9.0,1.0,1.0,0.03284,0.1,30.0,1.519,0.542,-0.147,1.0,1.0,True,FlowControlLab_NACA0018_quasi_steady_pressure,0.85
0.25932660326889856,0.22734437731436383,0.2606445849659313,0.19152118611392158,0.24722769683735676,0.1895640050889689,0.21884683823785184,0.20879942136857782,-0.25932660326889784,-0.22734437731436563,-0.2606445849659272,-0.1915211861139278,-0.2472276968373516,-0.18956400508897223,-0.21884683823785064,-0.20879942136857804,3.2271094574302454e-16,0.0038218495999859836,28.0,300000.0,0.03873760932944607,9.0,1.0,1.0,0.03299,0.1,30.0,1.487,0.584,-0.158,1.0,1.0,True,FlowControlLab_NACA0018_quasi_steady_pressure,0.85
0.25932660326889856,0.22734437731436383,0.2606445849659313,0.19152118611392158,0.24722769683735676,0.1895640050889689,0.21884683823785184,0.20879942136857782,-0.25932660326889784,-0.22734437731436563,-0.2606445849659272,-0.1915211861139278,-0.2472276968373516,-0.18956400508897223,-0.21884683823785064,-0.20879942136857804,3.2271094574302454e-16,0.0038218495999859836,28.5,300000.0,0.03866763848396501,9.0,1.0,1.0,0.03299,0.1,30.0,1.44,0.613,-0.162,1.0,1.0,True,FlowControlLab_NACA0018_quasi_steady_pressure,0.85
0.25932660326889856,0.22734437731436383,0.2606445849659313,0.19152118611392158,0.24722769683735676,0.1895640050889689,0.21884683823785184,0.20879942136857782,-0.25932660326889784,-0.22734437731436563,-0.2606445849659272,-0.1915211861139278,-0.2472276968373516,-0.18956400508897223,-0.21884683823785064,-0.20879942136857804,3.2271094574302454e-16,0.0038218495999859836,29.0,300000.0,0.0386064139941691,9.0,1.0,1.0,0.03291,0.1,30.0,1.331,0.61,-0.151,1.0,1.0,True,FlowControlLab_NACA0018_quasi_steady_pressure,0.85
0.25932660326889856,0.22734437731436383,0.2606445849659313,0.19152118611392158,0.24722769683735676,0.1895640050889689,0.21884683823785184,0.20879942136857782,-0.25932660326889784,-0.22734437731436563,-0.2606445849659272,-0.1915211861139278,-0.2472276968373516,-0.18956400508897223,-0.21884683823785064,-0.20879942136857804,3.2271094574302454e-16,0.0038218495999859836,29.5,300000.0,0.038521865889212824,9.0,1.0,1.0,0.032959999999999996,0.1,30.0,1.203,0.607,-0.137,1.0,1.0,True,FlowControlLab_NACA0018_quasi_steady_pressure,0.85
0.25932660326889856,0.22734437731436383,0.2606445849659313,0.19152118611392158,0.24722769683735676,0.1895640050889689,0.21884683823785184,0.20879942136857782,-0.25932660326889784,-0.22734437731436563,-0.2606445849659272,-0.1915211861139278,-0.2472276968373516,-0.18956400508897223,-0.21884683823785064,-0.20879942136857804,3.2271094574302454e-16,0.0038218495999859836,30.0,300000.0,0.03849271137026239,9.0,1.0,1.0,0.03302,0.1,30.0,1.121,0.613,-0.128,1.0,1.0,True,FlowControlLab_NACA0018_quasi_steady_pressure,0.85
0.25932660326889856,0.22734437731436383,0.2606445849659313,0.19152118611392158,0.24722769683735676,0.1895640050889689,0.21884683823785184,0.20879942136857782,-0.25932660326889784,-0.22734437731436563,-0.2606445849659272,-0.1915211861139278,-0.2472276968373516,-0.18956400508897223,-0.21884683823785064,-0.20879942136857804,3.2271094574302454e-16,0.0038218495999859836,30.5,300000.0,0.03851603498542274,9.0,1.0,1.0,0.03297,0.1,30.0,1.074,0.625,-0.126,1.0,1.0,True,FlowControlLab_NACA0018_quasi_steady_pressure,0.85
0.25932660326889856,0.22734437731436383,0.2606445849659313,0.19152118611392158,0.24722769683735676,0.1895640050889689,0.21884683823785184,0.20879942136857782,-0.25932660326889784,-0.22734437731436563,-0.2606445849659272,-0.1915211861139278,-0.2472276968373516,-0.18956400508897223,-0.21884683823785064,-0.20879942136857804,3.2271094574302454e-16,0.0038218495999859836,31.0,300000.0,0.038478134110787175,9.0,1.0,1.0,0.03297,0.1,30.0,1.075,0.646,-0.128,1.0,1.0,True,FlowControlLab_NACA0018_quasi_steady_pressure,0.85
0.25932660326889856,0.22734437731436383,0.2606445849659313,0.19152118611392158,0.24722769683735676,0.1895640050889689,0.21884683823785184,0.20879942136857782,-0.25932660326889784,-0.22734437731436563,-0.2606445849659272,-0.1915211861139278,-0.2472276968373516,-0.18956400508897223,-0.21884683823785064,-0.20879942136857804,3.2271094574302454e-16,0.0038218495999859836,31.5,300000.0,0.038379008746355685,9.0,1.0,1.0,0.03293,0.1,30.0,1.102,0.685,-0.139,1.0,1.0,True,FlowControlLab_NACA0018_quasi_steady_pressure,0.85
0.25932660326889856,0.22734437731436383,0.2606445849659313,0.19152118611392158,0.24722769683735676,0.1895640050889689,0.21884683823785184,0.20879942136857782,-0.25932660326889784,-0.22734437731436563,-0.2606445849659272,-0.1915211861139278,-0.2472276968373516,-0.18956400508897223,-0.21884683823785064,-0.20879942136857804,3.2271094574302454e-16,0.0038218495999859836,32.0,300000.0,0.03832361516034985,9.0,1.0,1.0,0.03303,0.1,30.0,1.118,0.716,-0.148,1.0,1.0,True,FlowControlLab_NACA0018_quasi_steady_pressure,0.85
0.25932660326889856,0.22734437731436383,0.2606445849659313,0.19152118611392158,0.24722769683735676,0.1895640050889689,0.21884683823785184,0.20879942136857782,-0.25932660326889784,-0.22734437731436563,-0.2606445849659272,-0.1915211861139278,-0.2472276968373516,-0.18956400508897223,-0.21884683823785064,-0.20879942136857804,3.2271094574302454e-16,0.0038218495999859836,-2.0,300000.0,0.038950437317784255,9.0,1.0,1.0,0.032639999999999995,0.1,30.0,-0.104,1e-06,-0.004,1.0,1.0,True,FlowControlLab_NACA0018_quasi_steady_pressure,0.85
0.25932660326889856,0.22734437731436383,0.2606445849659313,0.19152118611392158,0.24722769683735676,0.1895640050889689,0.21884683823785184,0.20879942136857782,-0.25932660326889784,-0.22734437731436563,-0.2606445849659272,-0.1915211861139278,-0.2472276968373516,-0.18956400508897223,-0.21884683823785064,-0.20879942136857804,3.2271094574302454e-16,0.0038218495999859836,-1.5,300000.0,0.03901166180758017,9.0,1.0,1.0,0.03258,0.1,30.0,-0.047,1e-06,-0.005,1.0,1.0,True,FlowControlLab_NACA0018_quasi_steady_pressure,0.85
0.25932660326889856,0.22734437731436383,0.2606445849659313,0.19152118611392158,0.24722769683735676,0.1895640050889689,0.21884683823785184,0.20879942136857782,-0.25932660326889784,-0.22734437731436563,-0.2606445849659272,-0.1915211861139278,-0.2472276968373516,-0.18956400508897223,-0.21884683823785064,-0.20879942136857804,3.2271094574302454e-16,0.0038218495999859836,-1.0,300000.0,0.039055393586005835,9.0,1.0,1.0,0.03248,0.1,30.0,0.012,1e-06,-0.005,1.0,1.0,True,FlowControlLab_NACA0018_quasi_steady_pressure,0.85
0.25932660326889856,0.22734437731436383,0.2606445849659313,0.19152118611392158,0.24722769683735676,0.1895640050889689,0.21884683823785184,0.20879942136857782,-0.25932660326889784,-0.22734437731436563,-0.2606445849659272,-0.1915211861139278,-0.2472276968373516,-0.18956400508897223,-0.21884683823785064,-0.20879942136857804,3.2271094574302454e-16,0.0038218495999859836,-0.5,300000.0,0.03898833819241982,9.0,1.0,1.0,0.03252,0.1,30.0,0.068,1e-06,-0.006,1.0,1.0,True,FlowControlLab_NACA0018_quasi_steady_pressure,0.85
0.25932660326889856,0.22734437731436383,0.2606445849659313,0.19152118611392158,0.24722769683735676,0.1895640050889689,0.21884683823785184,0.20879942136857782,-0.25932660326889784,-0.22734437731436563,-0.2606445849659272,-0.1915211861139278,-0.2472276968373516,-0.18956400508897223,-0.21884683823785064,-0.20879942136857804,3.2271094574302454e-16,0.0038218495999859836,0.0,300000.0,0.038941690962099124,9.0,1.0,1.0,0.03249,0.1,30.0,0.124,0.001,-0.006,1.0,1.0,True,FlowControlLab_NACA0018_quasi_steady_pressure,0.85
0.25932660326889856,0.22734437731436383,0.2606445849659313,0.19152118611392158,0.24722769683735676,0.1895640050889689,0.21884683823785184,0.20879942136857782,-0.25932660326889784,-0.22734437731436563,-0.2606445849659272,-0.1915211861139278,-0.2472276968373516,-0.18956400508897223,-0.21884683823785064,-0.20879942136857804,3.2271094574302454e-16,0.0038218495999859836,0.5,300000.0,0.03897376093294461,9.0,1.0,1.0,0.03254,0.1,30.0,0.179,0.001,-0.006,1.0,1.0,True,FlowControlLab_NACA0018_quasi_steady_pressure,0.85
0.25932660326889856,0.22734437731436383,0.2606445849659313,0.19152118611392158,0.24722769683735676,0.1895640050889689,0.21884683823785184,0.20879942136857782,-0.25932660326889784,-0.22734437731436563,-0.2606445849659272,-0.1915211861139278,-0.2472276968373516,-0.18956400508897223,-0.21884683823785064,-0.20879942136857804,3.2271094574302454e-16,0.0038218495999859836,1.0,300000.0,0.038970845481049565,9.0,1.0,1.0,0.0326,0.1,30.0,0.233,0.002,-0.005,1.0,1.0,True,FlowControlLab_NACA0018_quasi_steady_pressure,0.85
0.25932660326889856,0.22734437731436383,0.2606445849659313,0.19152118611392158,0.24722769683735676,0.1895640050889689,0.21884683823785184,0.20879942136857782,-0.25932660326889784,-0.22734437731436563,-0.2606445849659272,-0.1915211861139278,-0.2472276968373516,-0.18956400508897223,-0.21884683823785064,-0.20879942136857804,3.2271094574302454e-16,0.0038218495999859836,1.5,300000.0,0.03891545189504374,9.0,1.0,1.0,0.03268,0.1,30.0,0.289,0.002,-0.005,1.0,1.0,True,FlowControlLab_NACA0018_quasi_steady_pressure,0.85
0.25932660326889856,0.22734437731436383,0.2606445849659313,0.19152118611392158,0.24722769683735676,0.1895640050889689,0.21884683823785184,0.20879942136857782,-0.25932660326889784,-0.22734437731436563,-0.2606445849659272,-0.1915211861139278,-0.2472276968373516,-0.18956400508897223,-0.21884683823785064,-0.20879942136857804,3.2271094574302454e-16,0.0038218495999859836,2.0,300000.0,0.03888338192419825,9.0,1.0,1.0,0.032709999999999996,0.1,30.0,0.345,0.003,-0.005,1.0,1.0,True,FlowControlLab_NACA0018_quasi_steady_pressure,0.85
0.25932660326889856,0.22734437731436383,0.2606445849659313,0.19152118611392158,0.24722769683735676,0.1895640050889689,0.21884683823785184,0.20879942136857782,-0.25932660326889784,-0.22734437731436563,-0.2606445849659272,-0.1915211861139278,-0.2472276968373516,-0.18956400508897223,-0.21884683823785064,-0.20879942136857804,3.2271094574302454e-16,0.0038218495999859836,2.5,300000.0,0.03894752186588921,9.0,1.0,1.0,0.0326,0.1,30.0,0.398,0.004,-0.004,1.0,1.0,True,FlowControlLab_NACA0018_quasi_steady_pressure,0.85
0.25932660326889856,0.22734437731436383,0.2606445849659313,0.19152118611392158,0.24722769683735676,0.1895640050889689,0.21884683823785184,0.20879942136857782,-0.25932660326889784,-0.22734437731436563,-0.2606445849659272,-0.1915211861139278,-0.2472276968373516,-0.18956400508897223,-0.21884683823785064,-0.20879942136857804,3.2271094574302454e-16,0.0038218495999859836,3.0,300000.0,0.038959183673469386,9.0,1.0,1.0,0.03257,0.1,30.0,0.452,0.004,-0.004,1.0,1.0,True,FlowControlLab_NACA0018_quasi_steady_pressure,0.85
0.25932660326889856,0.22734437731436383,0.2606445849659313,0.19152118611392158,0.24722769683735676,0.1895640050889689,0.21884683823785184,0.20879942136857782,-0.25932660326889784,-0.22734437731436563,-0.2606445849659272,-0.1915211861139278,-0.2472276968373516,-0.18956400508897223,-0.21884683823785064,-0.20879942136857804,3.2271094574302454e-16,0.0038218495999859836,3.5,300000.0,0.03893586005830904,9.0,1.0,1.0,0.032639999999999995,0.1,30.0,0.508,0.006,-0.003,1.0,1.0,True,FlowControlLab_NACA0018_quasi_steady_pressure,0.85
0.25932660326889856,0.22734437731436383,0.2606445849659313,0.19152118611392158,0.24722769683735676,0.1895640050889689,0.21884683823785184,0.20879942136857782,-0.25932660326889784,-0.22734437731436563,-0.2606445849659272,-0.1915211861139278,-0.2472276968373516,-0.18956400508897223,-0.21884683823785064,-0.20879942136857804,3.2271094574302454e-16,0.0038218495999859836,4.0,300000.0,0.03893002915451895,9.0,1.0,1.0,0.03272,0.1,30.0,0.562,0.007,-0.003,1.0,1.0,True,FlowControlLab_NACA0018_quasi_steady_pressure,0.85
0.25932660326889856,0.22734437731436383,0.2606445849659313,0.19152118611392158,0.24722769683735676,0.1895640050889689,0.21884683823785184,0.20879942136857782,-0.25932660326889784,-0.22734437731436563,-0.2606445849659272,-0.1915211861139278,-0.2472276968373516,-0.18956400508897223,-0.21884683823785064,-0.20879942136857804,3.2271094574302454e-16,0.0038218495999859836,4.5,300000.0,0.03893586005830904,9.0,1.0,1.0,0.03261,0.1,30.0,0.614,0.008,-0.002,1.0,1.0,True,FlowControlLab_NACA0018_quasi_steady_pressure,0.85
0.25932660326889856,0.22734437731436383,0.2606445849659313,0.19152118611392158,0.24722769683735676,0.1895640050889689,0.21884683823785184,0.20879942136857782,-0.25932660326889784,-0.22734437731436563,-0.2606445849659272,-0.1915211861139278,-0.2472276968373516,-0.18956400508897223,-0.21884683823785064,-0.20879942136857804,3.2271094574302454e-16,0.0038218495999859836,5.0,300000.0,0.038962099125364434,9.0,1.0,1.0,0.03253,0.1,30.0,0.671,0.009,-0.002,1.0,1.0,True,FlowControlLab_NACA0018_quasi_steady_pressure,0.85
0.25932660326889856,0.22734437731436383,0.2606445849659313,0.19152118611392158,0.24722769683735676,0.1895640050889689,0.21884683823785184,0.20879942136857782,-0.25932660326889784,-0.22734437731436563,-0.2606445849659272,-0.1915211861139278,-0.2472276968373516,-0.18956400508897223,-0.21884683823785064,-0.20879942136857804,3.2271094574302454e-16,0.0038218495999859836,5.5,300000.0,0.03893877551020408,9.0,1.0,1.0,0.03256,0.1,30.0,0.73,0.01,-0.003,1.0,1.0,True,FlowControlLab_NACA0018_quasi_steady_pressure,0.85
0.25932660326889856,0.22734437731436383,0.2606445849659313,0.19152118611392158,0.24722769683735676,0.1895640050889689,0.21884683823785184,0.20879942136857782,-0.25932660326889784,-0.22734437731436563,-0.2606445849659272,-0.1915211861139278,-0.2472276968373516,-0.18956400508897223,-0.21884683823785064,-0.20879942136857804,3.2271094574302454e-16,0.0038218495999859836,6.0,300000.0,0.03889795918367347,9.0,1.0,1.0,0.03261,0.1,30.0,0.794,0.012,-0.004,1.0,1.0,True,FlowControlLab_NACA0018_quasi_steady_pressure,0.85
0.25932660326889856,0.22734437731436383,0.2606445849659313,0.19152118611392158,0.24722769683735676,0.1895640050889689,0.21884683823785184,0.20879942136857782,-0.25932660326889784,-0.22734437731436563,-0.2606445849659272,-0.1915211861139278,-0.2472276968373516,-0.18956400508897223,-0.21884683823785064,-0.20879942136857804,3.2271094574302454e-16,0.0038218495999859836,6.5,300000.0,0.03890379008746356,9.0,1.0,1.0,0.032690000000000004,0.1,30.0,0.863,0.013,-0.007,1.0,1.0,True,FlowControlLab_NACA0018_quasi_steady_pressure,0.85
0.25932660326889856,0.22734437731436383,0.2606445849659313,0.19152118611392158,0.24722769683735676,0.1895640050889689,0.21884683823785184,0.20879942136857782,-0.25932660326889784,-0.22734437731436563,-0.2606445849659272,-0.1915211861139278,-0.2472276968373516,-0.18956400508897223,-0.21884683823785064,-0.20879942136857804,3.2271094574302454e-16,0.0038218495999859836,7.0,300000.0,0.03891253644314869,9.0,1.0,1.0,0.032639999999999995,0.1,30.0,0.93,0.015,-0.01,1.0,1.0,True,FlowControlLab_NACA0018_quasi_steady_pressure,0.85
0.25932660326889856,0.22734437731436383,0.2606445849659313,0.19152118611392158,0.24722769683735676,0.1895640050889689,0.21884683823785184,0.20879942136857782,-0.25932660326889784,-0.22734437731436563,-0.2606445849659272,-0.1915211861139278,-0.2472276968373516,-0.18956400508897223,-0.21884683823785064,-0.20879942136857804,3.2271094574302454e-16,0.0038218495999859836,7.5,300000.0,0.03893002915451895,9.0,1.0,1.0,0.03263,0.1,30.0,0.999,0.017,-0.013,1.0,1.0,True,FlowControlLab_NACA0018_quasi_steady_pressure,0.85
0.25932660326889856,0.22734437731436383,0.2606445849659313,0.19152118611392158,0.24722769683735676,0.1895640050889689,0.21884683823785184,0.20879942136857782,-0.25932660326889784,-0.22734437731436563,-0.2606445849659272,-0.1915211861139278,-0.2472276968373516,-0.18956400508897223,-0.21884683823785064,-0.20879942136857804,3.2271094574302454e-16,0.0038218495999859836,8.0,300000.0,0.03894460641399417,9.0,1.0,1.0,0.032639999999999995,0.1,30.0,1.062,0.019,-0.016,1.0,1.0,True,FlowControlLab_NACA0018_quasi_steady_pressure,0.85
0.25932660326889856,0.22734437731436383,0.2606445849659313,0.19152118611392158,0.24722769683735676,0.1895640050889689,0.21884683823785184,0.20879942136857782,-0.25932660326889784,-0.22734437731436563,-0.2606445849659272,-0.1915211861139278,-0.2472276968373516,-0.18956400508897223,-0.21884683823785064,-0.20879942136857804,3.2271094574302454e-16,0.0038218495999859836,8.5,300000.0,0.0389533527696793,9.0,1.0,1.0,0.03249,0.1,30.0,1.111,0.022,-0.017,1.0,1.0,True,FlowControlLab_NACA0018_quasi_steady_pressure,0.85
0.25932660326889856,0.22734437731436383,0.2606445849659313,0.19152118611392158,0.24722769683735676,0.1895640050889689,0.21884683823785184,0.20879942136857782,-0.25932660326889784,-0.22734437731436563,-0.2606445849659272,-0.1915211861139278,-0.2472276968373516,-0.18956400508897223,-0.21884683823785064,-0.20879942136857804,3.2271094574302454e-16,0.0038218495999859836,9.0,300000.0,0.03898250728862974,9.0,1.0,1.0,0.03235,0.1,30.0,1.156,0.024,-0.017,1.0,1.0,True,FlowControlLab_NACA0018_quasi_steady_pressure,0.85
0.25932660326889856,0.22734437731436383,0.2606445849659313,0.19152118611392158,0.24722769683735676,0.1895640050889689,0.21884683823785184,0.20879942136857782,-0.25932660326889784,-0.22734437731436563,-0.2606445849659272,-0.1915211861139278,-0.2472276968373516,-0.18956400508897223,-0.21884683823785064,-0.20879942136857804,3.2271094574302454e-16,0.0038218495999859836,9.5,300000.0,0.03897376093294461,9.0,1.0,1.0,0.03238,0.1,30.0,1.201,0.026,-0.015,1.0,1.0,True,FlowControlLab_NACA0018_quasi_steady_pressure,0.85
0.25932660326889856,0.22734437731436383,0.2606445849659313,0.19152118611392158,0.24722769683735676,0.1895640050889689,0.21884683823785184,0.20879942136857782,-0.25932660326889784,-0.22734437731436563,-0.2606445849659272,-0.1915211861139278,-0.2472276968373516,-0.18956400508897223,-0.21884683823785064,-0.20879942136857804,3.2271094574302454e-16,0.0038218495999859836,10.0,300000.0,0.03898250728862974,9.0,1.0,1.0,0.03241,0.1,30.0,1.238,0.028,-0.013,1.0,1.0,True,FlowControlLab_NACA0018_quasi_steady_pressure,0.85
0.25932660326889856,0.22734437731436383,0.2606445849659313,0.19152118611392158,0.24722769683735676,0.1895640050889689,0.21884683823785184,0.20879942136857782,-0.25932660326889784,-0.22734437731436563,-0.2606445849659272,-0.1915211861139278,-0.2472276968373516,-0.18956400508897223,-0.21884683823785064,-0.20879942136857804,3.2271094574302454e-16,0.0038218495999859836,10.5,300000.0,0.03901457725947522,9.0,1.0,1.0,0.03251,0.1,30.0,1.272,0.03,-0.009,1.0,1.0,True,FlowControlLab_NACA0018_quasi_steady_pressure,0.85
0.25932660326889856,0.22734437731436383,0.2606445849659313,0.19152118611392158,0.24722769683735676,0.1895640050889689,0.21884683823785184,0.20879942136857782,-0.25932660326889784,-0.22734437731436563,-0.2606445849659272,-0.1915211861139278,-0.2472276968373516,-0.18956400508897223,-0.21884683823785064,-0.20879942136857804,3.2271094574302454e-16,0.0038218495999859836,11.0,300000.0,0.039058309037900876,9.0,1.0,1.0,0.03259,0.1,30.0,1.3,0.032,-0.004,1.0,1.0,True,FlowControlLab_NACA0018_quasi_steady_pressure,0.85
0.25932660326889856,0.22734437731436383,0.2606445849659313,0.19152118611392158,0.24722769683735676,0.1895640050889689,0.21884683823785184,0.20879942136857782,-0.25932660326889784,-0.22734437731436563,-0.2606445849659272,-0.1915211861139278,-0.2472276968373516,-0.18956400508897223,-0.21884683823785064,-0.20879942136857804,3.2271094574302454e-16,0.0038218495999859836,11.5,300000.0,0.039034985422740524,9.0,1.0,1.0,0.03253,0.1,30.0,1.319,0.033,0.0,1.0,1.0,True,FlowControlLab_NACA0018_quasi_steady_pressure,0.85
0.25932660326889856,0.22734437731436383,0.2606445849659313,0.19152118611392158,0.24722769683735676,0.1895640050889689,0.21884683823785184,0.20879942136857782,-0.25932660326889784,-0.22734437731436563,-0.2606445849659272,-0.1915211861139278,-0.2472276968373516,-0.18956400508897223,-0.21884683823785064,-0.20879942136857804,3.2271094574302454e-16,0.0038218495999859836,12.0,300000.0,0.03891836734693878,9.0,1.0,1.0,0.03258,0.1,30.0,1.344,0.035,0.005,1.0,1.0,True,FlowControlLab_NACA0018_quasi_steady_pressure,0.85
0.25932660326889856,0.22734437731436383,0.2606445849659313,0.19152118611392158,0.24722769683735676,0.1895640050889689,0.21884683823785184,0.20879942136857782,-0.25932660326889784,-0.22734437731436563,-0.2606445849659272,-0.1915211861139278,-0.2472276968373516,-0.18956400508897223,-0.21884683823785064,-0.20879942136857804,3.2271094574302454e-16,0.0038218495999859836,12.5,300000.0,0.03884548104956268,9.0,1.0,1.0,0.0326,0.1,30.0,1.365,0.038,0.009,1.0,1.0,True,FlowControlLab_NACA0018_quasi_steady_pressure,0.85
0.25932660326889856,0.22734437731436383,0.2606445849659313,0.19152118611392158,0.24722769683735676,0.1895640050889689,0.21884683823785184,0.20879942136857782,-0.25932660326889784,-0.22734437731436563,-0.2606445849659272,-0.1915211861139278,-0.2472276968373516,-0.18956400508897223,-0.21884683823785064,-0.20879942136857804,3.2271094574302454e-16,0.0038218495999859836,13.0,300000.0,0.03882798833819242,9.0,1.0,1.0,0.032549999999999996,0.1,30.0,1.38,0.04,0.013,1.0,1.0,True,FlowControlLab_NACA0018_quasi_steady_pressure,0.85
0.25932660326889856,0.22734437731436383,0.2606445849659313,0.19152118611392158,0.24722769683735676,0.1895640050889689,0.21884683823785184,0.20879942136857782,-0.25932660326889784,-0.22734437731436563,-0.2606445849659272,-0.1915211861139278,-0.2472276968373516,-0.18956400508897223,-0.21884683823785064,-0.20879942136857804,3.2271094574302454e-16,0.0038218495999859836,13.5,300000.0,0.03883090379008747,9.0,1.0,1.0,0.0325,0.1,30.0,1.395,0.043,0.016,1.0,1.0,True,FlowControlLab_NACA0018_quasi_steady_pressure,0.85
0.25932660326889856,0.22734437731436383,0.2606445849659313,0.19152118611392158,0.24722769683735676,0.1895640050889689,0.21884683823785184,0.20879942136857782,-0.25932660326889784,-0.22734437731436563,-0.2606445849659272,-0.1915211861139278,-0.2472276968373516,-0.18956400508897223,-0.21884683823785064,-0.20879942136857804,3.2271094574302454e-16,0.0038218495999859836,14.0,300000.0,0.03879591836734694,9.0,1.0,1.0,0.03252,0.1,30.0,1.411,0.047,0.019,1.0,1.0,True,FlowControlLab_NACA0018_quasi_steady_pressure,0.85
0.25932660326889856,0.22734437731436383,0.2606445849659313,0.19152118611392158,0.24722769683735676,0.1895640050889689,0.21884683823785184,0.20879942136857782,-0.25932660326889784,-0.22734437731436563,-0.2606445849659272,-0.1915211861139278,-0.2472276968373516,-0.18956400508897223,-0.21884683823785064,-0.20879942136857804,3.2271094574302454e-16,0.0038218495999859836,14.5,300000.0,0.038804664723032074,9.0,1.0,1.0,0.03266,0.1,30.0,1.424,0.053,0.022,1.0,1.0,True,FlowControlLab_NACA0018_quasi_steady_pressure,0.85
0.25932660326889856,0.22734437731436383,0.2606445849659313,0.19152118611392158,0.24722769683735676,0.1895640050889689,0.21884683823785184,0.20879942136857782,-0.25932660326889784,-0.22734437731436563,-0.2606445849659272,-0.1915211861139278,-0.2472276968373516,-0.18956400508897223,-0.21884683823785064,-0.20879942136857804,3.2271094574302454e-16,0.0038218495999859836,15.0,300000.0,0.0388600583090379,9.0,1.0,1.0,0.03266,0.1,30.0,1.424,0.061,0.024,1.0,1.0,True,FlowControlLab_NACA0018_quasi_steady_pressure,0.85
0.25932660326889856,0.22734437731436383,0.2606445849659313,0.19152118611392158,0.24722769683735676,0.1895640050889689,0.21884683823785184,0.20879942136857782,-0.25932660326889784,-0.22734437731436563,-0.2606445849659272,-0.1915211861139278,-0.2472276968373516,-0.18956400508897223,-0.21884683823785064,-0.20879942136857804,3.2271094574302454e-16,0.0038218495999859836,15.5,300000.0,0.03893877551020408,9.0,1.0,1.0,0.03253,0.1,30.0,1.423,0.072,0.023,1.0,1.0,True,FlowControlLab_NACA0018_quasi_steady_pressure,0.85
0.25932660326889856,0.22734437731436383,0.2606445849659313,0.19152118611392158,0.24722769683735676,0.1895640050889689,0.21884683823785184,0.20879942136857782,-0.25932660326889784,-0.22734437731436563,-0.2606445849659272,-0.1915211861139278,-0.2472276968373516,-0.18956400508897223,-0.21884683823785064,-0.20879942136857804,3.2271094574302454e-16,0.0038218495999859836,16.0,300000.0,0.03897376093294461,9.0,1.0,1.0,0.03241,0.1,30.0,1.429,0.084,0.021,1.0,1.0,True,FlowControlLab_NACA0018_quasi_steady_pressure,0.85
0.25932660326889856,0.22734437731436383,0.2606445849659313,0.19152118611392158,0.24722769683735676,0.1895640050889689,0.21884683823785184,0.20879942136857782,-0.25932660326889784,-0.22734437731436563,-0.2606445849659272,-0.1915211861139278,-0.2472276968373516,-0.18956400508897223,-0.21884683823785064,-0.20879942136857804,3.2271094574302454e-16,0.0038218495999859836,16.5,300000.0,0.03893877551020408,9.0,1.0,1.0,0.03237,0.1,30.0,1.429,0.097,0.021,1.0,1.0,True,FlowControlLab_NACA0018_quasi_steady_pressure,0.85
0.25932660326889856,0.22734437731436383,0.2606445849659313,0.19152118611392158,0.24722769683735676,0.1895640050889689,0.21884683823785184,0.20879942136857782,-0.25932660326889784,-0.22734437731436563,-0.2606445849659272,-0.1915211861139278,-0.2472276968373516,-0.18956400508897223,-0.21884683823785064,-0.20879942136857804,3.2271094574302454e-16,0.0038218495999859836,17.0,300000.0,0.038941690962099124,9.0,1.0,1.0,0.03243,0.1,30.0,1.434,0.108,0.02,1.0,1.0,True,FlowControlLab_NACA0018_quasi_steady_pressure,0.85
0.25932660326889856,0.22734437731436383,0.2606445849659313,0.19152118611392158,0.24722769683735676,0.1895640050889689,0.21884683823785184,0.20879942136857782,-0.25932660326889784,-0.22734437731436563,-0.2606445849659272,-0.1915211861139278,-0.2472276968373516,-0.18956400508897223,-0.21884683823785064,-0.20879942136857804,3.2271094574302454e-16,0.0038218495999859836,17.5,300000.0,0.03894752186588921,9.0,1.0,1.0,0.03247,0.1,30.0,1.44,0.12,0.018,1.0,1.0,True,FlowControlLab_NACA0018_quasi_steady_pressure,0.85
0.25932660326889856,0.22734437731436383,0.2606445849659313,0.19152118611392158,0.24722769683735676,0.1895640050889689,0.21884683823785184,0.20879942136857782,-0.25932660326889784,-0.22734437731436563,-0.2606445849659272,-0.1915211861139278,-0.2472276968373516,-0.18956400508897223,-0.21884683823785064,-0.20879942136857804,3.2271094574302454e-16,0.0038218495999859836,18.0,300000.0,0.038970845481049565,9.0,1.0,1.0,0.03245,0.1,30.0,1.436,0.131,0.018,1.0,1.0,True,FlowControlLab_NACA0018_quasi_steady_pressure,0.85
0.25932660326889856,0.22734437731436383,0.2606445849659313,0.19152118611392158,0.24722769683735676,0.1895640050889689,0.21884683823785184,0.20879942136857782,-0.25932660326889784,-0.22734437731436563,-0.2606445849659272,-0.1915211861139278,-0.2472276968373516,-0.18956400508897223,-0.21884683823785064,-0.20879942136857804,3.2271094574302454e-16,0.0038218495999859836,18.5,300000.0,0.038950437317784255,9.0,1.0,1.0,0.03239,0.1,30.0,1.435,0.141,0.017,1.0,1.0,True,FlowControlLab_NACA0018_quasi_steady_pressure,0.85
0.25932660326889856,0.22734437731436383,0.2606445849659313,0.19152118611392158,0.24722769683735676,0.1895640050889689,0.21884683823785184,0.20879942136857782,-0.25932660326889784,-0.22734437731436563,-0.2606445849659272,-0.1915211861139278,-0.2472276968373516,-0.18956400508897223,-0.21884683823785064,-0.20879942136857804,3.2271094574302454e-16,0.0038218495999859836,19.0,300000.0,0.03890379008746356,9.0,1.0,1.0,0.032440000000000004,0.1,30.0,1.448,0.153,0.014,1.0,1.0,True,FlowControlLab_NACA0018_quasi_steady_pressure,0.85
0.25932660326889856,0.22734437731436383,0.2606445849659313,0.19152118611392158,0.24722769683735676,0.1895640050889689,0.21884683823785184,0.20879942136857782,-0.25932660326889784,-0.22734437731436563,-0.2606445849659272,-0.1915211861139278,-0.2472276968373516,-0.18956400508897223,-0.21884683823785064,-0.20879942136857804,3.2271094574302454e-16,0.0038218495999859836,19.5,300000.0,0.03888629737609329,9.0,1.0,1.0,0.03254,0.1,30.0,1.457,0.165,0.011,1.0,1.0,True,FlowControlLab_NACA0018_quasi_steady_pressure,0.85
0.25932660326889856,0.22734437731436383,0.2606445849659313,0.19152118611392158,0.24722769683735676,0.1895640050889689,0.21884683823785184,0.20879942136857782,-0.25932660326889784,-0.22734437731436563,-0.2606445849659272,-0.1915211861139278,-0.2472276968373516,-0.18956400508897223,-0.21884683823785064,-0.20879942136857804,3.2271094574302454e-16,0.0038218495999859836,20.0,300000.0,0.03885422740524781,9.0,1.0,1.0,0.03256,0.1,30.0,1.461,0.175,0.007,1.0,1.0,True,FlowControlLab_NACA0018_quasi_steady_pressure,0.85
0.25932660326889856,0.22734437731436383,0.2606445849659313,0.19152118611392158,0.24722769683735676,0.1895640050889689,0.21884683823785184,0.20879942136857782,-0.25932660326889784,-0.22734437731436563,-0.2606445849659272,-0.1915211861139278,-0.2472276968373516,-0.18956400508897223,-0.21884683823785064,-0.20879942136857804,3.2271094574302454e-16,0.0038218495999859836,20.5,300000.0,0.03888921282798834,9.0,1.0,1.0,0.03252,0.1,30.0,1.472,0.187,0.002,1.0,1.0,True,FlowControlLab_NACA0018_quasi_steady_pressure,0.85
0.25932660326889856,0.22734437731436383,0.2606445849659313,0.19152118611392158,0.24722769683735676,0.1895640050889689,0.21884683823785184,0.20879942136857782,-0.25932660326889784,-0.22734437731436563,-0.2606445849659272,-0.1915211861139278,-0.2472276968373516,-0.18956400508897223,-0.21884683823785064,-0.20879942136857804,3.2271094574302454e-16,0.0038218495999859836,21.0,300000.0,0.0388600583090379,9.0,1.0,1.0,0.03247,0.1,30.0,1.488,0.203,-0.004,1.0,1.0,True,FlowControlLab_NACA0018_quasi_steady_pressure,0.85
0.25932660326889856,0.22734437731436383,0.2606445849659313,0.19152118611392158,0.24722769683735676,0.1895640050889689,0.21884683823785184,0.20879942136857782,-0.25932660326889784,-0.22734437731436563,-0.2606445849659272,-0.1915211861139278,-0.2472276968373516,-0.18956400508897223,-0.21884683823785064,-0.20879942136857804,3.2271094574302454e-16,0.0038218495999859836,21.5,300000.0,0.03876967930029154,9.0,1.0,1.0,0.03245,0.1,30.0,1.501,0.218,-0.011,1.0,1.0,True,FlowControlLab_NACA0018_quasi_steady_pressure,0.85
0.25932660326889856,0.22734437731436383,0.2606445849659313,0.19152118611392158,0.24722769683735676,0.1895640050889689,0.21884683823785184,0.20879942136857782,-0.25932660326889784,-0.22734437731436563,-0.2606445849659272,-0.1915211861139278,-0.2472276968373516,-0.18956400508897223,-0.21884683823785064,-0.20879942136857804,3.2271094574302454e-16,0.0038218495999859836,22.0,300000.0,0.038790087463556853,9.0,1.0,1.0,0.03246,0.1,30.0,1.51,0.232,-0.016,1.0,1.0,True,FlowControlLab_NACA0018_quasi_steady_pressure,0.85
0.25932660326889856,0.22734437731436383,0.2606445849659313,0.19152118611392158,0.24722769683735676,0.1895640050889689,0.21884683823785184,0.20879942136857782,-0.25932660326889784,-0.22734437731436563,-0.2606445849659272,-0.1915211861139278,-0.2472276968373516,-0.18956400508897223,-0.21884683823785064,-0.20879942136857804,3.2271094574302454e-16,0.0038218495999859836,22.5,300000.0,0.038807580174927116,9.0,1.0,1.0,0.03245,0.1,30.0,1.52,0.248,-0.021,1.0,1.0,True,FlowControlLab_NACA0018_quasi_steady_pressure,0.85
0.25932660326889856,0.22734437731436383,0.2606445849659313,0.19152118611392158,0.24722769683735676,0.1895640050889689,0.21884683823785184,0.20879942136857782,-0.25932660326889784,-0.22734437731436563,-0.2606445849659272,-0.1915211861139278,-0.2472276968373516,-0.18956400508897223,-0.21884683823785064,-0.20879942136857804,3.2271094574302454e-16,0.0038218495999859836,23.0,300000.0,0.038801749271137026,9.0,1.0,1.0,0.03247,0.1,30.0,1.531,0.266,-0.03,1.0,1.0,True,FlowControlLab_NACA0018_quasi_steady_pressure,0.85
0.25932660326889856,0.22734437731436383,0.2606445849659313,0.19152118611392158,0.24722769683735676,0.1895640050889689,0.21884683823785184,0.20879942136857782,-0.25932660326889784,-0.22734437731436563,-0.2606445849659272,-0.1915211861139278,-0.2472276968373516,-0.18956400508897223,-0.21884683823785064,-0.20879942136857804,3.2271094574302454e-16,0.0038218495999859836,23.5,300000.0,0.038804664723032074,9.0,1.0,1.0,0.03258,0.1,30.0,1.541,0.283,-0.037,1.0,1.0,True,FlowControlLab_NACA0018_quasi_steady_pressure,0.85
0.25932660326889856,0.22734437731436383,0.2606445849659313,0.19152118611392158,0.24722769683735676,0.1895640050889689,0.21884683823785184,0.20879942136857782,-0.25932660326889784,-0.22734437731436563,-0.2606445849659272,-0.1915211861139278,-0.2472276968373516,-0.18956400508897223,-0.21884683823785064,-0.20879942136857804,3.2271094574302454e-16,0.0038218495999859836,24.0,300000.0,0.03884256559766764,9.0,1.0,1.0,0.03268,0.1,30.0,1.556,0.303,-0.045,1.0,1.0,True,FlowControlLab_NACA0018_quasi_steady_pressure,0.85
0.25932660326889856,0.22734437731436383,0.2606445849659313,0.19152118611392158,0.24722769683735676,0.1895640050889689,0.21884683823785184,0.20879942136857782,-0.25932660326889784,-0.22734437731436563,-0.2606445849659272,-0.1915211861139278,-0.2472276968373516,-0.18956400508897223,-0.21884683823785064,-0.20879942136857804,3.2271094574302454e-16,0.0038218495999859836,24.5,300000.0,0.03882507288629738,9.0,1.0,1.0,0.032690000000000004,0.1,30.0,1.576,0.33,-0.057,1.0,1.0,True,FlowControlLab_NACA0018_quasi_steady_pressure,0.85
0.25932660326889856,0.22734437731436383,0.2606445849659313,0.19152118611392158,0.24722769683735676,0.1895640050889689,0.21884683823785184,0.20879942136857782,-0.25932660326889784,-0.22734437731436563,-0.2606445849659272,-0.1915211861139278,-0.2472276968373516,-0.18956400508897223,-0.21884683823785064,-0.20879942136857804,3.2271094574302454e-16,0.0038218495999859836,25.0,300000.0,0.03875218658892128,9.0,1.0,1.0,0.032690000000000004,0.1,30.0,1.588,0.358,-0.071,1.0,1.0,True,FlowControlLab_NACA0018_quasi_steady_pressure,0.85
0.25932660326889856,0.22734437731436383,0.2606445849659313,0.19152118611392158,0.24722769683735676,0.1895640050889689,0.21884683823785184,0.20879942136857782,-0.25932660326889784,-0.22734437731436563,-0.2606445849659272,-0.1915211861139278,-0.2472276968373516,-0.18956400508897223,-0.21884683823785064,-0.20879942136857804,3.2271094574302454e-16,0.0038218495999859836,25.5,300000.0,0.038723032069970846,9.0,1.0,1.0,0.032780000000000004,0.1,30.0,1.585,0.385,-0.083,1.0,1.0,True,FlowControlLab_NACA0018_quasi_steady_pressure,0.85
0.25932660326889856,0.22734437731436383,0.2606445849659313,0.19152118611392158,0.24722769683735676,0.1895640050889689,0.21884683823785184,0.20879942136857782,-0.25932660326889784,-0.22734437731436563,-0.2606445849659272,-0.1915211861139278,-0.2472276968373516,-0.18956400508897223,-0.21884683823785064,-0.20879942136857804,3.2271094574302454e-16,0.0038218495999859836,26.0,300000.0,0.03874635568513119,9.0,1.0,1.0,0.03294,0.1,30.0,1.579,0.423,-0.101,1.0,1.0,True,FlowControlLab_NACA0018_quasi_steady_pressure,0.85
0.25932660326889856,0.22734437731436383,0.2606445849659313,0.19152118611392158,0.24722769683735676,0.1895640050889689,0.21884683823785184,0.20879942136857782,-0.25932660326889784,-0.22734437731436563,-0.2606445849659272,-0.1915211861139278,-0.2472276968373516,-0.18956400508897223,-0.21884683823785064,-0.20879942136857804,3.2271094574302454e-16,0.0038218495999859836,26.5,300000.0,0.038772594752186584,9.0,1.0,1.0,0.03306,0.1,30.0,1.584,0.477,-0.125,1.0,1.0,True,FlowControlLab_NACA0018_quasi_steady_pressure,0.85
0.25932660326889856,0.22734437731436383,0.2606445849659313,0.19152118611392158,0.24722769683735676,0.1895640050889689,0.21884683823785184,0.20879942136857782,-0.25932660326889784,-0.22734437731436563,-0.2606445849659272,-0.1915211861139278,-0.2472276968373516,-0.18956400508897223,-0.21884683823785064,-0.20879942136857804,3.2271094574302454e-16,0.0038218495999859836,27.0,300000.0,0.038711370262390674,9.0,1.0,1.0,0.033010000000000005,0.1,30.0,1.558,0.514,-0.137,1.0,1.0,True,FlowControlLab_NACA0018_quasi_steady_pressure,0.85
0.25932660326889856,0.22734437731436383,0.2606445849659313,0.19152118611392158,0.24722769683735676,0.1895640050889689,0.21884683823785184,0.20879942136857782,-0.25932660326889784,-0.22734437731436563,-0.2606445849659272,-0.1915211861139278,-0.2472276968373516,-0.18956400508897223,-0.21884683823785064,-0.20879942136857804,3.2271094574302454e-16,0.0038218495999859836,27.5,300000.0,0.03872594752186589,9.0,1.0,1.0,0.03303,0.1,30.0,1.509,0.537,-0.142,1.0,1.0,True,FlowControlLab_NACA0018_quasi_steady_pressure,0.85
0.25932660326889856,0.22734437731436383,0.2606445849659313,0.19152118611392158,0.24722769683735676,0.1895640050889689,0.21884683823785184,0.20879942136857782,-0.25932660326889784,-0.22734437731436563,-0.2606445849659272,-0.1915211861139278,-0.2472276968373516,-0.18956400508897223,-0.21884683823785064,-0.20879942136857804,3.2271094574302454e-16,0.0038218495999859836,28.0,300000.0,0.03873760932944607,9.0,1.0,1.0,0.03305,0.1,30.0,1.42,0.562,-0.144,1.0,1.0,True,FlowControlLab_NACA0018_quasi_steady_pressure,0.85
0.25932660326889856,0.22734437731436383,0.2606445849659313,0.19152118611392158,0.24722769683735676,0.1895640050889689,0.21884683823785184,0.20879942136857782,-0.25932660326889784,-0.22734437731436563,-0.2606445849659272,-0.1915211861139278,-0.2472276968373516,-0.18956400508897223,-0.21884683823785064,-0.20879942136857804,3.2271094574302454e-16,0.0038218495999859836,28.5,300000.0,0.03866763848396501,9.0,1.0,1.0,0.03295,0.1,30.0,1.305,0.578,-0.14,1.0,1.0,True,FlowControlLab_NACA0018_quasi_steady_pressure,0.85
0.25932660326889856,0.22734437731436383,0.2606445849659313,0.19152118611392158,0.24722769683735676,0.1895640050889689,0.21884683823785184,0.20879942136857782,-0.25932660326889784,-0.22734437731436563,-0.2606445849659272,-0.1915211861139278,-0.2472276968373516,-0.18956400508897223,-0.21884683823785064,-0.20879942136857804,3.2271094574302454e-16,0.0038218495999859836,29.0,300000.0,0.0386064139941691,9.0,1.0,1.0,0.03284,0.1,30.0,1.197,0.584,-0.131,1.0,1.0,True,FlowControlLab_NACA0018_quasi_steady_pressure,0.85
0.25932660326889856,0.22734437731436383,0.2606445849659313,0.19152118611392158,0.24722769683735676,0.1895640050889689,0.21884683823785184,0.20879942136857782,-0.25932660326889784,-0.22734437731436563,-0.2606445849659272,-0.1915211861139278,-0.2472276968373516,-0.18956400508897223,-0.21884683823785064,-0.20879942136857804,3.2271094574302454e-16,0.0038218495999859836,29.5,300000.0,0.038521865889212824,9.0,1.0,1.0,0.03289,0.1,30.0,1.12,0.595,-0.126,1.0,1.0,True,FlowControlLab_NACA0018_quasi_steady_pressure,0.85
0.25932660326889856,0.22734437731436383,0.2606445849659313,0.19152118611392158,0.24722769683735676,0.1895640050889689,0.21884683823785184,0.20879942136857782,-0.25932660326889784,-0.22734437731436563,-0.2606445849659272,-0.1915211861139278,-0.2472276968373516,-0.18956400508897223,-0.21884683823785064,-0.20879942136857804,3.2271094574302454e-16,0.0038218495999859836,30.0,300000.0,0.03849271137026239,9.0,1.0,1.0,0.03303,0.1,30.0,1.099,0.611,-0.126,1.0,1.0,True,FlowControlLab_NACA0018_quasi_steady_pressure,0.85
0.25932660326889856,0.22734437731436383,0.2606445849659313,0.19152118611392158,0.24722769683735676,0.1895640050889689,0.21884683823785184,0.20879942136857782,-0.25932660326889784,-0.22734437731436563,-0.2606445849659272,-0.1915211861139278,-0.2472276968373516,-0.18956400508897223,-0.21884683823785064,-0.20879942136857804,3.2271094574302454e-16,0.0038218495999859836,30.5,300000.0,0.03851603498542274,9.0,1.0,1.0,0.03322,0.1,30.0,1.097,0.63,-0.125,1.0,1.0,True,FlowControlLab_NACA0018_quasi_steady_pressure,0.85
0.25932660326889856,0.22734437731436383,0.2606445849659313,0.19152118611392158,0.24722769683735676,0.1895640050889689,0.21884683823785184,0.20879942136857782,-0.25932660326889784,-0.22734437731436563,-0.2606445849659272,-0.1915211861139278,-0.2472276968373516,-0.18956400508897223,-0.21884683823785064,-0.20879942136857804,3.2271094574302454e-16,0.0038218495999859836,31.0,300000.0,0.038478134110787175,9.0,1.0,1.0,0.03338,0.1,30.0,1.098,0.656,-0.13,1.0,1.0,True,FlowControlLab_NACA0018_quasi_steady_pressure,0.85
0.25932660326889856,0.22734437731436383,0.2606445849659313,0.19152118611392158,0.24722769683735676,0.1895640050889689,0.21884683823785184,0.20879942136857782,-0.25932660326889784,-0.22734437731436563,-0.2606445849659272,-0.1915211861139278,-0.2472276968373516,-0.18956400508897223,-0.21884683823785064,-0.20879942136857804,3.2271094574302454e-16,0.0038218495999859836,31.5,300000.0,0.038379008746355685,9.0,1.0,1.0,0.03342,0.1,30.0,1.106,0.688,-0.14,1.0,1.0,True,FlowControlLab_NACA0018_quasi_steady_pressure,0.85
0.25932660326889856,0.22734437731436383,0.2606445849659313,0.19152118611392158,0.24722769683735676,0.1895640050889689,0.21884683823785184,0.20879942136857782,-0.25932660326889784,-0.22734437731436563,-0.2606445849659272,-0.1915211861139278,-0.2472276968373516,-0.18956400508897223,-0.21884683823785064,-0.20879942136857804,3.2271094574302454e-16,0.0038218495999859836,32.0,300000.0,0.03832361516034985,9.0,1.0,1.0,0.03344,0.1,30.0,1.123,0.72,-0.149,1.0,1.0,True,FlowControlLab_NACA0018_quasi_steady_pressure,0.85
0.25932660326889856,0.22734437731436383,0.2606445849659313,0.19152118611392158,0.24722769683735676,0.1895640050889689,0.21884683823785184,0.20879942136857782,-0.25932660326889784,-0.22734437731436563,-0.2606445849659272,-0.1915211861139278,-0.2472276968373516,-0.18956400508897223,-0.21884683823785064,-0.20879942136857804,3.2271094574302454e-16,0.0038218495999859836,-2.0,300000.0,0.038950437317784255,9.0,1.0,1.0,0.05107999999999999,0.1,30.0,-0.043,1e-06,-0.007,1.0,1.0,True,FlowControlLab_NACA0018_quasi_steady_pressure,0.85
0.25932660326889856,0.22734437731436383,0.2606445849659313,0.19152118611392158,0.24722769683735676,0.1895640050889689,0.21884683823785184,0.20879942136857782,-0.25932660326889784,-0.22734437731436563,-0.2606445849659272,-0.1915211861139278,-0.2472276968373516,-0.18956400508897223,-0.21884683823785064,-0.20879942136857804,3.2271094574302454e-16,0.0038218495999859836,-1.5,300000.0,0.03901166180758017,9.0,1.0,1.0,0.050940000000000006,0.1,30.0,0.015,1e-06,-0.008,1.0,1.0,True,FlowControlLab_NACA0018_quasi_steady_pressure,0.85
0.25932660326889856,0.22734437731436383,0.2606445849659313,0.19152118611392158,0.24722769683735676,0.1895640050889689,0.21884683823785184,0.20879942136857782,-0.25932660326889784,-0.22734437731436563,-0.2606445849659272,-0.1915211861139278,-0.2472276968373516,-0.18956400508897223,-0.21884683823785064,-0.20879942136857804,3.2271094574302454e-16,0.0038218495999859836,-1.0,300000.0,0.039055393586005835,9.0,1.0,1.0,0.05083,0.1,30.0,0.076,1e-06,-0.009,1.0,1.0,True,FlowControlLab_NACA0018_quasi_steady_pressure,0.85
0.25932660326889856,0.22734437731436383,0.2606445849659313,0.19152118611392158,0.24722769683735676,0.1895640050889689,0.21884683823785184,0.20879942136857782,-0.25932660326889784,-0.22734437731436563,-0.2606445849659272,-0.1915211861139278,-0.2472276968373516,-0.18956400508897223,-0.21884683823785064,-0.20879942136857804,3.2271094574302454e-16,0.0038218495999859836,-0.5,300000.0,0.03898833819241982,9.0,1.0,1.0,0.05112,0.1,30.0,0.136,1e-06,-0.01,1.0,1.0,True,FlowControlLab_NACA0018_quasi_steady_pressure,0.85
0.25932660326889856,0.22734437731436383,0.2606445849659313,0.19152118611392158,0.24722769683735676,0.1895640050889689,0.21884683823785184,0.20879942136857782,-0.25932660326889784,-0.22734437731436563,-0.2606445849659272,-0.1915211861139278,-0.2472276968373516,-0.18956400508897223,-0.21884683823785064,-0.20879942136857804,3.2271094574302454e-16,0.0038218495999859836,0.0,300000.0,0.038941690962099124,9.0,1.0,1.0,0.051210000000000006,0.1,30.0,0.194,1e-06,-0.01,1.0,1.0,True,FlowControlLab_NACA0018_quasi_steady_pressure,0.85
0.25932660326889856,0.22734437731436383,0.2606445849659313,0.19152118611392158,0.24722769683735676,0.1895640050889689,0.21884683823785184,0.20879942136857782,-0.25932660326889784,-0.22734437731436563,-0.2606445849659272,-0.1915211861139278,-0.2472276968373516,-0.18956400508897223,-0.21884683823785064,-0.20879942136857804,3.2271094574302454e-16,0.0038218495999859836,0.5,300000.0,0.03897376093294461,9.0,1.0,1.0,0.051050000000000005,0.1,30.0,0.252,1e-06,-0.01,1.0,1.0,True,FlowControlLab_NACA0018_quasi_steady_pressure,0.85
0.25932660326889856,0.22734437731436383,0.2606445849659313,0.19152118611392158,0.24722769683735676,0.1895640050889689,0.21884683823785184,0.20879942136857782,-0.25932660326889784,-0.22734437731436563,-0.2606445849659272,-0.1915211861139278,-0.2472276968373516,-0.18956400508897223,-0.21884683823785064,-0.20879942136857804,3.2271094574302454e-16,0.0038218495999859836,1.0,300000.0,0.038970845481049565,9.0,1.0,1.0,0.05103,0.1,30.0,0.311,1e-06,-0.01,1.0,1.0,True,FlowControlLab_NACA0018_quasi_steady_pressure,0.85
0.25932660326889856,0.22734437731436383,0.2606445849659313,0.19152118611392158,0.24722769683735676,0.1895640050889689,0.21884683823785184,0.20879942136857782,-0.25932660326889784,-0.22734437731436563,-0.2606445849659272,-0.1915211861139278,-0.2472276968373516,-0.18956400508897223,-0.21884683823785064,-0.20879942136857804,3.2271094574302454e-16,0.0038218495999859836,1.5,300000.0,0.03891545189504374,9.0,1.0,1.0,0.05103,0.1,30.0,0.369,1e-06,-0.01,1.0,1.0,True,FlowControlLab_NACA0018_quasi_steady_pressure,0.85
0.25932660326889856,0.22734437731436383,0.2606445849659313,0.19152118611392158,0.24722769683735676,0.1895640050889689,0.21884683823785184,0.20879942136857782,-0.25932660326889784,-0.22734437731436563,-0.2606445849659272,-0.1915211861139278,-0.2472276968373516,-0.18956400508897223,-0.21884683823785064,-0.20879942136857804,3.2271094574302454e-16,0.0038218495999859836,2.0,300000.0,0.03888338192419825,9.0,1.0,1.0,0.05093,0.1,30.0,0.427,1e-06,-0.01,1.0,1.0,True,FlowControlLab_NACA0018_quasi_steady_pressure,0.85
0.25932660326889856,0.22734437731436383,0.2606445849659313,0.19152118611392158,0.24722769683735676,0.1895640050889689,0.21884683823785184,0.20879942136857782,-0.25932660326889784,-0.22734437731436563,-0.2606445849659272,-0.1915211861139278,-0.2472276968373516,-0.18956400508897223,-0.21884683823785064,-0.20879942136857804,3.2271094574302454e-16,0.0038218495999859836,2.5,300000.0,0.03894752186588921,9.0,1.0,1.0,0.05085,0.1,30.0,0.482,1e-06,-0.01,1.0,1.0,True,FlowControlLab_NACA0018_quasi_steady_pressure,0.85
0.25932660326889856,0.22734437731436383,0.2606445849659313,0.19152118611392158,0.24722769683735676,0.1895640050889689,0.21884683823785184,0.20879942136857782,-0.25932660326889784,-0.22734437731436563,-0.2606445849659272,-0.1915211861139278,-0.2472276968373516,-0.18956400508897223,-0.21884683823785064,-0.20879942136857804,3.2271094574302454e-16,0.0038218495999859836,3.0,300000.0,0.038959183673469386,9.0,1.0,1.0,0.051,0.1,30.0,0.541,1e-06,-0.01,1.0,1.0,True,FlowControlLab_NACA0018_quasi_steady_pressure,0.85
0.25932660326889856,0.22734437731436383,0.2606445849659313,0.19152118611392158,0.24722769683735676,0.1895640050889689,0.21884683823785184,0.20879942136857782,-0.25932660326889784,-0.22734437731436563,-0.2606445849659272,-0.1915211861139278,-0.2472276968373516,-0.18956400508897223,-0.21884683823785064,-0.20879942136857804,3.2271094574302454e-16,0.0038218495999859836,3.5,300000.0,0.03893586005830904,9.0,1.0,1.0,0.05115,0.1,30.0,0.601,1e-06,-0.01,1.0,1.0,True,FlowControlLab_NACA0018_quasi_steady_pressure,0.85
0.25932660326889856,0.22734437731436383,0.2606445849659313,0.19152118611392158,0.24722769683735676,0.1895640050889689,0.21884683823785184,0.20879942136857782,-0.25932660326889784,-0.22734437731436563,-0.2606445849659272,-0.1915211861139278,-0.2472276968373516,-0.18956400508897223,-0.21884683823785064,-0.20879942136857804,3.2271094574302454e-16,0.0038218495999859836,4.0,300000.0,0.03893002915451895,9.0,1.0,1.0,0.051100000000000007,0.1,30.0,0.658,1e-06,-0.01,1.0,1.0,True,FlowControlLab_NACA0018_quasi_steady_pressure,0.85
0.25932660326889856,0.22734437731436383,0.2606445849659313,0.19152118611392158,0.24722769683735676,0.1895640050889689,0.21884683823785184,0.20879942136857782,-0.25932660326889784,-0.22734437731436563,-0.2606445849659272,-0.1915211861139278,-0.2472276968373516,-0.18956400508897223,-0.21884683823785064,-0.20879942136857804,3.2271094574302454e-16,0.0038218495999859836,4.5,300000.0,0.03893586005830904,9.0,1.0,1.0,0.05082,0.1,30.0,0.713,1e-06,-0.01,1.0,1.0,True,FlowControlLab_NACA0018_quasi_steady_pressure,0.85
0.25932660326889856,0.22734437731436383,0.2606445849659313,0.19152118611392158,0.24722769683735676,0.1895640050889689,0.21884683823785184,0.20879942136857782,-0.25932660326889784,-0.22734437731436563,-0.2606445849659272,-0.1915211861139278,-0.2472276968373516,-0.18956400508897223,-0.21884683823785064,-0.20879942136857804,3.2271094574302454e-16,0.0038218495999859836,5.0,300000.0,0.038962099125364434,9.0,1.0,1.0,0.050890000000000005,0.1,30.0,0.773,1e-06,-0.011,1.0,1.0,True,FlowControlLab_NACA0018_quasi_steady_pressure,0.85
0.25932660326889856,0.22734437731436383,0.2606445849659313,0.19152118611392158,0.24722769683735676,0.1895640050889689,0.21884683823785184,0.20879942136857782,-0.25932660326889784,-0.22734437731436563,-0.2606445849659272,-0.1915211861139278,-0.2472276968373516,-0.18956400508897223,-0.21884683823785064,-0.20879942136857804,3.2271094574302454e-16,0.0038218495999859836,5.5,300000.0,0.03893877551020408,9.0,1.0,1.0,0.05103,0.1,30.0,0.837,0.001,-0.011,1.0,1.0,True,FlowControlLab_NACA0018_quasi_steady_pressure,0.85
0.25932660326889856,0.22734437731436383,0.2606445849659313,0.19152118611392158,0.24722769683735676,0.1895640050889689,0.21884683823785184,0.20879942136857782,-0.25932660326889784,-0.22734437731436563,-0.2606445849659272,-0.1915211861139278,-0.2472276968373516,-0.18956400508897223,-0.21884683823785064,-0.20879942136857804,3.2271094574302454e-16,0.0038218495999859836,6.0,300000.0,0.03889795918367347,9.0,1.0,1.0,0.050890000000000005,0.1,30.0,0.898,0.003,-0.012,1.0,1.0,True,FlowControlLab_NACA0018_quasi_steady_pressure,0.85
0.25932660326889856,0.22734437731436383,0.2606445849659313,0.19152118611392158,0.24722769683735676,0.1895640050889689,0.21884683823785184,0.20879942136857782,-0.25932660326889784,-0.22734437731436563,-0.2606445849659272,-0.1915211861139278,-0.2472276968373516,-0.18956400508897223,-0.21884683823785064,-0.20879942136857804,3.2271094574302454e-16,0.0038218495999859836,6.5,300000.0,0.03890379008746356,9.0,1.0,1.0,0.05088,0.1,30.0,0.962,0.004,-0.014,1.0,1.0,True,FlowControlLab_NACA0018_quasi_steady_pressure,0.85
0.25932660326889856,0.22734437731436383,0.2606445849659313,0.19152118611392158,0.24722769683735676,0.1895640050889689,0.21884683823785184,0.20879942136857782,-0.25932660326889784,-0.22734437731436563,-0.2606445849659272,-0.1915211861139278,-0.2472276968373516,-0.18956400508897223,-0.21884683823785064,-0.20879942136857804,3.2271094574302454e-16,0.0038218495999859836,7.0,300000.0,0.03891253644314869,9.0,1.0,1.0,0.05087,0.1,30.0,1.03,0.006,-0.017,1.0,1.0,True,FlowControlLab_NACA0018_quasi_steady_pressure,0.85
0.25932660326889856,0.22734437731436383,0.2606445849659313,0.19152118611392158,0.24722769683735676,0.1895640050889689,0.21884683823785184,0.20879942136857782,-0.25932660326889784,-0.22734437731436563,-0.2606445849659272,-0.1915211861139278,-0.2472276968373516,-0.18956400508897223,-0.21884683823785064,-0.20879942136857804,3.2271094574302454e-16,0.0038218495999859836,7.5,300000.0,0.03893002915451895,9.0,1.0,1.0,0.0509,0.1,30.0,1.101,0.009,-0.02,1.0,1.0,True,FlowControlLab_NACA0018_quasi_steady_pressure,0.85
0.25932660326889856,0.22734437731436383,0.2606445849659313,0.19152118611392158,0.24722769683735676,0.1895640050889689,0.21884683823785184,0.20879942136857782,-0.25932660326889784,-0.22734437731436563,-0.2606445849659272,-0.1915211861139278,-0.2472276968373516,-0.18956400508897223,-0.21884683823785064,-0.20879942136857804,3.2271094574302454e-16,0.0038218495999859836,8.0,300000.0,0.03894460641399417,9.0,1.0,1.0,0.05083,0.1,30.0,1.169,0.011,-0.023,1.0,1.0,True,FlowControlLab_NACA0018_quasi_steady_pressure,0.85
0.25932660326889856,0.22734437731436383,0.2606445849659313,0.19152118611392158,0.24722769683735676,0.1895640050889689,0.21884683823785184,0.20879942136857782,-0.25932660326889784,-0.22734437731436563,-0.2606445849659272,-0.1915211861139278,-0.2472276968373516,-0.18956400508897223,-0.21884683823785064,-0.20879942136857804,3.2271094574302454e-16,0.0038218495999859836,8.5,300000.0,0.0389533527696793,9.0,1.0,1.0,0.05098,0.1,30.0,1.242,0.013,-0.026,1.0,1.0,True,FlowControlLab_NACA0018_quasi_steady_pressure,0.85
0.25932660326889856,0.22734437731436383,0.2606445849659313,0.19152118611392158,0.24722769683735676,0.1895640050889689,0.21884683823785184,0.20879942136857782,-0.25932660326889784,-0.22734437731436563,-0.2606445849659272,-0.1915211861139278,-0.2472276968373516,-0.18956400508897223,-0.21884683823785064,-0.20879942136857804,3.2271094574302454e-16,0.0038218495999859836,9.0,300000.0,0.03898250728862974,9.0,1.0,1.0,0.050940000000000006,0.1,30.0,1.304,0.016,-0.029,1.0,1.0,True,FlowControlLab_NACA0018_quasi_steady_pressure,0.85
0.25932660326889856,0.22734437731436383,0.2606445849659313,0.19152118611392158,0.24722769683735676,0.1895640050889689,0.21884683823785184,0.20879942136857782,-0.25932660326889784,-0.22734437731436563,-0.2606445849659272,-0.1915211861139278,-0.2472276968373516,-0.18956400508897223,-0.21884683823785064,-0.20879942136857804,3.2271094574302454e-16,0.0038218495999859836,9.5,300000.0,0.03897376093294461,9.0,1.0,1.0,0.05077,0.1,30.0,1.353,0.019,-0.03,1.0,1.0,True,FlowControlLab_NACA0018_quasi_steady_pressure,0.85
0.25932660326889856,0.22734437731436383,0.2606445849659313,0.19152118611392158,0.24722769683735676,0.1895640050889689,0.21884683823785184,0.20879942136857782,-0.25932660326889784,-0.22734437731436563,-0.2606445849659272,-0.1915211861139278,-0.2472276968373516,-0.18956400508897223,-0.21884683823785064,-0.20879942136857804,3.2271094574302454e-16,0.0038218495999859836,10.0,300000.0,0.03898250728862974,9.0,1.0,1.0,0.05086,0.1,30.0,1.404,0.021,-0.03,1.0,1.0,True,FlowControlLab_NACA0018_quasi_steady_pressure,0.85
0.25932660326889856,0.22734437731436383,0.2606445849659313,0.19152118611392158,0.24722769683735676,0.1895640050889689,0.21884683823785184,0.20879942136857782,-0.25932660326889784,-0.22734437731436563,-0.2606445849659272,-0.1915211861139278,-0.2472276968373516,-0.18956400508897223,-0.21884683823785064,-0.20879942136857804,3.2271094574302454e-16,0.0038218495999859836,10.5,300000.0,0.03901457725947522,9.0,1.0,1.0,0.05102,0.1,30.0,1.457,0.024,-0.03,1.0,1.0,True,FlowControlLab_NACA0018_quasi_steady_pressure,0.85
0.25932660326889856,0.22734437731436383,0.2606445849659313,0.19152118611392158,0.24722769683735676,0.1895640050889689,0.21884683823785184,0.20879942136857782,-0.25932660326889784,-0.22734437731436563,-0.2606445849659272,-0.1915211861139278,-0.2472276968373516,-0.18956400508897223,-0.21884683823785064,-0.20879942136857804,3.2271094574302454e-16,0.0038218495999859836,11.0,300000.0,0.039058309037900876,9.0,1.0,1.0,0.051050000000000005,0.1,30.0,1.503,0.027,-0.029,1.0,1.0,True,FlowControlLab_NACA0018_quasi_steady_pressure,0.85
0.25932660326889856,0.22734437731436383,0.2606445849659313,0.19152118611392158,0.24722769683735676,0.1895640050889689,0.21884683823785184,0.20879942136857782,-0.25932660326889784,-0.22734437731436563,-0.2606445849659272,-0.1915211861139278,-0.2472276968373516,-0.18956400508897223,-0.21884683823785064,-0.20879942136857804,3.2271094574302454e-16,0.0038218495999859836,11.5,300000.0,0.039034985422740524,9.0,1.0,1.0,0.05093,0.1,30.0,1.543,0.03,-0.028,1.0,1.0,True,FlowControlLab_NACA0018_quasi_steady_pressure,0.85
0.25932660326889856,0.22734437731436383,0.2606445849659313,0.19152118611392158,0.24722769683735676,0.1895640050889689,0.21884683823785184,0.20879942136857782,-0.25932660326889784,-0.22734437731436563,-0.2606445849659272,-0.1915211861139278,-0.2472276968373516,-0.18956400508897223,-0.21884683823785064,-0.20879942136857804,3.2271094574302454e-16,0.0038218495999859836,12.0,300000.0,0.03891836734693878,9.0,1.0,1.0,0.05098,0.1,30.0,1.586,0.033,-0.026,1.0,1.0,True,FlowControlLab_NACA0018_quasi_steady_pressure,0.85
0.25932660326889856,0.22734437731436383,0.2606445849659313,0.19152118611392158,0.24722769683735676,0.1895640050889689,0.21884683823785184,0.20879942136857782,-0.25932660326889784,-0.22734437731436563,-0.2606445849659272,-0.1915211861139278,-0.2472276968373516,-0.18956400508897223,-0.21884683823785064,-0.20879942136857804,3.2271094574302454e-16,0.0038218495999859836,12.5,300000.0,0.03884548104956268,9.0,1.0,1.0,0.05085,0.1,30.0,1.615,0.035,-0.024,1.0,1.0,True,FlowControlLab_NACA0018_quasi_steady_pressure,0.85
0.25932660326889856,0.22734437731436383,0.2606445849659313,0.19152118611392158,0.24722769683735676,0.1895640050889689,0.21884683823785184,0.20879942136857782,-0.25932660326889784,-0.22734437731436563,-0.2606445849659272,-0.1915211861139278,-0.2472276968373516,-0.18956400508897223,-0.21884683823785064,-0.20879942136857804,3.2271094574302454e-16,0.0038218495999859836,13.0,300000.0,0.03882798833819242,9.0,1.0,1.0,0.050780000000000006,0.1,30.0,1.648,0.038,-0.021,1.0,1.0,True,FlowControlLab_NACA0018_quasi_steady_pressure,0.85
0.25932660326889856,0.22734437731436383,0.2606445849659313,0.19152118611392158,0.24722769683735676,0.1895640050889689,0.21884683823785184,0.20879942136857782,-0.25932660326889784,-0.22734437731436563,-0.2606445849659272,-0.1915211861139278,-0.2472276968373516,-0.18956400508897223,-0.21884683823785064,-0.20879942136857804,3.2271094574302454e-16,0.0038218495999859836,13.5,300000.0,0.03883090379008747,9.0,1.0,1.0,0.0509,0.1,30.0,1.687,0.041,-0.018,1.0,1.0,True,FlowControlLab_NACA0018_quasi_steady_pressure,0.85
0.25932660326889856,0.22734437731436383,0.2606445849659313,0.19152118611392158,0.24722769683735676,0.1895640050889689,0.21884683823785184,0.20879942136857782,-0.25932660326889784,-0.22734437731436563,-0.2606445849659272,-0.1915211861139278,-0.2472276968373516,-0.18956400508897223,-0.21884683823785064,-0.20879942136857804,3.2271094574302454e-16,0.0038218495999859836,14.0,300000.0,0.03879591836734694,9.0,1.0,1.0,0.05088,0.1,30.0,1.712,0.044,-0.014,1.0,1.0,True,FlowControlLab_NACA0018_quasi_steady_pressure,0.85
0.25932660326889856,0.22734437731436383,0.2606445849659313,0.19152118611392158,0.24722769683735676,0.1895640050889689,0.21884683823785184,0.20879942136857782,-0.25932660326889784,-0.22734437731436563,-0.2606445849659272,-0.1915211861139278,-0.2472276968373516,-0.18956400508897223,-0.21884683823785064,-0.20879942136857804,3.2271094574302454e-16,0.0038218495999859836,14.5,300000.0,0.038804664723032074,9.0,1.0,1.0,0.050839999999999996,0.1,30.0,1.735,0.047,-0.01,1.0,1.0,True,FlowControlLab_NACA0018_quasi_steady_pressure,0.85
0.25932660326889856,0.22734437731436383,0.2606445849659313,0.19152118611392158,0.24722769683735676,0.1895640050889689,0.21884683823785184,0.20879942136857782,-0.25932660326889784,-0.22734437731436563,-0.2606445849659272,-0.1915211861139278,-0.2472276968373516,-0.18956400508897223,-0.21884683823785064,-0.20879942136857804,3.2271094574302454e-16,0.0038218495999859836,15.0,300000.0,0.0388600583090379,9.0,1.0,1.0,0.0509,0.1,30.0,1.754,0.05,-0.006,1.0,1.0,True,FlowControlLab_NACA0018_quasi_steady_pressure,0.85
0.25932660326889856,0.22734437731436383,0.2606445849659313,0.19152118611392158,0.24722769683735676,0.1895640050889689,0.21884683823785184,0.20879942136857782,-0.25932660326889784,-0.22734437731436563,-0.2606445849659272,-0.1915211861139278,-0.2472276968373516,-0.18956400508897223,-0.21884683823785064,-0.20879942136857804,3.2271094574302454e-16,0.0038218495999859836,15.5,300000.0,0.03893877551020408,9.0,1.0,1.0,0.05102,0.1,30.0,1.77,0.054,-0.002,1.0,1.0,True,FlowControlLab_NACA0018_quasi_steady_pressure,0.85
0.25932660326889856,0.22734437731436383,0.2606445849659313,0.19152118611392158,0.24722769683735676,0.1895640050889689,0.21884683823785184,0.20879942136857782,-0.25932660326889784,-0.22734437731436563,-0.2606445849659272,-0.1915211861139278,-0.2472276968373516,-0.18956400508897223,-0.21884683823785064,-0.20879942136857804,3.2271094574302454e-16,0.0038218495999859836,16.0,300000.0,0.03897376093294461,9.0,1.0,1.0,0.051109999999999996,0.1,30.0,1.786,0.058,0.003,1.0,1.0,True,FlowControlLab_NACA0018_quasi_steady_pressure,0.85
0.25932660326889856,0.22734437731436383,0.2606445849659313,0.19152118611392158,0.24722769683735676,0.1895640050889689,0.21884683823785184,0.20879942136857782,-0.25932660326889784,-0.22734437731436563,-0.2606445849659272,-0.1915211861139278,-0.2472276968373516,-0.18956400508897223,-0.21884683823785064,-0.20879942136857804,3.2271094574302454e-16,0.0038218495999859836,16.5,300000.0,0.03893877551020408,9.0,1.0,1.0,0.05116,0.1,30.0,1.794,0.064,0.007,1.0,1.0,True,FlowControlLab_NACA0018_quasi_steady_pressure,0.85
0.25932660326889856,0.22734437731436383,0.2606445849659313,0.19152118611392158,0.24722769683735676,0.1895640050889689,0.21884683823785184,0.20879942136857782,-0.25932660326889784,-0.22734437731436563,-0.2606445849659272,-0.1915211861139278,-0.2472276968373516,-0.18956400508897223,-0.21884683823785064,-0.20879942136857804,3.2271094574302454e-16,0.0038218495999859836,17.0,300000.0,0.038941690962099124,9.0,1.0,1.0,0.051269999999999996,0.1,30.0,1.8,0.071,0.011,1.0,1.0,True,FlowControlLab_NACA0018_quasi_steady_pressure,0.85
0.25932660326889856,0.22734437731436383,0.2606445849659313,0.19152118611392158,0.24722769683735676,0.1895640050889689,0.21884683823785184,0.20879942136857782,-0.25932660326889784,-0.22734437731436563,-0.2606445849659272,-0.1915211861139278,-0.2472276968373516,-0.18956400508897223,-0.21884683823785064,-0.20879942136857804,3.2271094574302454e-16,0.0038218495999859836,17.5,300000.0,0.03894752186588921,9.0,1.0,1.0,0.05125,0.1,30.0,1.801,0.079,0.015,1.0,1.0,True,FlowControlLab_NACA0018_quasi_steady_pressure,0.85
0.25932660326889856,0.22734437731436383,0.2606445849659313,0.19152118611392158,0.24722769683735676,0.1895640050889689,0.21884683823785184,0.20879942136857782,-0.25932660326889784,-0.22734437731436563,-0.2606445849659272,-0.1915211861139278,-0.2472276968373516,-0.18956400508897223,-0.21884683823785064,-0.20879942136857804,3.2271094574302454e-16,0.0038218495999859836,18.0,300000.0,0.038970845481049565,9.0,1.0,1.0,0.05114,0.1,30.0,1.797,0.089,0.017,1.0,1.0,True,FlowControlLab_NACA0018_quasi_steady_pressure,0.85
0.25932660326889856,0.22734437731436383,0.2606445849659313,0.19152118611392158,0.24722769683735676,0.1895640050889689,0.21884683823785184,0.20879942136857782,-0.25932660326889784,-0.22734437731436563,-0.2606445849659272,-0.1915211861139278,-0.2472276968373516,-0.18956400508897223,-0.21884683823785064,-0.20879942136857804,3.2271094574302454e-16,0.0038218495999859836,18.5,300000.0,0.038950437317784255,9.0,1.0,1.0,0.05119,0.1,30.0,1.797,0.102,0.018,1.0,1.0,True,FlowControlLab_NACA0018_quasi_steady_pressure,0.85
0.25932660326889856,0.22734437731436383,0.2606445849659313,0.19152118611392158,0.24722769683735676,0.1895640050889689,0.21884683823785184,0.20879942136857782,-0.25932660326889784,-0.22734437731436563,-0.2606445849659272,-0.1915211861139278,-0.2472276968373516,-0.18956400508897223,-0.21884683823785064,-0.20879942136857804,3.2271094574302454e-16,0.0038218495999859836,19.0,300000.0,0.03890379008746356,9.0,1.0,1.0,0.05097,0.1,30.0,1.787,0.116,0.018,1.0,1.0,True,FlowControlLab_NACA0018_quasi_steady_pressure,0.85
0.25932660326889856,0.22734437731436383,0.2606445849659313,0.19152118611392158,0.24722769683735676,0.1895640050889689,0.21884683823785184,0.20879942136857782,-0.25932660326889784,-0.22734437731436563,-0.2606445849659272,-0.1915211861139278,-0.2472276968373516,-0.18956400508897223,-0.21884683823785064,-0.20879942136857804,3.2271094574302454e-16,0.0038218495999859836,19.5,300000.0,0.03888629737609329,9.0,1.0,1.0,0.05098,0.1,30.0,1.788,0.127,0.018,1.0,1.0,True,FlowControlLab_NACA0018_quasi_steady_pressure,0.85
0.25932660326889856,0.22734437731436383,0.2606445849659313,0.19152118611392158,0.24722769683735676,0.1895640050889689,0.21884683823785184,0.20879942136857782,-0.25932660326889784,-0.22734437731436563,-0.2606445849659272,-0.1915211861139278,-0.2472276968373516,-0.18956400508897223,-0.21884683823785064,-0.20879942136857804,3.2271094574302454e-16,0.0038218495999859836,20.0,300000.0,0.03885422740524781,9.0,1.0,1.0,0.051109999999999996,0.1,30.0,1.802,0.139,0.018,1.0,1.0,True,FlowControlLab_NACA0018_quasi_steady_pressure,0.85
0.25932660326889856,0.22734437731436383,0.2606445849659313,0.19152118611392158,0.24722769683735676,0.1895640050889689,0.21884683823785184,0.20879942136857782,-0.25932660326889784,-0.22734437731436563,-0.2606445849659272,-0.1915211861139278,-0.2472276968373516,-0.18956400508897223,-0.21884683823785064,-0.20879942136857804,3.2271094574302454e-16,0.0038218495999859836,20.5,300000.0,0.03888921282798834,9.0,1.0,1.0,0.05122,0.1,30.0,1.818,0.15,0.018,1.0,1.0,True,FlowControlLab_NACA0018_quasi_steady_pressure,0.85
0.25932660326889856,0.22734437731436383,0.2606445849659313,0.19152118611392158,0.24722769683735676,0.1895640050889689,0.21884683823785184,0.20879942136857782,-0.25932660326889784,-0.22734437731436563,-0.2606445849659272,-0.1915211861139278,-0.2472276968373516,-0.18956400508897223,-0.21884683823785064,-0.20879942136857804,3.2271094574302454e-16,0.0038218495999859836,21.0,300000.0,0.0388600583090379,9.0,1.0,1.0,0.05128,0.1,30.0,1.836,0.162,0.018,1.0,1.0,True,FlowControlLab_NACA0018_quasi_steady_pressure,0.85
0.25932660326889856,0.22734437731436383,0.2606445849659313,0.19152118611392158,0.24722769683735676,0.1895640050889689,0.21884683823785184,0.20879942136857782,-0.25932660326889784,-0.22734437731436563,-0.2606445849659272,-0.1915211861139278,-0.2472276968373516,-0.18956400508897223,-0.21884683823785064,-0.20879942136857804,3.2271094574302454e-16,0.0038218495999859836,21.5,300000.0,0.03876967930029154,9.0,1.0,1.0,0.05098,0.1,30.0,1.835,0.171,0.018,1.0,1.0,True,FlowControlLab_NACA0018_quasi_steady_pressure,0.85
0.25932660326889856,0.22734437731436383,0.2606445849659313,0.19152118611392158,0.24722769683735676,0.1895640050889689,0.21884683823785184,0.20879942136857782,-0.25932660326889784,-0.22734437731436563,-0.2606445849659272,-0.1915211861139278,-0.2472276968373516,-0.18956400508897223,-0.21884683823785064,-0.20879942136857804,3.2271094574302454e-16,0.0038218495999859836,22.0,300000.0,0.038790087463556853,9.0,1.0,1.0,0.050910000000000004,0.1,30.0,1.846,0.181,0.017,1.0,1.0,True,FlowControlLab_NACA0018_quasi_steady_pressure,0.85
0.25932660326889856,0.22734437731436383,0.2606445849659313,0.19152118611392158,0.24722769683735676,0.1895640050889689,0.21884683823785184,0.20879942136857782,-0.25932660326889784,-0.22734437731436563,-0.2606445849659272,-0.1915211861139278,-0.2472276968373516,-0.18956400508897223,-0.21884683823785064,-0.20879942136857804,3.2271094574302454e-16,0.0038218495999859836,22.5,300000.0,0.038807580174927116,9.0,1.0,1.0,0.050949999999999995,0.1,30.0,1.864,0.192,0.016,1.0,1.0,True,FlowControlLab_NACA0018_quasi_steady_pressure,0.85
0.25932660326889856,0.22734437731436383,0.2606445849659313,0.19152118611392158,0.24722769683735676,0.1895640050889689,0.21884683823785184,0.20879942136857782,-0.25932660326889784,-0.22734437731436563,-0.2606445849659272,-0.1915211861139278,-0.2472276968373516,-0.18956400508897223,-0.21884683823785064,-0.20879942136857804,3.2271094574302454e-16,0.0038218495999859836,23.0,300000.0,0.038801749271137026,9.0,1.0,1.0,0.05098,0.1,30.0,1.887,0.203,0.014,1.0,1.0,True,FlowControlLab_NACA0018_quasi_steady_pressure,0.85
0.25932660326889856,0.22734437731436383,0.2606445849659313,0.19152118611392158,0.24722769683735676,0.1895640050889689,0.21884683823785184,0.20879942136857782,-0.25932660326889784,-0.22734437731436563,-0.2606445849659272,-0.1915211861139278,-0.2472276968373516,-0.18956400508897223,-0.21884683823785064,-0.20879942136857804,3.2271094574302454e-16,0.0038218495999859836,23.5,300000.0,0.038804664723032074,9.0,1.0,1.0,0.050910000000000004,0.1,30.0,1.906,0.213,0.013,1.0,1.0,True,FlowControlLab_NACA0018_quasi_steady_pressure,0.85
0.25932660326889856,0.22734437731436383,0.2606445849659313,0.19152118611392158,0.24722769683735676,0.1895640050889689,0.21884683823785184,0.20879942136857782,-0.25932660326889784,-0.22734437731436563,-0.2606445849659272,-0.1915211861139278,-0.2472276968373516,-0.18956400508897223,-0.21884683823785064,-0.20879942136857804,3.2271094574302454e-16,0.0038218495999859836,24.0,300000.0,0.03884256559766764,9.0,1.0,1.0,0.050730000000000004,0.1,30.0,1.906,0.225,0.01,1.0,1.0,True,FlowControlLab_NACA0018_quasi_steady_pressure,0.85
0.25932660326889856,0.22734437731436383,0.2606445849659313,0.19152118611392158,0.24722769683735676,0.1895640050889689,0.21884683823785184,0.20879942136857782,-0.25932660326889784,-0.22734437731436563,-0.2606445849659272,-0.1915211861139278,-0.2472276968373516,-0.18956400508897223,-0.21884683823785064,-0.20879942136857804,3.2271094574302454e-16,0.0038218495999859836,24.5,300000.0,0.03882507288629738,9.0,1.0,1.0,0.05083,0.1,30.0,1.926,0.244,0.002,1.0,1.0,True,FlowControlLab_NACA0018_quasi_steady_pressure,0.85
0.25932660326889856,0.22734437731436383,0.2606445849659313,0.19152118611392158,0.24722769683735676,0.1895640050889689,0.21884683823785184,0.20879942136857782,-0.25932660326889784,-0.22734437731436563,-0.2606445849659272,-0.1915211861139278,-0.2472276968373516,-0.18956400508897223,-0.21884683823785064,-0.20879942136857804,3.2271094574302454e-16,0.0038218495999859836,25.0,300000.0,0.03875218658892128,9.0,1.0,1.0,0.05098,0.1,30.0,1.968,0.293,-0.026,1.0,1.0,True,FlowControlLab_NACA0018_quasi_steady_pressure,0.85
0.25932660326889856,0.22734437731436383,0.2606445849659313,0.19152118611392158,0.24722769683735676,0.1895640050889689,0.21884683823785184,0.20879942136857782,-0.25932660326889784,-0.22734437731436563,-0.2606445849659272,-0.1915211861139278,-0.2472276968373516,-0.18956400508897223,-0.21884683823785064,-0.20879942136857804,3.2271094574302454e-16,0.0038218495999859836,25.5,300000.0,0.038723032069970846,9.0,1.0,1.0,0.050910000000000004,0.1,30.0,1.998,0.356,-0.066,1.0,1.0,True,FlowControlLab_NACA0018_quasi_steady_pressure,0.85
0.25932660326889856,0.22734437731436383,0.2606445849659313,0.19152118611392158,0.24722769683735676,0.1895640050889689,0.21884683823785184,0.20879942136857782,-0.25932660326889784,-0.22734437731436563,-0.2606445849659272,-0.1915211861139278,-0.2472276968373516,-0.18956400508897223,-0.21884683823785064,-0.20879942136857804,3.2271094574302454e-16,0.0038218495999859836,26.0,300000.0,0.03874635568513119,9.0,1.0,1.0,0.051089999999999997,0.1,30.0,2.006,0.407,-0.09,1.0,1.0,True,FlowControlLab_NACA0018_quasi_steady_pressure,0.85
0.25932660326889856,0.22734437731436383,0.2606445849659313,0.19152118611392158,0.24722769683735676,0.1895640050889689,0.21884683823785184,0.20879942136857782,-0.25932660326889784,-0.22734437731436563,-0.2606445849659272,-0.1915211861139278,-0.2472276968373516,-0.18956400508897223,-0.21884683823785064,-0.20879942136857804,3.2271094574302454e-16,0.0038218495999859836,26.5,300000.0,0.038772594752186584,9.0,1.0,1.0,0.0512,0.1,30.0,1.998,0.445,-0.103,1.0,1.0,True,FlowControlLab_NACA0018_quasi_steady_pressure,0.85
0.25932660326889856,0.22734437731436383,0.2606445849659313,0.19152118611392158,0.24722769683735676,0.1895640050889689,0.21884683823785184,0.20879942136857782,-0.25932660326889784,-0.22734437731436563,-0.2606445849659272,-0.1915211861139278,-0.2472276968373516,-0.18956400508897223,-0.21884683823785064,-0.20879942136857804,3.2271094574302454e-16,0.0038218495999859836,27.0,300000.0,0.038711370262390674,9.0,1.0,1.0,0.05128,0.1,30.0,1.984,0.477,-0.111,1.0,1.0,True,FlowControlLab_NACA0018_quasi_steady_pressure,0.85
0.25932660326889856,0.22734437731436383,0.2606445849659313,0.19152118611392158,0.24722769683735676,0.1895640050889689,0.21884683823785184,0.20879942136857782,-0.25932660326889784,-0.22734437731436563,-0.2606445849659272,-0.1915211861139278,-0.2472276968373516,-0.18956400508897223,-0.21884683823785064,-0.20879942136857804,3.2271094574302454e-16,0.0038218495999859836,27.5,300000.0,0.03872594752186589,9.0,1.0,1.0,0.051559999999999995,0.1,30.0,1.984,0.524,-0.127,1.0,1.0,True,FlowControlLab_NACA0018_quasi_steady_pressure,0.85
0.25932660326889856,0.22734437731436383,0.2606445849659313,0.19152118611392158,0.24722769683735676,0.1895640050889689,0.21884683823785184,0.20879942136857782,-0.25932660326889784,-0.22734437731436563,-0.2606445849659272,-0.1915211861139278,-0.2472276968373516,-0.18956400508897223,-0.21884683823785064,-0.20879942136857804,3.2271094574302454e-16,0.0038218495999859836,28.0,300000.0,0.03873760932944607,9.0,1.0,1.0,0.05163,0.1,30.0,1.989,0.574,-0.146,1.0,1.0,True,FlowControlLab_NACA0018_quasi_steady_pressure,0.85
0.25932660326889856,0.22734437731436383,0.2606445849659313,0.19152118611392158,0.24722769683735676,0.1895640050889689,0.21884683823785184,0.20879942136857782,-0.25932660326889784,-0.22734437731436563,-0.2606445849659272,-0.1915211861139278,-0.2472276968373516,-0.18956400508897223,-0.21884683823785064,-0.20879942136857804,3.2271094574302454e-16,0.0038218495999859836,28.5,300000.0,0.03866763848396501,9.0,1.0,1.0,0.05144,0.1,30.0,1.987,0.62,-0.165,1.0,1.0,True,FlowControlLab_NACA0018_quasi_steady_pressure,0.85
0.25932660326889856,0.22734437731436383,0.2606445849659313,0.19152118611392158,0.24722769683735676,0.1895640050889689,0.21884683823785184,0.20879942136857782,-0.25932660326889784,-0.22734437731436563,-0.2606445849659272,-0.1915211861139278,-0.2472276968373516,-0.18956400508897223,-0.21884683823785064,-0.20879942136857804,3.2271094574302454e-16,0.0038218495999859836,29.0,300000.0,0.0386064139941691,9.0,1.0,1.0,0.05149,0.1,30.0,1.978,0.656,-0.178,1.0,1.0,True,FlowControlLab_NACA0018_quasi_steady_pressure,0.85
0.25932660326889856,0.22734437731436383,0.2606445849659313,0.19152118611392158,0.24722769683735676,0.1895640050889689,0.21884683823785184,0.20879942136857782,-0.25932660326889784,-0.22734437731436563,-0.2606445849659272,-0.1915211861139278,-0.2472276968373516,-0.18956400508897223,-0.21884683823785064,-0.20879942136857804,3.2271094574302454e-16,0.0038218495999859836,29.5,300000.0,0.038521865889212824,9.0,1.0,1.0,0.05173,0.1,30.0,1.975,0.694,-0.189,1.0,1.0,True,FlowControlLab_NACA0018_quasi_steady_pressure,0.85
0.25932660326889856,0.22734437731436383,0.2606445849659313,0.19152118611392158,0.24722769683735676,0.1895640050889689,0.21884683823785184,0.20879942136857782,-0.25932660326889784,-0.22734437731436563,-0.2606445849659272,-0.1915211861139278,-0.2472276968373516,-0.18956400508897223,-0.21884683823785064,-0.20879942136857804,3.2271094574302454e-16,0.0038218495999859836,30.0,300000.0,0.03849271137026239,9.0,1.0,1.0,0.05192,0.1,30.0,1.939,0.744,-0.205,1.0,1.0,True,FlowControlLab_NACA0018_quasi_steady_pressure,0.85
0.25932660326889856,0.22734437731436383,0.2606445849659313,0.19152118611392158,0.24722769683735676,0.1895640050889689,0.21884683823785184,0.20879942136857782,-0.25932660326889784,-0.22734437731436563,-0.2606445849659272,-0.1915211861139278,-0.2472276968373516,-0.18956400508897223,-0.21884683823785064,-0.20879942136857804,3.2271094574302454e-16,0.0038218495999859836,30.5,300000.0,0.03851603498542274,9.0,1.0,1.0,0.05189,0.1,30.0,1.642,0.732,-0.183,1.0,1.0,True,FlowControlLab_NACA0018_quasi_steady_pressure,0.85
0.25932660326889856,0.22734437731436383,0.2606445849659313,0.19152118611392158,0.24722769683735676,0.1895640050889689,0.21884683823785184,0.20879942136857782,-0.25932660326889784,-0.22734437731436563,-0.2606445849659272,-0.1915211861139278,-0.2472276968373516,-0.18956400508897223,-0.21884683823785064,-0.20879942136857804,3.2271094574302454e-16,0.0038218495999859836,31.0,300000.0,0.038478134110787175,9.0,1.0,1.0,0.051550000000000006,0.1,30.0,1.335,0.695,-0.149,1.0,1.0,True,FlowControlLab_NACA0018_quasi_steady_pressure,0.85
0.25932660326889856,0.22734437731436383,0.2606445849659313,0.19152118611392158,0.24722769683735676,0.1895640050889689,0.21884683823785184,0.20879942136857782,-0.25932660326889784,-0.22734437731436563,-0.2606445849659272,-0.1915211861139278,-0.2472276968373516,-0.18956400508897223,-0.21884683823785064,-0.20879942136857804,3.2271094574302454e-16,0.0038218495999859836,31.5,300000.0,0.038379008746355685,9.0,1.0,1.0,0.051500000000000004,0.1,30.0,1.263,0.7,-0.143,1.0,1.0,True,FlowControlLab_NACA0018_quasi_steady_pressure,0.85
0.25932660326889856,0.22734437731436383,0.2606445849659313,0.19152118611392158,0.24722769683735676,0.1895640050889689,0.21884683823785184,0.20879942136857782,-0.25932660326889784,-0.22734437731436563,-0.2606445849659272,-0.1915211861139278,-0.2472276968373516,-0.18956400508897223,-0.21884683823785064,-0.20879942136857804,3.2271094574302454e-16,0.0038218495999859836,32.0,300000.0,0.03832361516034985,9.0,1.0,1.0,0.051559999999999995,0.1,30.0,1.223,0.71,-0.14,1.0,1.0,True,FlowControlLab_NACA0018_quasi_steady_pressure,0.85
0.25932660326889856,0.22734437731436383,0.2606445849659313,0.19152118611392158,0.24722769683735676,0.1895640050889689,0.21884683823785184,0.20879942136857782,-0.25932660326889784,-0.22734437731436563,-0.2606445849659272,-0.1915211861139278,-0.2472276968373516,-0.18956400508897223,-0.21884683823785064,-0.20879942136857804,3.2271094574302454e-16,0.0038218495999859836,-2.0,300000.0,0.038950437317784255,9.0,1.0,1.0,0.06539,0.1,30.0,0.002,1e-06,-0.009,1.0,1.0,True,FlowControlLab_NACA0018_quasi_steady_pressure,0.85
0.25932660326889856,0.22734437731436383,0.2606445849659313,0.19152118611392158,0.24722769683735676,0.1895640050889689,0.21884683823785184,0.20879942136857782,-0.25932660326889784,-0.22734437731436563,-0.2606445849659272,-0.1915211861139278,-0.2472276968373516,-0.18956400508897223,-0.21884683823785064,-0.20879942136857804,3.2271094574302454e-16,0.0038218495999859836,-1.5,300000.0,0.03901166180758017,9.0,1.0,1.0,0.06527999999999999,0.1,30.0,0.063,1e-06,-0.009,1.0,1.0,True,FlowControlLab_NACA0018_quasi_steady_pressure,0.85
0.25932660326889856,0.22734437731436383,0.2606445849659313,0.19152118611392158,0.24722769683735676,0.1895640050889689,0.21884683823785184,0.20879942136857782,-0.25932660326889784,-0.22734437731436563,-0.2606445849659272,-0.1915211861139278,-0.2472276968373516,-0.18956400508897223,-0.21884683823785064,-0.20879942136857804,3.2271094574302454e-16,0.0038218495999859836,-1.0,300000.0,0.039055393586005835,9.0,1.0,1.0,0.06507,0.1,30.0,0.124,1e-06,-0.01,1.0,1.0,True,FlowControlLab_NACA0018_quasi_steady_pressure,0.85
0.25932660326889856,0.22734437731436383,0.2606445849659313,0.19152118611392158,0.24722769683735676,0.1895640050889689,0.21884683823785184,0.20879942136857782,-0.25932660326889784,-0.22734437731436563,-0.2606445849659272,-0.1915211861139278,-0.2472276968373516,-0.18956400508897223,-0.21884683823785064,-0.20879942136857804,3.2271094574302454e-16,0.0038218495999859836,-0.5,300000.0,0.03898833819241982,9.0,1.0,1.0,0.06539,0.1,30.0,0.186,1e-06,-0.011,1.0,1.0,True,FlowControlLab_NACA0018_quasi_steady_pressure,0.85
0.25932660326889856,0.22734437731436383,0.2606445849659313,0.19152118611392158,0.24722769683735676,0.1895640050889689,0.21884683823785184,0.20879942136857782,-0.25932660326889784,-0.22734437731436563,-0.2606445849659272,-0.1915211861139278,-0.2472276968373516,-0.18956400508897223,-0.21884683823785064,-0.20879942136857804,3.2271094574302454e-16,0.0038218495999859836,0.0,300000.0,0.038941690962099124,9.0,1.0,1.0,0.06533,0.1,30.0,0.246,1e-06,-0.012,1.0,1.0,True,FlowControlLab_NACA0018_quasi_steady_pressure,0.85
0.25932660326889856,0.22734437731436383,0.2606445849659313,0.19152118611392158,0.24722769683735676,0.1895640050889689,0.21884683823785184,0.20879942136857782,-0.25932660326889784,-0.22734437731436563,-0.2606445849659272,-0.1915211861139278,-0.2472276968373516,-0.18956400508897223,-0.21884683823785064,-0.20879942136857804,3.2271094574302454e-16,0.0038218495999859836,0.5,300000.0,0.03897376093294461,9.0,1.0,1.0,0.06514,0.1,30.0,0.304,1e-06,-0.012,1.0,1.0,True,FlowControlLab_NACA0018_quasi_steady_pressure,0.85
0.25932660326889856,0.22734437731436383,0.2606445849659313,0.19152118611392158,0.24722769683735676,0.1895640050889689,0.21884683823785184,0.20879942136857782,-0.25932660326889784,-0.22734437731436563,-0.2606445849659272,-0.1915211861139278,-0.2472276968373516,-0.18956400508897223,-0.21884683823785064,-0.20879942136857804,3.2271094574302454e-16,0.0038218495999859836,1.0,300000.0,0.038970845481049565,9.0,1.0,1.0,0.06527999999999999,0.1,30.0,0.364,1e-06,-0.012,1.0,1.0,True,FlowControlLab_NACA0018_quasi_steady_pressure,0.85
0.25932660326889856,0.22734437731436383,0.2606445849659313,0.19152118611392158,0.24722769683735676,0.1895640050889689,0.21884683823785184,0.20879942136857782,-0.25932660326889784,-0.22734437731436563,-0.2606445849659272,-0.1915211861139278,-0.2472276968373516,-0.18956400508897223,-0.21884683823785064,-0.20879942136857804,3.2271094574302454e-16,0.0038218495999859836,1.5,300000.0,0.03891545189504374,9.0,1.0,1.0,0.06517,0.1,30.0,0.422,1e-06,-0.012,1.0,1.0,True,FlowControlLab_NACA0018_quasi_steady_pressure,0.85
0.25932660326889856,0.22734437731436383,0.2606445849659313,0.19152118611392158,0.24722769683735676,0.1895640050889689,0.21884683823785184,0.20879942136857782,-0.25932660326889784,-0.22734437731436563,-0.2606445849659272,-0.1915211861139278,-0.2472276968373516,-0.18956400508897223,-0.21884683823785064,-0.20879942136857804,3.2271094574302454e-16,0.0038218495999859836,2.0,300000.0,0.03888338192419825,9.0,1.0,1.0,0.06527,0.1,30.0,0.482,1e-06,-0.013,1.0,1.0,True,FlowControlLab_NACA0018_quasi_steady_pressure,0.85
0.25932660326889856,0.22734437731436383,0.2606445849659313,0.19152118611392158,0.24722769683735676,0.1895640050889689,0.21884683823785184,0.20879942136857782,-0.25932660326889784,-0.22734437731436563,-0.2606445849659272,-0.1915211861139278,-0.2472276968373516,-0.18956400508897223,-0.21884683823785064,-0.20879942136857804,3.2271094574302454e-16,0.0038218495999859836,2.5,300000.0,0.03894752186588921,9.0,1.0,1.0,0.06523,0.1,30.0,0.543,1e-06,-0.013,1.0,1.0,True,FlowControlLab_NACA0018_quasi_steady_pressure,0.85
0.25932660326889856,0.22734437731436383,0.2606445849659313,0.19152118611392158,0.24722769683735676,0.1895640050889689,0.21884683823785184,0.20879942136857782,-0.25932660326889784,-0.22734437731436563,-0.2606445849659272,-0.1915211861139278,-0.2472276968373516,-0.18956400508897223,-0.21884683823785064,-0.20879942136857804,3.2271094574302454e-16,0.0038218495999859836,3.0,300000.0,0.038959183673469386,9.0,1.0,1.0,0.06508,0.1,30.0,0.6,1e-06,-0.013,1.0,1.0,True,FlowControlLab_NACA0018_quasi_steady_pressure,0.85
0.25932660326889856,0.22734437731436383,0.2606445849659313,0.19152118611392158,0.24722769683735676,0.1895640050889689,0.21884683823785184,0.20879942136857782,-0.25932660326889784,-0.22734437731436563,-0.2606445849659272,-0.1915211861139278,-0.2472276968373516,-0.18956400508897223,-0.21884683823785064,-0.20879942136857804,3.2271094574302454e-16,0.0038218495999859836,3.5,300000.0,0.03893586005830904,9.0,1.0,1.0,0.06525,0.1,30.0,0.659,1e-06,-0.013,1.0,1.0,True,FlowControlLab_NACA0018_quasi_steady_pressure,0.85
0.25932660326889856,0.22734437731436383,0.2606445849659313,0.19152118611392158,0.24722769683735676,0.1895640050889689,0.21884683823785184,0.20879942136857782,-0.25932660326889784,-0.22734437731436563,-0.2606445849659272,-0.1915211861139278,-0.2472276968373516,-0.18956400508897223,-0.21884683823785064,-0.20879942136857804,3.2271094574302454e-16,0.0038218495999859836,4.0,300000.0,0.03893002915451895,9.0,1.0,1.0,0.06541000000000001,0.1,30.0,0.72,1e-06,-0.014,1.0,1.0,True,FlowControlLab_NACA0018_quasi_steady_pressure,0.85
0.25932660326889856,0.22734437731436383,0.2606445849659313,0.19152118611392158,0.24722769683735676,0.1895640050889689,0.21884683823785184,0.20879942136857782,-0.25932660326889784,-0.22734437731436563,-0.2606445849659272,-0.1915211861139278,-0.2472276968373516,-0.18956400508897223,-0.21884683823785064,-0.20879942136857804,3.2271094574302454e-16,0.0038218495999859836,4.5,300000.0,0.03893586005830904,9.0,1.0,1.0,0.06535,0.1,30.0,0.781,1e-06,-0.014,1.0,1.0,True,FlowControlLab_NACA0018_quasi_steady_pressure,0.85
0.25932660326889856,0.22734437731436383,0.2606445849659313,0.19152118611392158,0.24722769683735676,0.1895640050889689,0.21884683823785184,0.20879942136857782,-0.25932660326889784,-0.22734437731436563,-0.2606445849659272,-0.1915211861139278,-0.2472276968373516,-0.18956400508897223,-0.21884683823785064,-0.20879942136857804,3.2271094574302454e-16,0.0038218495999859836,5.0,300000.0,0.038962099125364434,9.0,1.0,1.0,0.06526,0.1,30.0,0.839,1e-06,-0.014,1.0,1.0,True,FlowControlLab_NACA0018_quasi_steady_pressure,0.85
0.25932660326889856,0.22734437731436383,0.2606445849659313,0.19152118611392158,0.24722769683735676,0.1895640050889689,0.21884683823785184,0.20879942136857782,-0.25932660326889784,-0.22734437731436563,-0.2606445849659272,-0.1915211861139278,-0.2472276968373516,-0.18956400508897223,-0.21884683823785064,-0.20879942136857804,3.2271094574302454e-16,0.0038218495999859836,5.5,300000.0,0.03893877551020408,9.0,1.0,1.0,0.06524,0.1,30.0,0.901,1e-06,-0.015,1.0,1.0,True,FlowControlLab_NACA0018_quasi_steady_pressure,0.85
0.25932660326889856,0.22734437731436383,0.2606445849659313,0.19152118611392158,0.24722769683735676,0.1895640050889689,0.21884683823785184,0.20879942136857782,-0.25932660326889784,-0.22734437731436563,-0.2606445849659272,-0.1915211861139278,-0.2472276968373516,-0.18956400508897223,-0.21884683823785064,-0.20879942136857804,3.2271094574302454e-16,0.0038218495999859836,6.0,300000.0,0.03889795918367347,9.0,1.0,1.0,0.06514,0.1,30.0,0.961,1e-06,-0.016,1.0,1.0,True,FlowControlLab_NACA0018_quasi_steady_pressure,0.85
0.25932660326889856,0.22734437731436383,0.2606445849659313,0.19152118611392158,0.24722769683735676,0.1895640050889689,0.21884683823785184,0.20879942136857782,-0.25932660326889784,-0.22734437731436563,-0.2606445849659272,-0.1915211861139278,-0.2472276968373516,-0.18956400508897223,-0.21884683823785064,-0.20879942136857804,3.2271094574302454e-16,0.0038218495999859836,6.5,300000.0,0.03890379008746356,9.0,1.0,1.0,0.06526,0.1,30.0,1.025,1e-06,-0.017,1.0,1.0,True,FlowControlLab_NACA0018_quasi_steady_pressure,0.85
0.25932660326889856,0.22734437731436383,0.2606445849659313,0.19152118611392158,0.24722769683735676,0.1895640050889689,0.21884683823785184,0.20879942136857782,-0.25932660326889784,-0.22734437731436563,-0.2606445849659272,-0.1915211861139278,-0.2472276968373516,-0.18956400508897223,-0.21884683823785064,-0.20879942136857804,3.2271094574302454e-16,0.0038218495999859836,7.0,300000.0,0.03891253644314869,9.0,1.0,1.0,0.06535,0.1,30.0,1.096,1e-06,-0.019,1.0,1.0,True,FlowControlLab_NACA0018_quasi_steady_pressure,0.85
0.25932660326889856,0.22734437731436383,0.2606445849659313,0.19152118611392158,0.24722769683735676,0.1895640050889689,0.21884683823785184,0.20879942136857782,-0.25932660326889784,-0.22734437731436563,-0.2606445849659272,-0.1915211861139278,-0.2472276968373516,-0.18956400508897223,-0.21884683823785064,-0.20879942136857804,3.2271094574302454e-16,0.0038218495999859836,7.5,300000.0,0.03893002915451895,9.0,1.0,1.0,0.06543,0.1,30.0,1.169,0.001,-0.023,1.0,1.0,True,FlowControlLab_NACA0018_quasi_steady_pressure,0.85
0.25932660326889856,0.22734437731436383,0.2606445849659313,0.19152118611392158,0.24722769683735676,0.1895640050889689,0.21884683823785184,0.20879942136857782,-0.25932660326889784,-0.22734437731436563,-0.2606445849659272,-0.1915211861139278,-0.2472276968373516,-0.18956400508897223,-0.21884683823785064,-0.20879942136857804,3.2271094574302454e-16,0.0038218495999859836,8.0,300000.0,0.03894460641399417,9.0,1.0,1.0,0.06541999999999999,0.1,30.0,1.239,0.004,-0.026,1.0,1.0,True,FlowControlLab_NACA0018_quasi_steady_pressure,0.85
0.25932660326889856,0.22734437731436383,0.2606445849659313,0.19152118611392158,0.24722769683735676,0.1895640050889689,0.21884683823785184,0.20879942136857782,-0.25932660326889784,-0.22734437731436563,-0.2606445849659272,-0.1915211861139278,-0.2472276968373516,-0.18956400508897223,-0.21884683823785064,-0.20879942136857804,3.2271094574302454e-16,0.0038218495999859836,8.5,300000.0,0.0389533527696793,9.0,1.0,1.0,0.06529,0.1,30.0,1.304,0.006,-0.03,1.0,1.0,True,FlowControlLab_NACA0018_quasi_steady_pressure,0.85
0.25932660326889856,0.22734437731436383,0.2606445849659313,0.19152118611392158,0.24722769683735676,0.1895640050889689,0.21884683823785184,0.20879942136857782,-0.25932660326889784,-0.22734437731436563,-0.2606445849659272,-0.1915211861139278,-0.2472276968373516,-0.18956400508897223,-0.21884683823785064,-0.20879942136857804,3.2271094574302454e-16,0.0038218495999859836,9.0,300000.0,0.03898250728862974,9.0,1.0,1.0,0.06555,0.1,30.0,1.377,0.009,-0.033,1.0,1.0,True,FlowControlLab_NACA0018_quasi_steady_pressure,0.85
0.25932660326889856,0.22734437731436383,0.2606445849659313,0.19152118611392158,0.24722769683735676,0.1895640050889689,0.21884683823785184,0.20879942136857782,-0.25932660326889784,-0.22734437731436563,-0.2606445849659272,-0.1915211861139278,-0.2472276968373516,-0.18956400508897223,-0.21884683823785064,-0.20879942136857804,3.2271094574302454e-16,0.0038218495999859836,9.5,300000.0,0.03897376093294461,9.0,1.0,1.0,0.06543,0.1,30.0,1.438,0.012,-0.035,1.0,1.0,True,FlowControlLab_NACA0018_quasi_steady_pressure,0.85
0.25932660326889856,0.22734437731436383,0.2606445849659313,0.19152118611392158,0.24722769683735676,0.1895640050889689,0.21884683823785184,0.20879942136857782,-0.25932660326889784,-0.22734437731436563,-0.2606445849659272,-0.1915211861139278,-0.2472276968373516,-0.18956400508897223,-0.21884683823785064,-0.20879942136857804,3.2271094574302454e-16,0.0038218495999859836,10.0,300000.0,0.03898250728862974,9.0,1.0,1.0,0.06545,0.1,30.0,1.494,0.016,-0.037,1.0,1.0,True,FlowControlLab_NACA0018_quasi_steady_pressure,0.85
0.25932660326889856,0.22734437731436383,0.2606445849659313,0.19152118611392158,0.24722769683735676,0.1895640050889689,0.21884683823785184,0.20879942136857782,-0.25932660326889784,-0.22734437731436563,-0.2606445849659272,-0.1915211861139278,-0.2472276968373516,-0.18956400508897223,-0.21884683823785064,-0.20879942136857804,3.2271094574302454e-16,0.0038218495999859836,10.5,300000.0,0.03901457725947522,9.0,1.0,1.0,0.06567,0.1,30.0,1.556,0.019,-0.038,1.0,1.0,True,FlowControlLab_NACA0018_quasi_steady_pressure,0.85
0.25932660326889856,0.22734437731436383,0.2606445849659313,0.19152118611392158,0.24722769683735676,0.1895640050889689,0.21884683823785184,0.20879942136857782,-0.25932660326889784,-0.22734437731436563,-0.2606445849659272,-0.1915211861139278,-0.2472276968373516,-0.18956400508897223,-0.21884683823785064,-0.20879942136857804,3.2271094574302454e-16,0.0038218495999859836,11.0,300000.0,0.039058309037900876,9.0,1.0,1.0,0.06548,0.1,30.0,1.604,0.021,-0.037,1.0,1.0,True,FlowControlLab_NACA0018_quasi_steady_pressure,0.85
0.25932660326889856,0.22734437731436383,0.2606445849659313,0.19152118611392158,0.24722769683735676,0.1895640050889689,0.21884683823785184,0.20879942136857782,-0.25932660326889784,-0.22734437731436563,-0.2606445849659272,-0.1915211861139278,-0.2472276968373516,-0.18956400508897223,-0.21884683823785064,-0.20879942136857804,3.2271094574302454e-16,0.0038218495999859836,11.5,300000.0,0.039034985422740524,9.0,1.0,1.0,0.06537,0.1,30.0,1.645,0.024,-0.037,1.0,1.0,True,FlowControlLab_NACA0018_quasi_steady_pressure,0.85
0.25932660326889856,0.22734437731436383,0.2606445849659313,0.19152118611392158,0.24722769683735676,0.1895640050889689,0.21884683823785184,0.20879942136857782,-0.25932660326889784,-0.22734437731436563,-0.2606445849659272,-0.1915211861139278,-0.2472276968373516,-0.18956400508897223,-0.21884683823785064,-0.20879942136857804,3.2271094574302454e-16,0.0038218495999859836,12.0,300000.0,0.03891836734693878,9.0,1.0,1.0,0.06548,0.1,30.0,1.692,0.027,-0.036,1.0,1.0,True,FlowControlLab_NACA0018_quasi_steady_pressure,0.85
0.25932660326889856,0.22734437731436383,0.2606445849659313,0.19152118611392158,0.24722769683735676,0.1895640050889689,0.21884683823785184,0.20879942136857782,-0.25932660326889784,-0.22734437731436563,-0.2606445849659272,-0.1915211861139278,-0.2472276968373516,-0.18956400508897223,-0.21884683823785064,-0.20879942136857804,3.2271094574302454e-16,0.0038218495999859836,12.5,300000.0,0.03884548104956268,9.0,1.0,1.0,0.06541000000000001,0.1,30.0,1.739,0.031,-0.035,1.0,1.0,True,FlowControlLab_NACA0018_quasi_steady_pressure,0.85
0.25932660326889856,0.22734437731436383,0.2606445849659313,0.19152118611392158,0.24722769683735676,0.1895640050889689,0.21884683823785184,0.20879942136857782,-0.25932660326889784,-0.22734437731436563,-0.2606445849659272,-0.1915211861139278,-0.2472276968373516,-0.18956400508897223,-0.21884683823785064,-0.20879942136857804,3.2271094574302454e-16,0.0038218495999859836,13.0,300000.0,0.03882798833819242,9.0,1.0,1.0,0.06502,0.1,30.0,1.77,0.034,-0.033,1.0,1.0,True,FlowControlLab_NACA0018_quasi_steady_pressure,0.85
0.25932660326889856,0.22734437731436383,0.2606445849659313,0.19152118611392158,0.24722769683735676,0.1895640050889689,0.21884683823785184,0.20879942136857782,-0.25932660326889784,-0.22734437731436563,-0.2606445849659272,-0.1915211861139278,-0.2472276968373516,-0.18956400508897223,-0.21884683823785064,-0.20879942136857804,3.2271094574302454e-16,0.0038218495999859836,13.5,300000.0,0.03883090379008747,9.0,1.0,1.0,0.06518,0.1,30.0,1.809,0.037,-0.031,1.0,1.0,True,FlowControlLab_NACA0018_quasi_steady_pressure,0.85
0.25932660326889856,0.22734437731436383,0.2606445849659313,0.19152118611392158,0.24722769683735676,0.1895640050889689,0.21884683823785184,0.20879942136857782,-0.25932660326889784,-0.22734437731436563,-0.2606445849659272,-0.1915211861139278,-0.2472276968373516,-0.18956400508897223,-0.21884683823785064,-0.20879942136857804,3.2271094574302454e-16,0.0038218495999859836,14.0,300000.0,0.03879591836734694,9.0,1.0,1.0,0.06549,0.1,30.0,1.855,0.04,-0.029,1.0,1.0,True,FlowControlLab_NACA0018_quasi_steady_pressure,0.85
0.25932660326889856,0.22734437731436383,0.2606445849659313,0.19152118611392158,0.24722769683735676,0.1895640050889689,0.21884683823785184,0.20879942136857782,-0.25932660326889784,-0.22734437731436563,-0.2606445849659272,-0.1915211861139278,-0.2472276968373516,-0.18956400508897223,-0.21884683823785064,-0.20879942136857804,3.2271094574302454e-16,0.0038218495999859836,14.5,300000.0,0.038804664723032074,9.0,1.0,1.0,0.06532,0.1,30.0,1.883,0.044,-0.027,1.0,1.0,True,FlowControlLab_NACA0018_quasi_steady_pressure,0.85
0.25932660326889856,0.22734437731436383,0.2606445849659313,0.19152118611392158,0.24722769683735676,0.1895640050889689,0.21884683823785184,0.20879942136857782,-0.25932660326889784,-0.22734437731436563,-0.2606445849659272,-0.1915211861139278,-0.2472276968373516,-0.18956400508897223,-0.21884683823785064,-0.20879942136857804,3.2271094574302454e-16,0.0038218495999859836,15.0,300000.0,0.0388600583090379,9.0,1.0,1.0,0.06527,0.1,30.0,1.917,0.047,-0.024,1.0,1.0,True,FlowControlLab_NACA0018_quasi_steady_pressure,0.85
0.25932660326889856,0.22734437731436383,0.2606445849659313,0.19152118611392158,0.24722769683735676,0.1895640050889689,0.21884683823785184,0.20879942136857782,-0.25932660326889784,-0.22734437731436563,-0.2606445849659272,-0.1915211861139278,-0.2472276968373516,-0.18956400508897223,-0.21884683823785064,-0.20879942136857804,3.2271094574302454e-16,0.0038218495999859836,15.5,300000.0,0.03893877551020408,9.0,1.0,1.0,0.06535,0.1,30.0,1.953,0.05,-0.02,1.0,1.0,True,FlowControlLab_NACA0018_quasi_steady_pressure,0.85
0.25932660326889856,0.22734437731436383,0.2606445849659313,0.19152118611392158,0.24722769683735676,0.1895640050889689,0.21884683823785184,0.20879942136857782,-0.25932660326889784,-0.22734437731436563,-0.2606445849659272,-0.1915211861139278,-0.2472276968373516,-0.18956400508897223,-0.21884683823785064,-0.20879942136857804,3.2271094574302454e-16,0.0038218495999859836,16.0,300000.0,0.03897376093294461,9.0,1.0,1.0,0.06532,0.1,30.0,1.977,0.054,-0.017,1.0,1.0,True,FlowControlLab_NACA0018_quasi_steady_pressure,0.85
0.25932660326889856,0.22734437731436383,0.2606445849659313,0.19152118611392158,0.24722769683735676,0.1895640050889689,0.21884683823785184,0.20879942136857782,-0.25932660326889784,-0.22734437731436563,-0.2606445849659272,-0.1915211861139278,-0.2472276968373516,-0.18956400508897223,-0.21884683823785064,-0.20879942136857804,3.2271094574302454e-16,0.0038218495999859836,16.5,300000.0,0.03893877551020408,9.0,1.0,1.0,0.06533,0.1,30.0,1.998,0.057,-0.013,1.0,1.0,True,FlowControlLab_NACA0018_quasi_steady_pressure,0.85
0.25932660326889856,0.22734437731436383,0.2606445849659313,0.19152118611392158,0.24722769683735676,0.1895640050889689,0.21884683823785184,0.20879942136857782,-0.25932660326889784,-0.22734437731436563,-0.2606445849659272,-0.1915211861139278,-0.2472276968373516,-0.18956400508897223,-0.21884683823785064,-0.20879942136857804,3.2271094574302454e-16,0.0038218495999859836,17.0,300000.0,0.038941690962099124,9.0,1.0,1.0,0.06537,0.1,30.0,2.018,0.06,-0.008,1.0,1.0,True,FlowControlLab_NACA0018_quasi_steady_pressure,0.85
0.25932660326889856,0.22734437731436383,0.2606445849659313,0.19152118611392158,0.24722769683735676,0.1895640050889689,0.21884683823785184,0.20879942136857782,-0.25932660326889784,-0.22734437731436563,-0.2606445849659272,-0.1915211861139278,-0.2472276968373516,-0.18956400508897223,-0.21884683823785064,-0.20879942136857804,3.2271094574302454e-16,0.0038218495999859836,17.5,300000.0,0.03894752186588921,9.0,1.0,1.0,0.06553,0.1,30.0,2.052,0.064,-0.004,1.0,1.0,True,FlowControlLab_NACA0018_quasi_steady_pressure,0.85
0.25932660326889856,0.22734437731436383,0.2606445849659313,0.19152118611392158,0.24722769683735676,0.1895640050889689,0.21884683823785184,0.20879942136857782,-0.25932660326889784,-0.22734437731436563,-0.2606445849659272,-0.1915211861139278,-0.2472276968373516,-0.18956400508897223,-0.21884683823785064,-0.20879942136857804,3.2271094574302454e-16,0.0038218495999859836,18.0,300000.0,0.038970845481049565,9.0,1.0,1.0,0.0653,0.1,30.0,2.065,0.069,0.0,1.0,1.0,True,FlowControlLab_NACA0018_quasi_steady_pressure,0.85
0.25932660326889856,0.22734437731436383,0.2606445849659313,0.19152118611392158,0.24722769683735676,0.1895640050889689,0.21884683823785184,0.20879942136857782,-0.25932660326889784,-0.22734437731436563,-0.2606445849659272,-0.1915211861139278,-0.2472276968373516,-0.18956400508897223,-0.21884683823785064,-0.20879942136857804,3.2271094574302454e-16,0.0038218495999859836,18.5,300000.0,0.038950437317784255,9.0,1.0,1.0,0.06509999999999999,0.1,30.0,2.067,0.074,0.004,1.0,1.0,True,FlowControlLab_NACA0018_quasi_steady_pressure,0.85
0.25932660326889856,0.22734437731436383,0.2606445849659313,0.19152118611392158,0.24722769683735676,0.1895640050889689,0.21884683823785184,0.20879942136857782,-0.25932660326889784,-0.22734437731436563,-0.2606445849659272,-0.1915211861139278,-0.2472276968373516,-0.18956400508897223,-0.21884683823785064,-0.20879942136857804,3.2271094574302454e-16,0.0038218495999859836,19.0,300000.0,0.03890379008746356,9.0,1.0,1.0,0.06541000000000001,0.1,30.0,2.089,0.081,0.008,1.0,1.0,True,FlowControlLab_NACA0018_quasi_steady_pressure,0.85
0.25932660326889856,0.22734437731436383,0.2606445849659313,0.19152118611392158,0.24722769683735676,0.1895640050889689,0.21884683823785184,0.20879942136857782,-0.25932660326889784,-0.22734437731436563,-0.2606445849659272,-0.1915211861139278,-0.2472276968373516,-0.18956400508897223,-0.21884683823785064,-0.20879942136857804,3.2271094574302454e-16,0.0038218495999859836,19.5,300000.0,0.03888629737609329,9.0,1.0,1.0,0.06539,0.1,30.0,2.092,0.09,0.012,1.0,1.0,True,FlowControlLab_NACA0018_quasi_steady_pressure,0.85
0.25932660326889856,0.22734437731436383,0.2606445849659313,0.19152118611392158,0.24722769683735676,0.1895640050889689,0.21884683823785184,0.20879942136857782,-0.25932660326889784,-0.22734437731436563,-0.2606445849659272,-0.1915211861139278,-0.2472276968373516,-0.18956400508897223,-0.21884683823785064,-0.20879942136857804,3.2271094574302454e-16,0.0038218495999859836,20.0,300000.0,0.03885422740524781,9.0,1.0,1.0,0.06526,0.1,30.0,2.091,0.099,0.014,1.0,1.0,True,FlowControlLab_NACA0018_quasi_steady_pressure,0.85
0.25932660326889856,0.22734437731436383,0.2606445849659313,0.19152118611392158,0.24722769683735676,0.1895640050889689,0.21884683823785184,0.20879942136857782,-0.25932660326889784,-0.22734437731436563,-0.2606445849659272,-0.1915211861139278,-0.2472276968373516,-0.18956400508897223,-0.21884683823785064,-0.20879942136857804,3.2271094574302454e-16,0.0038218495999859836,20.5,300000.0,0.03888921282798834,9.0,1.0,1.0,0.06526,0.1,30.0,2.1,0.111,0.016,1.0,1.0,True,FlowControlLab_NACA0018_quasi_steady_pressure,0.85
0.25932660326889856,0.22734437731436383,0.2606445849659313,0.19152118611392158,0.24722769683735676,0.1895640050889689,0.21884683823785184,0.20879942136857782,-0.25932660326889784,-0.22734437731436563,-0.2606445849659272,-0.1915211861139278,-0.2472276968373516,-0.18956400508897223,-0.21884683823785064,-0.20879942136857804,3.2271094574302454e-16,0.0038218495999859836,21.0,300000.0,0.0388600583090379,9.0,1.0,1.0,0.06517,0.1,30.0,2.091,0.125,0.017,1.0,1.0,True,FlowControlLab_NACA0018_quasi_steady_pressure,0.85
0.25932660326889856,0.22734437731436383,0.2606445849659313,0.19152118611392158,0.24722769683735676,0.1895640050889689,0.21884683823785184,0.20879942136857782,-0.25932660326889784,-0.22734437731436563,-0.2606445849659272,-0.1915211861139278,-0.2472276968373516,-0.18956400508897223,-0.21884683823785064,-0.20879942136857804,3.2271094574302454e-16,0.0038218495999859836,21.5,300000.0,0.03876967930029154,9.0,1.0,1.0,0.06513,0.1,30.0,2.086,0.138,0.018,1.0,1.0,True,FlowControlLab_NACA0018_quasi_steady_pressure,0.85
0.25932660326889856,0.22734437731436383,0.2606445849659313,0.19152118611392158,0.24722769683735676,0.1895640050889689,0.21884683823785184,0.20879942136857782,-0.25932660326889784,-0.22734437731436563,-0.2606445849659272,-0.1915211861139278,-0.2472276968373516,-0.18956400508897223,-0.21884683823785064,-0.20879942136857804,3.2271094574302454e-16,0.0038218495999859836,22.0,300000.0,0.038790087463556853,9.0,1.0,1.0,0.06512,0.1,30.0,2.098,0.151,0.017,1.0,1.0,True,FlowControlLab_NACA0018_quasi_steady_pressure,0.85
0.25932660326889856,0.22734437731436383,0.2606445849659313,0.19152118611392158,0.24722769683735676,0.1895640050889689,0.21884683823785184,0.20879942136857782,-0.25932660326889784,-0.22734437731436563,-0.2606445849659272,-0.1915211861139278,-0.2472276968373516,-0.18956400508897223,-0.21884683823785064,-0.20879942136857804,3.2271094574302454e-16,0.0038218495999859836,22.5,300000.0,0.038807580174927116,9.0,1.0,1.0,0.06516,0.1,30.0,2.109,0.164,0.017,1.0,1.0,True,FlowControlLab_NACA0018_quasi_steady_pressure,0.85
0.25932660326889856,0.22734437731436383,0.2606445849659313,0.19152118611392158,0.24722769683735676,0.1895640050889689,0.21884683823785184,0.20879942136857782,-0.25932660326889784,-0.22734437731436563,-0.2606445849659272,-0.1915211861139278,-0.2472276968373516,-0.18956400508897223,-0.21884683823785064,-0.20879942136857804,3.2271094574302454e-16,0.0038218495999859836,23.0,300000.0,0.038801749271137026,9.0,1.0,1.0,0.06523,0.1,30.0,2.117,0.176,0.017,1.0,1.0,True,FlowControlLab_NACA0018_quasi_steady_pressure,0.85
0.25932660326889856,0.22734437731436383,0.2606445849659313,0.19152118611392158,0.24722769683735676,0.1895640050889689,0.21884683823785184,0.20879942136857782,-0.25932660326889784,-0.22734437731436563,-0.2606445849659272,-0.1915211861139278,-0.2472276968373516,-0.18956400508897223,-0.21884683823785064,-0.20879942136857804,3.2271094574302454e-16,0.0038218495999859836,23.5,300000.0,0.038804664723032074,9.0,1.0,1.0,0.06545,0.1,30.0,2.134,0.188,0.017,1.0,1.0,True,FlowControlLab_NACA0018_quasi_steady_pressure,0.85
0.25932660326889856,0.22734437731436383,0.2606445849659313,0.19152118611392158,0.24722769683735676,0.1895640050889689,0.21884683823785184,0.20879942136857782,-0.25932660326889784,-0.22734437731436563,-0.2606445849659272,-0.1915211861139278,-0.2472276968373516,-0.18956400508897223,-0.21884683823785064,-0.20879942136857804,3.2271094574302454e-16,0.0038218495999859836,24.0,300000.0,0.03884256559766764,9.0,1.0,1.0,0.06562,0.1,30.0,2.151,0.201,0.017,1.0,1.0,True,FlowControlLab_NACA0018_quasi_steady_pressure,0.85
0.25932660326889856,0.22734437731436383,0.2606445849659313,0.19152118611392158,0.24722769683735676,0.1895640050889689,0.21884683823785184,0.20879942136857782,-0.25932660326889784,-0.22734437731436563,-0.2606445849659272,-0.1915211861139278,-0.2472276968373516,-0.18956400508897223,-0.21884683823785064,-0.20879942136857804,3.2271094574302454e-16,0.0038218495999859836,24.5,300000.0,0.03882507288629738,9.0,1.0,1.0,0.06538000000000001,0.1,30.0,2.155,0.214,0.017,1.0,1.0,True,FlowControlLab_NACA0018_quasi_steady_pressure,0.85
0.25932660326889856,0.22734437731436383,0.2606445849659313,0.19152118611392158,0.24722769683735676,0.1895640050889689,0.21884683823785184,0.20879942136857782,-0.25932660326889784,-0.22734437731436563,-0.2606445849659272,-0.1915211861139278,-0.2472276968373516,-0.18956400508897223,-0.21884683823785064,-0.20879942136857804,3.2271094574302454e-16,0.0038218495999859836,25.0,300000.0,0.03875218658892128,9.0,1.0,1.0,0.06514,0.1,30.0,2.168,0.232,0.011,1.0,1.0,True,FlowControlLab_NACA0018_quasi_steady_pressure,0.85
0.25932660326889856,0.22734437731436383,0.2606445849659313,0.19152118611392158,0.24722769683735676,0.1895640050889689,0.21884683823785184,0.20879942136857782,-0.25932660326889784,-0.22734437731436563,-0.2606445849659272,-0.1915211861139278,-0.2472276968373516,-0.18956400508897223,-0.21884683823785064,-0.20879942136857804,3.2271094574302454e-16,0.0038218495999859836,25.5,300000.0,0.038723032069970846,9.0,1.0,1.0,0.06519,0.1,30.0,2.207,0.275,-0.014,1.0,1.0,True,FlowControlLab_NACA0018_quasi_steady_pressure,0.85
0.25932660326889856,0.22734437731436383,0.2606445849659313,0.19152118611392158,0.24722769683735676,0.1895640050889689,0.21884683823785184,0.20879942136857782,-0.25932660326889784,-0.22734437731436563,-0.2606445849659272,-0.1915211861139278,-0.2472276968373516,-0.18956400508897223,-0.21884683823785064,-0.20879942136857804,3.2271094574302454e-16,0.0038218495999859836,26.0,300000.0,0.03874635568513119,9.0,1.0,1.0,0.06527999999999999,0.1,30.0,2.232,0.341,-0.053,1.0,1.0,True,FlowControlLab_NACA0018_quasi_steady_pressure,0.85
0.25932660326889856,0.22734437731436383,0.2606445849659313,0.19152118611392158,0.24722769683735676,0.1895640050889689,0.21884683823785184,0.20879942136857782,-0.25932660326889784,-0.22734437731436563,-0.2606445849659272,-0.1915211861139278,-0.2472276968373516,-0.18956400508897223,-0.21884683823785064,-0.20879942136857804,3.2271094574302454e-16,0.0038218495999859836,26.5,300000.0,0.038772594752186584,9.0,1.0,1.0,0.06545,0.1,30.0,2.239,0.404,-0.085,1.0,1.0,True,FlowControlLab_NACA0018_quasi_steady_pressure,0.85
0.25932660326889856,0.22734437731436383,0.2606445849659313,0.19152118611392158,0.24722769683735676,0.1895640050889689,0.21884683823785184,0.20879942136857782,-0.25932660326889784,-0.22734437731436563,-0.2606445849659272,-0.1915211861139278,-0.2472276968373516,-0.18956400508897223,-0.21884683823785064,-0.20879942136857804,3.2271094574302454e-16,0.0038218495999859836,27.0,300000.0,0.038711370262390674,9.0,1.0,1.0,0.06591,0.1,30.0,2.251,0.454,-0.102,1.0,1.0,True,FlowControlLab_NACA0018_quasi_steady_pressure,0.85
0.25932660326889856,0.22734437731436383,0.2606445849659313,0.19152118611392158,0.24722769683735676,0.1895640050889689,0.21884683823785184,0.20879942136857782,-0.25932660326889784,-0.22734437731436563,-0.2606445849659272,-0.1915211861139278,-0.2472276968373516,-0.18956400508897223,-0.21884683823785064,-0.20879942136857804,3.2271094574302454e-16,0.0038218495999859836,27.5,300000.0,0.03872594752186589,9.0,1.0,1.0,0.06606,0.1,30.0,2.246,0.498,-0.115,1.0,1.0,True,FlowControlLab_NACA0018_quasi_steady_pressure,0.85
0.25932660326889856,0.22734437731436383,0.2606445849659313,0.19152118611392158,0.24722769683735676,0.1895640050889689,0.21884683823785184,0.20879942136857782,-0.25932660326889784,-0.22734437731436563,-0.2606445849659272,-0.1915211861139278,-0.2472276968373516,-0.18956400508897223,-0.21884683823785064,-0.20879942136857804,3.2271094574302454e-16,0.0038218495999859836,28.0,300000.0,0.03873760932944607,9.0,1.0,1.0,0.06583,0.1,30.0,2.237,0.543,-0.13,1.0,1.0,True,FlowControlLab_NACA0018_quasi_steady_pressure,0.85
0.25932660326889856,0.22734437731436383,0.2606445849659313,0.19152118611392158,0.24722769683735676,0.1895640050889689,0.21884683823785184,0.20879942136857782,-0.25932660326889784,-0.22734437731436563,-0.2606445849659272,-0.1915211861139278,-0.2472276968373516,-0.18956400508897223,-0.21884683823785064,-0.20879942136857804,3.2271094574302454e-16,0.0038218495999859836,28.5,300000.0,0.03866763848396501,9.0,1.0,1.0,0.06573999999999999,0.1,30.0,2.234,0.587,-0.142,1.0,1.0,True,FlowControlLab_NACA0018_quasi_steady_pressure,0.85
0.25932660326889856,0.22734437731436383,0.2606445849659313,0.19152118611392158,0.24722769683735676,0.1895640050889689,0.21884683823785184,0.20879942136857782,-0.25932660326889784,-0.22734437731436563,-0.2606445849659272,-0.1915211861139278,-0.2472276968373516,-0.18956400508897223,-0.21884683823785064,-0.20879942136857804,3.2271094574302454e-16,0.0038218495999859836,29.0,300000.0,0.0386064139941691,9.0,1.0,1.0,0.06591,0.1,30.0,2.224,0.623,-0.152,1.0,1.0,True,FlowControlLab_NACA0018_quasi_steady_pressure,0.85
0.25932660326889856,0.22734437731436383,0.2606445849659313,0.19152118611392158,0.24722769683735676,0.1895640050889689,0.21884683823785184,0.20879942136857782,-0.25932660326889784,-0.22734437731436563,-0.2606445849659272,-0.1915211861139278,-0.2472276968373516,-0.18956400508897223,-0.21884683823785064,-0.20879942136857804,3.2271094574302454e-16,0.0038218495999859836,29.5,300000.0,0.038521865889212824,9.0,1.0,1.0,0.06611,0.1,30.0,2.214,0.651,-0.161,1.0,1.0,True,FlowControlLab_NACA0018_quasi_steady_pressure,0.85
0.25932660326889856,0.22734437731436383,0.2606445849659313,0.19152118611392158,0.24722769683735676,0.1895640050889689,0.21884683823785184,0.20879942136857782,-0.25932660326889784,-0.22734437731436563,-0.2606445849659272,-0.1915211861139278,-0.2472276968373516,-0.18956400508897223,-0.21884683823785064,-0.20879942136857804,3.2271094574302454e-16,0.0038218495999859836,30.0,300000.0,0.03849271137026239,9.0,1.0,1.0,0.06631000000000001,0.1,30.0,2.225,0.701,-0.179,1.0,1.0,True,FlowControlLab_NACA0018_quasi_steady_pressure,0.85
0.25932660326889856,0.22734437731436383,0.2606445849659313,0.19152118611392158,0.24722769683735676,0.1895640050889689,0.21884683823785184,0.20879942136857782,-0.25932660326889784,-0.22734437731436563,-0.2606445849659272,-0.1915211861139278,-0.2472276968373516,-0.18956400508897223,-0.21884683823785064,-0.20879942136857804,3.2271094574302454e-16,0.0038218495999859836,30.5,300000.0,0.03851603498542274,9.0,1.0,1.0,0.06616,0.1,30.0,2.194,0.746,-0.193,1.0,1.0,True,FlowControlLab_NACA0018_quasi_steady_pressure,0.85
0.25932660326889856,0.22734437731436383,0.2606445849659313,0.19152118611392158,0.24722769683735676,0.1895640050889689,0.21884683823785184,0.20879942136857782,-0.25932660326889784,-0.22734437731436563,-0.2606445849659272,-0.1915211861139278,-0.2472276968373516,-0.18956400508897223,-0.21884683823785064,-0.20879942136857804,3.2271094574302454e-16,0.0038218495999859836,31.0,300000.0,0.038478134110787175,9.0,1.0,1.0,0.0661,0.1,30.0,2.119,0.78,-0.202,1.0,1.0,True,FlowControlLab_NACA0018_quasi_steady_pressure,0.85
0.25932660326889856,0.22734437731436383,0.2606445849659313,0.19152118611392158,0.24722769683735676,0.1895640050889689,0.21884683823785184,0.20879942136857782,-0.25932660326889784,-0.22734437731436563,-0.2606445849659272,-0.1915211861139278,-0.2472276968373516,-0.18956400508897223,-0.21884683823785064,-0.20879942136857804,3.2271094574302454e-16,0.0038218495999859836,31.5,300000.0,0.038379008746355685,9.0,1.0,1.0,0.06652999999999999,0.1,30.0,1.918,0.815,-0.205,1.0,1.0,True,FlowControlLab_NACA0018_quasi_steady_pressure,0.85
0.25932660326889856,0.22734437731436383,0.2606445849659313,0.19152118611392158,0.24722769683735676,0.1895640050889689,0.21884683823785184,0.20879942136857782,-0.25932660326889784,-0.22734437731436563,-0.2606445849659272,-0.1915211861139278,-0.2472276968373516,-0.18956400508897223,-0.21884683823785064,-0.20879942136857804,3.2271094574302454e-16,0.0038218495999859836,32.0,300000.0,0.03832361516034985,9.0,1.0,1.0,0.06668,0.1,30.0,1.556,0.786,-0.175,1.0,1.0,True,FlowControlLab_NACA0018_quasi_steady_pressure,0.85
